date,avg_temp,daylight_hours,bad_weather,hours_overcast
2009-01-01,20,919,0,0
2009-01-02,28,920,1,20
2009-01-03,34,921,0,0
2009-01-04,34,922,0,8
2009-01-05,40,923,0,13
2009-01-06,34,924,1,17
2009-01-07,34,924,1,41
2009-01-08,34,925,0,8
2009-01-09,29,926,0,4
2009-01-10,26,927,1,39
2009-01-11,28,929,1,28
2009-01-12,27,931,0,1
2009-01-13,34,932,0,2
2009-01-14,26,933,0,10
2009-01-15,18,935,1,32
2009-01-16,12,936,0,1
2009-01-17,14,938,0,9
2009-01-18,28,939,1,43
2009-01-19,30,941,1,39
2009-01-20,24,943,0,0
2009-01-21,22,985,0,3
2009-01-22,28,986,0,3
2009-01-23,39,988,0,0
2009-01-24,32,990,0,0
2009-01-25,20,993,0,7
2009-01-26,24,994,0,4
2009-01-27,27,996,0,18
2009-01-28,32,998,1,65
2009-01-29,31,1001,0,0
2009-01-30,30,1003,1,11
2009-01-31,24,1005,0,2
2009-02-01,39,1007,0,3
2009-02-02,44,1009,0,11
2009-02-03,30,1012,1,56
2009-02-04,24,1014,0,6
2009-02-05,18,1016,0,0
2009-02-06,24,1018,0,10
2009-02-07,39,1021,0,8
2009-02-08,48,1063,0,2
2009-02-09,39,1065,0,0
2009-02-10,42,1067,0,7
2009-02-11,55,1071,1,8
2009-02-12,50,1073,1,20
2009-02-13,38,1075,0,8
2009-02-14,34,1077,0,14
2009-02-15,35,1080,0,2
2009-02-16,34,1083,0,0
2009-02-17,32,1085,0,0
2009-02-18,38,1088,1,26
2009-02-19,38,1090,1,13
2009-02-20,28,1092,0,7
2009-02-21,34,1096,0,0
2009-02-22,38,1098,1,20
2009-02-23,29,1101,0,0
2009-02-24,30,1103,0,1
2009-02-25,33,1106,0,1
2009-02-26,42,1108,0,8
2009-02-27,52,1112,1,10
2009-02-28,42,1114,0,2
2009-03-01,32,1117,1,38
2009-03-02,22,1119,1,56
2009-03-03,19,1122,0,3
2009-03-04,26,1124,0,0
2009-03-05,36,1127,0,0
2009-03-06,46,1130,0,10
2009-03-07,60,1133,1,0
2009-03-08,56,1136,1,10
2009-03-09,44,1138,1,38
2009-03-10,42,1141,1,25
2009-03-11,50,1143,1,25
2009-03-12,38,1146,0,0
2009-03-13,34,1189,0,5
2009-03-14,42,1191,0,2
2009-03-15,46,1194,1,22
2009-03-16,44,1197,0,6
2009-03-17,46,1200,0,8
2009-03-18,52,1203,0,0
2009-03-19,48,1206,1,20
2009-03-20,40,1208,1,30
2009-03-21,40,1251,0,0
2009-03-22,44,1254,0,5
2009-03-23,36,1256,0,0
2009-03-24,38,1259,0,0
2009-03-25,44,1262,0,0
2009-03-26,44,1264,1,42
2009-03-27,54,1267,1,3
2009-03-28,51,1269,1,25
2009-03-29,47,1272,1,55
2009-03-30,47,1275,0,9
2009-03-31,49,1277,0,0
2009-04-01,46,1280,1,39
2009-04-02,54,1283,1,36
2009-04-03,54,1286,1,52
2009-04-04,50,1289,0,22
2009-04-05,55,1292,0,4
2009-04-06,50,1294,1,42
2009-04-07,44,1297,0,22
2009-04-08,42,1299,0,12
2009-04-09,52,1302,0,0
2009-04-10,52,1305,1,17
2009-04-11,46,1307,1,32
2009-04-12,42,1310,0,0
2009-04-13,46,1312,0,1
2009-04-14,47,1315,1,31
2009-04-15,50,1317,1,17
2009-04-16,54,1320,0,0
2009-04-17,56,1323,0,0
2009-04-18,66,1325,0,4
2009-04-19,55,1328,0,3
2009-04-20,46,1330,1,39
2009-04-21,54,1333,1,43
2009-04-22,52,1335,1,12
2009-04-23,50,1338,0,5
2009-04-24,60,1341,0,0
2009-04-25,70,1343,0,0
2009-04-26,80,1346,0,0
2009-04-27,71,1348,0,0
2009-04-28,80,1390,0,4
2009-04-29,59,1393,1,5
2009-04-30,54,1395,1,17
2009-05-01,62,1397,1,41
2009-05-02,61,1400,1,11
2009-05-03,56,1402,1,63
2009-05-04,54,1404,1,72
2009-05-05,52,1406,1,70
2009-05-06,57,1408,1,40
2009-05-07,60,1411,1,42
2009-05-08,65,1413,0,5
2009-05-09,67,1455,1,25
2009-05-10,62,1457,0,1
2009-05-11,58,1459,0,2
2009-05-12,60,1461,0,8
2009-05-13,58,1463,0,0
2009-05-14,62,1465,1,18
2009-05-15,68,1467,1,9
2009-05-16,64,1469,1,33
2009-05-17,59,1471,1,17
2009-05-18,54,1473,0,9
2009-05-19,56,1475,0,0
2009-05-20,67,1477,0,0
2009-05-21,73,1478,0,0
2009-05-22,73,1480,0,0
2009-05-23,66,1482,0,0
2009-05-24,72,1483,1,8
2009-05-25,72,1484,0,3
2009-05-26,60,1486,1,8
2009-05-27,59,1488,1,25
2009-05-28,58,1489,1,59
2009-05-29,64,1491,1,39
2009-05-30,68,1491,0,2
2009-05-31,69,1493,0,2
2009-06-01,60,1494,0,6
2009-06-02,70,1496,1,8
2009-06-03,63,1496,1,28
2009-06-04,62,1497,1,35
2009-06-05,58,1499,1,51
2009-06-06,66,1499,1,17
2009-06-07,72,1500,1,1
2009-06-08,68,1500,1,12
2009-06-09,66,1502,1,57
2009-06-10,63,1503,1,50
2009-06-11,62,1503,1,49
2009-06-12,71,1504,1,31
2009-06-13,67,1504,1,22
2009-06-14,66,1504,1,16
2009-06-15,64,1505,1,22
2009-06-16,63,1505,0,15
2009-06-17,62,1506,1,5
2009-06-18,62,1506,1,67
2009-06-19,70,1506,1,32
2009-06-20,67,1506,1,33
2009-06-21,70,1506,1,38
2009-06-22,70,1506,0,21
2009-06-23,73,1506,1,24
2009-06-24,70,1506,1,39
2009-06-25,72,1505,1,13
2009-06-26,74,1505,1,13
2009-06-27,72,1505,1,2
2009-06-28,73,1504,0,8
2009-06-29,73,1504,0,4
2009-06-30,74,1503,1,22
2009-07-01,74,1503,1,11
2009-07-02,71,1502,1,37
2009-07-03,72,1502,0,9
2009-07-04,72,1501,0,0
2009-07-05,70,1500,0,0
2009-07-06,73,1499,0,0
2009-07-07,70,1499,1,10
2009-07-08,68,1497,0,0
2009-07-09,67,1496,0,7
2009-07-10,69,1496,0,0
2009-07-11,70,1494,1,13
2009-07-12,72,1493,1,16
2009-07-13,70,1491,0,5
2009-07-14,70,1491,0,0
2009-07-15,72,1489,0,0
2009-07-16,77,1488,0,3
2009-07-17,77,1486,1,16
2009-07-18,76,1484,1,23
2009-07-19,72,1484,0,0
2009-07-20,74,1482,0,1
2009-07-21,68,1480,1,56
2009-07-22,73,1478,1,8
2009-07-23,70,1476,1,28
2009-07-24,70,1475,1,13
2009-07-25,74,1473,0,1
2009-07-26,76,1472,1,14
2009-07-27,76,1470,1,8
2009-07-28,78,1468,0,5
2009-07-29,76,1466,1,27
2009-07-30,78,1464,0,6
2009-07-31,76,1462,1,33
2009-08-01,74,1460,0,2
2009-08-02,70,1458,1,33
2009-08-03,77,1455,0,1
2009-08-04,76,1453,0,0
2009-08-05,79,1451,1,0
2009-08-06,72,1449,0,0
2009-08-07,72,1447,0,0
2009-08-08,70,1445,0,2
2009-08-09,74,1402,1,26
2009-08-10,80,1400,1,9
2009-08-11,82,1398,0,0
2009-08-12,75,1355,0,16
2009-08-13,70,1353,1,33
2009-08-14,76,1351,0,0
2009-08-15,79,1348,1,0
2009-08-16,82,1346,0,0
2009-08-17,84,1343,0,0
2009-08-18,79,1341,1,2
2009-08-19,80,1339,0,3
2009-08-20,82,1336,1,0
2009-08-21,80,1334,1,3
2009-08-22,76,1331,1,23
2009-08-23,78,1329,1,4
2009-08-24,76,1326,0,0
2009-08-25,76,1324,0,0
2009-08-26,78,1321,1,3
2009-08-27,72,1319,0,16
2009-08-28,68,1316,1,45
2009-08-29,70,1313,1,52
2009-08-30,74,1311,1,24
2009-08-31,67,1308,0,1
2009-09-01,66,1306,0,0
2009-09-02,67,1304,0,0
2009-09-03,70,1301,0,5
2009-09-04,72,1299,0,10
2009-09-05,76,1296,0,4
2009-09-06,69,1293,0,3
2009-09-07,67,1291,0,2
2009-09-08,68,1288,0,1
2009-09-09,70,1285,0,3
2009-09-10,64,1283,0,9
2009-09-11,61,1280,1,55
2009-09-12,65,1277,1,62
2009-09-13,72,1275,0,12
2009-09-14,68,1272,0,0
2009-09-15,70,1269,0,2
2009-09-16,66,1267,0,30
2009-09-17,59,1264,1,18
2009-09-18,65,1261,0,8
2009-09-19,62,1219,0,0
2009-09-20,64,1216,0,0
2009-09-21,66,1213,0,0
2009-09-22,68,1210,0,6
2009-09-23,74,1208,0,7
2009-09-24,74,1205,1,1
2009-09-25,62,1202,0,0
2009-09-26,60,1200,1,13
2009-09-27,64,1197,1,52
2009-09-28,65,1194,1,9
2009-09-29,60,1192,0,8
2009-09-30,54,1189,0,7
2009-10-01,51,1186,0,13
2009-10-02,56,1184,1,9
2009-10-03,66,1181,1,33
2009-10-04,66,1178,1,7
2009-10-05,60,1176,0,3
2009-10-06,58,1173,0,4
2009-10-07,63,1170,1,17
2009-10-08,58,1168,0,4
2009-10-09,64,1125,1,22
2009-10-10,58,1123,1,12
2009-10-11,55,1119,0,0
2009-10-12,48,1117,0,5
2009-10-13,55,1114,0,16
2009-10-14,47,1111,0,5
2009-10-15,42,1109,1,24
2009-10-16,42,1106,1,29
2009-10-17,45,1104,1,17
2009-10-18,43,1101,1,30
2009-10-19,46,1099,0,0
2009-10-20,55,1096,0,0
2009-10-21,60,1094,0,4
2009-10-22,64,1091,0,0
2009-10-23,56,1088,1,19
2009-10-24,59,1086,1,51
2009-10-25,56,1083,0,0
2009-10-26,53,1081,0,0
2009-10-27,52,1039,1,35
2009-10-28,54,1036,1,54
2009-10-29,53,1033,0,23
2009-10-30,56,1031,0,20
2009-10-31,63,1029,1,45
2009-11-01,54,1026,0,7
2009-11-02,50,1024,0,14
2009-11-03,52,1022,0,1
2009-11-04,46,1019,0,4
2009-11-05,48,1017,1,15
2009-11-06,44,1015,0,3
2009-11-07,44,1013,0,0
2009-11-08,58,1010,0,2
2009-11-09,58,1007,1,0
2009-11-10,60,1005,1,1
2009-11-11,52,1003,0,8
2009-11-12,48,1002,1,10
2009-11-13,52,1000,1,26
2009-11-14,54,998,1,55
2009-11-15,60,995,1,23
2009-11-16,54,993,0,1
2009-11-17,50,991,0,8
2009-11-18,48,990,0,8
2009-11-19,53,988,1,43
2009-11-20,54,986,1,17
2009-11-21,52,984,0,0
2009-11-22,50,982,0,5
2009-11-23,47,980,1,27
2009-11-24,53,979,0,19
2009-11-25,50,977,1,44
2009-11-26,54,976,1,29
2009-11-27,46,974,0,29
2009-11-28,46,973,0,4
2009-11-29,49,972,0,0
2009-11-30,48,970,1,23
2009-12-01,41,929,0,3
2009-12-02,48,927,1,15
2009-12-03,58,926,1,26
2009-12-04,48,925,0,0
2009-12-05,39,924,1,33
2009-12-06,36,923,0,4
2009-12-07,36,922,0,7
2009-12-08,39,921,0,3
2009-12-09,43,920,1,41
2009-12-10,36,919,0,3
2009-12-11,25,918,0,0
2009-12-12,31,917,0,0
2009-12-13,43,918,1,34
2009-12-14,43,917,0,8
2009-12-15,47,916,1,23
2009-12-16,35,915,0,0
2009-12-17,26,916,0,4
2009-12-18,23,915,0,1
2009-12-19,26,915,1,41
2009-12-20,28,915,1,28
2009-12-21,32,914,0,0
2009-12-22,30,915,0,1
2009-12-23,25,914,0,3
2009-12-24,32,915,0,1
2009-12-25,36,916,1,30
2009-12-26,46,915,1,55
2009-12-27,48,916,1,23
2009-12-28,36,917,0,10
2009-12-29,24,916,0,1
2009-12-30,26,917,0,1
2009-12-31,32,918,0,37
2010-01-01,36,919,1,43
2010-01-02,26,920,1,19
2010-01-03,20,921,1,19
2010-01-04,24,922,0,1
2010-01-05,25,923,0,9
2010-01-06,30,924,1,11
2010-01-07,34,924,0,8
2010-01-08,28,925,1,36
2010-01-09,24,926,0,0
2010-01-10,21,927,0,0
2010-01-11,26,929,0,5
2010-01-12,30,931,0,9
2010-01-13,30,932,0,7
2010-01-14,36,933,0,0
2010-01-15,42,935,0,11
2010-01-16,44,936,0,8
2010-01-17,40,938,1,27
2010-01-18,44,939,1,25
2010-01-19,44,941,0,18
2010-01-20,38,943,0,1
2010-01-21,36,985,0,0
2010-01-22,38,986,0,0
2010-01-23,34,988,0,0
2010-01-24,41,990,1,34
2010-01-25,53,993,1,46
2010-01-26,42,994,1,14
2010-01-27,35,996,0,3
2010-01-28,31,998,1,21
2010-01-29,20,1001,0,0
2010-01-30,16,1003,0,10
2010-01-31,22,1005,0,1
2010-02-01,30,1007,0,0
2010-02-02,30,1009,1,13
2010-02-03,34,1012,1,30
2010-02-04,32,1014,0,0
2010-02-05,32,1016,0,5
2010-02-06,26,1018,1,26
2010-02-07,26,1021,0,0
2010-02-08,30,1063,0,0
2010-02-09,35,1065,1,12
2010-02-10,32,1067,1,41
2010-02-11,32,1071,0,0
2010-02-12,32,1073,0,0
2010-02-13,28,1075,0,5
2010-02-14,34,1077,0,10
2010-02-15,34,1080,1,18
2010-02-16,31,1083,1,46
2010-02-17,30,1085,0,14
2010-02-18,36,1088,0,15
2010-02-19,39,1090,0,19
2010-02-20,40,1092,0,1
2010-02-21,40,1096,0,0
2010-02-22,37,1098,1,11
2010-02-23,36,1101,1,47
2010-02-24,39,1103,1,52
2010-02-25,32,1106,1,47
2010-02-26,30,1108,1,45
2010-02-27,34,1112,1,20
2010-02-28,36,1114,0,15
2010-03-01,42,1117,0,1
2010-03-02,42,1119,1,11
2010-03-03,38,1122,1,34
2010-03-04,41,1124,0,19
2010-03-05,42,1127,1,15
2010-03-06,43,1130,0,0
2010-03-07,47,1133,0,0
2010-03-08,51,1136,0,0
2010-03-09,52,1138,0,0
2010-03-10,50,1141,0,8
2010-03-11,48,1143,0,23
2010-03-12,41,1146,1,35
2010-03-13,42,1189,1,51
2010-03-14,46,1191,1,34
2010-03-15,44,1194,1,31
2010-03-16,52,1197,0,8
2010-03-17,54,1200,0,0
2010-03-18,60,1203,0,0
2010-03-19,60,1206,0,0
2010-03-20,64,1208,0,0
2010-03-21,58,1251,0,4
2010-03-22,54,1254,1,58
2010-03-23,49,1256,1,47
2010-03-24,52,1259,0,3
2010-03-25,55,1262,1,6
2010-03-26,43,1264,1,16
2010-03-27,36,1267,0,0
2010-03-28,42,1269,1,26
2010-03-29,50,1272,1,61
2010-03-30,46,1275,1,62
2010-03-31,51,1277,1,31
2010-04-01,59,1280,0,6
2010-04-02,58,1283,0,0
2010-04-03,57,1286,1,2
2010-04-04,62,1289,1,5
2010-04-05,66,1292,0,0
2010-04-06,68,1294,0,3
2010-04-07,74,1297,1,0
2010-04-08,72,1299,0,0
2010-04-09,56,1302,1,32
2010-04-10,52,1305,0,7
2010-04-11,64,1307,0,8
2010-04-12,60,1310,0,0
2010-04-13,52,1312,0,10
2010-04-14,56,1315,0,0
2010-04-15,62,1317,0,6
2010-04-16,52,1320,1,30
2010-04-17,50,1323,1,38
2010-04-18,50,1325,0,9
2010-04-19,54,1328,0,3
2010-04-20,58,1330,0,0
2010-04-21,61,1333,1,4
2010-04-22,62,1335,1,4
2010-04-23,56,1338,0,0
2010-04-24,57,1341,0,4
2010-04-25,49,1343,1,57
2010-04-26,50,1346,1,40
2010-04-27,50,1348,1,28
2010-04-28,48,1390,0,7
2010-04-29,57,1393,0,0
2010-04-30,67,1395,0,1
2010-05-01,74,1397,0,0
2010-05-02,77,1400,0,1
2010-05-03,74,1402,1,28
2010-05-04,72,1404,0,2
2010-05-05,69,1406,0,0
2010-05-06,68,1408,0,0
2010-05-07,62,1411,0,0
2010-05-08,62,1413,1,3
2010-05-09,48,1455,0,10
2010-05-10,51,1457,0,0
2010-05-11,50,1459,1,6
2010-05-12,46,1461,1,46
2010-05-13,55,1463,0,3
2010-05-14,68,1465,1,12
2010-05-15,66,1467,0,0
2010-05-16,63,1469,0,1
2010-05-17,64,1471,0,1
2010-05-18,56,1473,1,44
2010-05-19,57,1475,1,35
2010-05-20,67,1477,0,5
2010-05-21,73,1478,0,0
2010-05-22,66,1480,0,7
2010-05-23,64,1482,1,25
2010-05-24,66,1483,1,25
2010-05-25,72,1484,1,0
2010-05-26,78,1486,0,0
2010-05-27,69,1488,1,20
2010-05-28,63,1489,0,10
2010-05-29,69,1491,0,13
2010-05-30,76,1491,0,0
2010-05-31,78,1493,1,0
2010-06-01,76,1494,1,5
2010-06-02,77,1496,0,1
2010-06-03,77,1496,1,1
2010-06-04,80,1497,0,1
2010-06-05,82,1499,0,2
2010-06-06,75,1499,1,1
2010-06-07,66,1500,0,1
2010-06-08,66,1500,0,3
2010-06-09,62,1502,1,34
2010-06-10,66,1503,1,33
2010-06-11,64,1503,0,1
2010-06-12,70,1504,1,6
2010-06-13,72,1504,1,37
2010-06-14,72,1504,1,34
2010-06-15,72,1505,0,0
2010-06-16,70,1505,0,15
2010-06-17,70,1506,1,17
2010-06-18,73,1506,0,0
2010-06-19,72,1506,0,0
2010-06-20,80,1506,1,3
2010-06-21,79,1506,0,0
2010-06-22,79,1506,1,8
2010-06-23,80,1506,1,0
2010-06-24,84,1506,0,2
2010-06-25,79,1505,0,0
2010-06-26,80,1505,0,4
2010-06-27,81,1505,1,0
2010-06-28,84,1504,1,2
2010-06-29,80,1504,0,5
2010-06-30,70,1503,0,0
2010-07-01,70,1503,0,3
2010-07-02,72,1502,0,1
2010-07-03,77,1502,0,0
2010-07-04,84,1501,0,0
2010-07-05,88,1500,0,0
2010-07-06,92,1499,0,2
2010-07-07,90,1499,0,2
2010-07-08,83,1497,1,7
2010-07-09,82,1496,1,5
2010-07-10,78,1496,0,3
2010-07-11,82,1494,1,1
2010-07-12,84,1493,0,1
2010-07-13,78,1491,1,22
2010-07-14,76,1491,1,45
2010-07-15,80,1489,1,13
2010-07-16,84,1488,1,8
2010-07-17,85,1486,0,0
2010-07-18,86,1484,0,0
2010-07-19,82,1484,1,3
2010-07-20,82,1482,0,0
2010-07-21,84,1480,0,2
2010-07-22,82,1478,0,0
2010-07-23,80,1476,1,3
2010-07-24,88,1475,0,1
2010-07-25,82,1473,1,6
2010-07-26,78,1472,0,0
2010-07-27,80,1470,0,0
2010-07-28,82,1468,0,2
2010-07-29,82,1466,1,3
2010-07-30,76,1464,0,2
2010-07-31,76,1462,0,1
2010-08-01,75,1460,0,5
2010-08-02,77,1458,1,2
2010-08-03,79,1455,0,8
2010-08-04,83,1453,1,3
2010-08-05,86,1451,1,1
2010-08-06,80,1449,1,2
2010-08-07,78,1447,1,4
2010-08-08,81,1445,0,10
2010-08-09,84,1402,1,0
2010-08-10,85,1400,1,2
2010-08-11,84,1398,1,2
2010-08-12,72,1355,1,17
2010-08-13,75,1353,0,11
2010-08-14,74,1351,1,0
2010-08-15,72,1348,1,24
2010-08-16,78,1346,1,17
2010-08-17,82,1343,1,0
2010-08-18,79,1341,1,0
2010-08-19,80,1339,1,1
2010-08-20,82,1336,1,0
2010-08-21,76,1334,1,2
2010-08-22,74,1331,1,70
2010-08-23,68,1329,1,56
2010-08-24,67,1326,1,28
2010-08-25,66,1324,1,51
2010-08-26,74,1321,0,3
2010-08-27,70,1319,1,0
2010-08-28,72,1316,0,0
2010-08-29,80,1313,1,0
2010-08-30,82,1311,1,0
2010-08-31,86,1308,1,0
2010-09-01,86,1306,1,0
2010-09-02,86,1304,1,0
2010-09-03,80,1301,1,3
2010-09-04,72,1299,1,3
2010-09-05,70,1296,0,0
2010-09-06,70,1293,0,0
2010-09-07,78,1291,0,0
2010-09-08,78,1288,1,0
2010-09-09,66,1285,0,9
2010-09-10,68,1283,1,9
2010-09-11,69,1280,0,1
2010-09-12,63,1277,1,31
2010-09-13,68,1275,1,27
2010-09-14,68,1272,1,1
2010-09-15,64,1269,0,0
2010-09-16,64,1267,1,25
2010-09-17,65,1264,1,27
2010-09-18,64,1261,1,21
2010-09-19,71,1219,1,6
2010-09-20,66,1216,1,0
2010-09-21,64,1213,0,0
2010-09-22,76,1210,1,2
2010-09-23,74,1208,1,2
2010-09-24,76,1205,1,5
2010-09-25,78,1202,1,2
2010-09-26,68,1200,1,5
2010-09-27,66,1197,1,56
2010-09-28,72,1194,1,32
2010-09-29,70,1192,1,7
2010-09-30,72,1189,1,45
2010-10-01,66,1186,1,57
2010-10-02,59,1184,0,0
2010-10-03,57,1181,1,9
2010-10-04,54,1178,1,47
2010-10-05,57,1176,1,27
2010-10-06,59,1173,1,17
2010-10-07,62,1170,0,4
2010-10-08,64,1168,0,0
2010-10-09,63,1125,0,0
2010-10-10,58,1123,0,0
2010-10-11,66,1119,1,15
2010-10-12,62,1117,1,22
2010-10-13,56,1114,0,0
2010-10-14,56,1111,1,28
2010-10-15,53,1109,1,36
2010-10-16,54,1106,0,6
2010-10-17,58,1104,0,1
2010-10-18,55,1101,0,6
2010-10-19,53,1099,1,14
2010-10-20,53,1096,1,0
2010-10-21,56,1094,1,6
2010-10-22,50,1091,0,9
2010-10-23,54,1088,0,9
2010-10-24,60,1086,1,3
2010-10-25,64,1083,1,6
2010-10-26,68,1081,1,19
2010-10-27,70,1039,1,40
2010-10-28,65,1036,1,11
2010-10-29,52,1033,0,9
2010-10-30,50,1031,0,0
2010-10-31,50,1029,0,4
2010-11-01,43,1026,0,0
2010-11-02,43,1024,0,0
2010-11-03,48,1022,0,2
2010-11-04,49,1019,1,48
2010-11-05,48,1017,1,35
2010-11-06,46,1015,0,3
2010-11-07,44,1013,1,0
2010-11-08,42,1010,1,11
2010-11-09,48,1007,1,9
2010-11-10,51,1005,1,9
2010-11-11,49,1003,0,0
2010-11-12,54,1002,0,0
2010-11-13,55,1000,0,0
2010-11-14,54,998,0,3
2010-11-15,54,995,1,32
2010-11-16,56,993,1,59
2010-11-17,56,991,1,16
2010-11-18,50,990,0,8
2010-11-19,44,988,0,0
2010-11-20,48,986,0,1
2010-11-21,44,984,0,1
2010-11-22,55,982,1,15
2010-11-23,56,980,1,1
2010-11-24,46,979,0,1
2010-11-25,42,977,1,20
2010-11-26,46,976,1,24
2010-11-27,38,974,0,1
2010-11-28,40,973,0,0
2010-11-29,42,972,0,1
2010-11-30,50,970,1,27
2010-12-01,50,929,1,53
2010-12-02,38,927,0,1
2010-12-03,36,926,0,7
2010-12-04,36,925,0,8
2010-12-05,32,924,0,14
2010-12-06,32,923,0,18
2010-12-07,33,922,0,16
2010-12-08,30,921,0,0
2010-12-09,26,920,0,2
2010-12-10,30,919,0,17
2010-12-11,40,918,0,2
2010-12-12,48,917,1,61
2010-12-13,35,918,1,50
2010-12-14,21,917,1,27
2010-12-15,24,916,0,2
2010-12-16,26,915,0,5
2010-12-17,30,916,0,1
2010-12-18,32,915,0,2
2010-12-19,34,915,1,15
2010-12-20,31,915,1,0
2010-12-21,33,914,1,1
2010-12-22,33,915,1,11
2010-12-23,32,914,0,10
2010-12-24,34,915,0,0
2010-12-25,28,916,0,15
2010-12-26,26,915,1,31
2010-12-27,24,916,1,19
2010-12-28,31,917,0,8
2010-12-29,34,916,0,13
2010-12-30,34,917,1,0
2010-12-31,40,918,0,1
2011-01-01,46,919,1,8
2011-01-02,44,920,1,40
2011-01-03,32,921,0,0
2011-01-04,35,922,0,4
2011-01-05,34,923,0,0
2011-01-06,30,924,0,14
2011-01-07,29,924,1,36
2011-01-08,27,925,1,18
2011-01-09,29,926,0,2
2011-01-10,30,927,0,0
2011-01-11,27,929,1,22
2011-01-12,28,931,1,30
2011-01-13,24,932,0,0
2011-01-14,24,933,0,1
2011-01-15,30,935,0,15
2011-01-16,32,936,0,3
2011-01-17,23,938,0,20
2011-01-18,32,939,1,52
2011-01-19,38,941,1,29
2011-01-20,32,943,0,11
2011-01-21,25,985,1,25
2011-01-22,18,986,0,0
2011-01-23,18,988,0,0
2011-01-24,15,990,0,6
2011-01-25,30,993,1,35
2011-01-26,32,994,1,47
2011-01-27,32,996,1,14
2011-01-28,31,998,1,37
2011-01-29,32,1001,1,23
2011-01-30,33,1003,1,5
2011-01-31,26,1005,1,5
2011-02-01,28,1007,1,62
2011-02-02,32,1009,1,60
2011-02-03,29,1012,0,6
2011-02-04,28,1014,0,0
2011-02-05,37,1016,1,49
2011-02-06,41,1018,0,3
2011-02-07,40,1021,1,19
2011-02-08,30,1063,1,26
2011-02-09,22,1065,0,7
2011-02-10,26,1067,0,3
2011-02-11,28,1071,0,0
2011-02-12,35,1073,0,13
2011-02-13,37,1075,0,5
2011-02-14,48,1077,0,5
2011-02-15,31,1080,0,2
2011-02-16,37,1083,0,7
2011-02-17,54,1085,0,13
2011-02-18,56,1088,0,0
2011-02-19,38,1090,0,11
2011-02-20,30,1092,0,4
2011-02-21,30,1096,1,39
2011-02-22,26,1098,0,6
2011-02-23,30,1101,0,0
2011-02-24,37,1103,1,15
2011-02-25,46,1106,1,54
2011-02-26,37,1108,0,8
2011-02-27,44,1112,0,9
2011-02-28,50,1114,1,25
2011-03-01,40,1117,0,0
2011-03-02,39,1119,0,2
2011-03-03,26,1122,0,0
2011-03-04,34,1124,0,8
2011-03-05,51,1127,0,27
2011-03-06,52,1130,1,63
2011-03-07,44,1133,1,23
2011-03-08,38,1136,0,0
2011-03-09,40,1138,1,8
2011-03-10,46,1141,1,45
2011-03-11,48,1143,1,39
2011-03-12,47,1146,0,9
2011-03-13,47,1189,0,13
2011-03-14,41,1191,0,13
2011-03-15,40,1194,0,9
2011-03-16,48,1197,1,35
2011-03-17,54,1200,0,1
2011-03-18,64,1203,0,1
2011-03-19,48,1206,0,3
2011-03-20,42,1208,0,0
2011-03-21,40,1251,1,42
2011-03-22,45,1254,1,13
2011-03-23,36,1256,1,66
2011-03-24,37,1259,1,22
2011-03-25,35,1262,0,0
2011-03-26,33,1264,0,0
2011-03-27,36,1267,0,0
2011-03-28,36,1269,0,0
2011-03-29,40,1272,0,0
2011-03-30,44,1275,1,7
2011-03-31,40,1277,1,42
2011-04-01,40,1280,1,41
2011-04-02,46,1283,0,2
2011-04-03,50,1286,1,3
2011-04-04,53,1289,1,12
2011-04-05,54,1292,1,21
2011-04-06,46,1294,1,10
2011-04-07,47,1297,1,27
2011-04-08,46,1299,1,12
2011-04-09,49,1302,1,1
2011-04-10,51,1305,0,24
2011-04-11,66,1307,1,18
2011-04-12,58,1310,1,33
2011-04-13,46,1312,1,53
2011-04-14,58,1315,0,5
2011-04-15,48,1317,0,9
2011-04-16,48,1320,1,49
2011-04-17,56,1323,1,15
2011-04-18,55,1325,0,5
2011-04-19,50,1328,1,13
2011-04-20,55,1330,1,23
2011-04-21,53,1333,0,0
2011-04-22,46,1335,0,8
2011-04-23,52,1338,1,39
2011-04-24,67,1341,1,27
2011-04-25,66,1343,1,41
2011-04-26,68,1346,1,11
2011-04-27,68,1348,0,9
2011-04-28,66,1390,1,30
2011-04-29,62,1393,0,8
2011-04-30,58,1395,0,11
2011-05-01,60,1397,0,0
2011-05-02,56,1400,0,15
2011-05-03,65,1402,0,6
2011-05-04,55,1404,1,48
2011-05-05,56,1406,0,6
2011-05-06,61,1408,0,0
2011-05-07,64,1411,0,4
2011-05-08,63,1413,0,10
2011-05-09,62,1455,0,4
2011-05-10,64,1457,0,0
2011-05-11,62,1459,0,5
2011-05-12,63,1461,0,3
2011-05-13,60,1463,0,18
2011-05-14,60,1465,0,32
2011-05-15,64,1467,1,50
2011-05-16,58,1469,1,51
2011-05-17,56,1471,1,40
2011-05-18,60,1473,1,73
2011-05-19,68,1475,1,30
2011-05-20,60,1477,1,26
2011-05-21,66,1478,1,6
2011-05-22,56,1480,1,33
2011-05-23,61,1482,1,34
2011-05-24,74,1483,1,20
2011-05-25,74,1484,0,0
2011-05-26,71,1486,1,4
2011-05-27,74,1488,1,0
2011-05-28,76,1489,0,0
2011-05-29,74,1491,1,4
2011-05-30,78,1491,1,8
2011-05-31,79,1493,1,0
2011-06-01,80,1494,1,0
2011-06-02,71,1496,0,0
2011-06-03,66,1496,0,0
2011-06-04,67,1497,0,5
2011-06-05,63,1499,0,8
2011-06-06,70,1499,0,4
2011-06-07,76,1500,1,0
2011-06-08,84,1500,1,0
2011-06-09,82,1502,1,2
2011-06-10,78,1503,1,3
2011-06-11,66,1503,1,38
2011-06-12,66,1504,1,33
2011-06-13,66,1504,1,27
2011-06-14,65,1504,1,17
2011-06-15,70,1505,0,1
2011-06-16,,1505,0,6
2011-06-17,,1506,1,40
2011-06-18,74,1506,1,1
2011-06-19,76,1506,0,0
2011-06-20,74,1506,0,0
2011-06-21,76,1506,0,3
2011-06-22,76,1506,1,4
2011-06-23,68,1506,1,49
2011-06-24,68,1506,1,53
2011-06-25,72,1505,1,23
2011-06-26,72,1505,0,6
2011-06-27,74,1505,0,3
2011-06-28,78,1504,1,5
2011-06-29,76,1504,1,7
2011-06-30,74,1503,0,0
2011-07-01,73,1503,0,1
2011-07-02,77,1502,0,0
2011-07-03,72,1502,1,24
2011-07-04,78,1501,1,10
2011-07-05,78,1500,0,0
2011-07-06,81,1499,1,0
2011-07-07,83,1499,1,3
2011-07-08,76,1497,1,11
2011-07-09,78,1496,1,4
2011-07-10,77,1496,0,0
2011-07-11,82,1494,0,0
2011-07-12,86,1493,0,0
2011-07-13,78,1491,1,4
2011-07-14,74,1491,0,2
2011-07-15,76,1489,0,0
2011-07-16,80,1488,0,4
2011-07-17,82,1486,0,0
2011-07-18,85,1484,1,9
2011-07-19,84,1484,1,0
2011-07-20,82,1482,1,0
2011-07-21,86,1480,1,0
2011-07-22,94,1478,1,0
2011-07-23,92,1476,0,0
2011-07-24,84,1475,1,3
2011-07-25,74,1473,1,16
2011-07-26,80,1472,1,14
2011-07-27,76,1470,0,0
2011-07-28,79,1468,0,4
2011-07-29,78,1466,1,42
2011-07-30,82,1464,1,0
2011-07-31,81,1462,0,5
2011-08-01,82,1460,0,1
2011-08-02,82,1458,0,0
2011-08-03,78,1455,1,36
2011-08-04,76,1453,1,11
2011-08-05,78,1451,0,0
2011-08-06,78,1449,1,19
2011-08-07,81,1447,1,22
2011-08-08,82,1445,1,1
2011-08-09,77,1402,1,12
2011-08-10,78,1400,0,3
2011-08-11,76,1398,0,1
2011-08-12,74,1355,0,0
2011-08-13,77,1353,0,3
2011-08-14,70,1351,1,100
2011-08-15,72,1348,1,31
2011-08-16,72,1346,1,22
2011-08-17,76,1343,0,1
2011-08-18,75,1341,1,4
2011-08-19,74,1339,1,13
2011-08-20,74,1336,1,0
2011-08-21,77,1334,1,23
2011-08-22,71,1331,1,4
2011-08-23,70,1329,0,0
2011-08-24,74,1326,0,1
2011-08-25,75,1324,1,13
2011-08-26,77,1321,1,7
2011-08-27,74,1319,1,64
2011-08-28,70,1316,1,52
2011-08-29,68,1313,0,0
2011-08-30,72,1311,0,0
2011-08-31,74,1308,0,0
2011-09-01,74,1306,0,0
2011-09-02,72,1304,0,2
2011-09-03,74,1301,0,3
2011-09-04,79,1299,1,8
2011-09-05,76,1296,0,5
2011-09-06,68,1293,1,78
2011-09-07,65,1291,1,57
2011-09-08,71,1288,1,26
2011-09-09,76,1285,0,7
2011-09-10,74,1283,0,12
2011-09-11,68,1280,1,19
2011-09-12,73,1277,1,1
2011-09-13,74,1275,1,0
2011-09-14,78,1272,1,1
2011-09-15,64,1269,1,9
2011-09-16,58,1267,0,0
2011-09-17,59,1264,0,3
2011-09-18,60,1261,0,4
2011-09-19,60,1219,0,0
2011-09-20,64,1216,1,25
2011-09-21,68,1213,1,20
2011-09-22,74,1210,1,38
2011-09-23,71,1208,1,57
2011-09-24,73,1205,1,15
2011-09-25,75,1202,0,9
2011-09-26,74,1200,1,3
2011-09-27,73,1197,1,24
2011-09-28,71,1194,1,37
2011-09-29,67,1192,1,39
2011-09-30,67,1189,1,20
2011-10-01,58,1186,1,34
2011-10-02,57,1184,1,13
2011-10-03,53,1181,1,12
2011-10-04,56,1178,0,15
2011-10-05,62,1176,0,0
2011-10-06,57,1173,0,0
2011-10-07,57,1170,0,0
2011-10-08,66,1168,0,0
2011-10-09,72,1125,0,0
2011-10-10,71,1123,0,0
2011-10-11,68,1119,0,0
2011-10-12,60,1117,1,17
2011-10-13,62,1114,1,46
2011-10-14,64,1111,1,31
2011-10-15,60,1109,0,5
2011-10-16,60,1106,0,9
2011-10-17,61,1104,0,6
2011-10-18,61,1101,0,7
2011-10-19,61,1099,1,55
2011-10-20,60,1096,1,20
2011-10-21,53,1094,0,13
2011-10-22,54,1091,0,4
2011-10-23,54,1088,0,10
2011-10-24,56,1086,0,8
2011-10-25,56,1083,0,0
2011-10-26,56,1081,0,9
2011-10-27,50,1039,1,63
2011-10-28,42,1036,0,7
2011-10-29,39,1033,1,49
2011-10-30,40,1031,1,3
2011-10-31,45,1029,0,0
2011-11-01,50,1026,0,0
2011-11-02,50,1024,0,0
2011-11-03,52,1022,0,0
2011-11-04,47,1019,0,0
2011-11-05,42,1017,0,0
2011-11-06,46,1015,0,0
2011-11-07,54,1013,0,0
2011-11-08,60,1010,0,0
2011-11-09,58,1007,1,5
2011-11-10,57,1005,1,28
2011-11-11,44,1003,1,8
2011-11-12,48,1002,0,0
2011-11-13,54,1000,0,1
2011-11-14,62,998,0,1
2011-11-15,62,995,1,17
2011-11-16,56,993,1,47
2011-11-17,46,991,1,25
2011-11-18,41,990,0,0
2011-11-19,44,988,0,1
2011-11-20,57,986,0,3
2011-11-21,52,984,1,24
2011-11-22,46,982,1,47
2011-11-23,46,980,1,40
2011-11-24,46,979,0,4
2011-11-25,54,977,0,0
2011-11-26,58,976,0,0
2011-11-27,55,974,0,0
2011-11-28,63,973,0,3
2011-11-29,58,972,1,50
2011-11-30,48,970,0,16
2011-12-01,44,929,0,0
2011-12-02,46,927,0,2
2011-12-03,42,926,0,0
2011-12-04,48,925,0,9
2011-12-05,53,924,1,24
2011-12-06,59,923,1,28
2011-12-07,52,922,1,79
2011-12-08,40,921,1,7
2011-12-09,44,920,0,10
2011-12-10,39,919,0,2
2011-12-11,34,918,0,0
2011-12-12,38,917,0,0
2011-12-13,40,918,0,0
2011-12-14,43,917,1,11
2011-12-15,53,916,1,18
2011-12-16,50,915,0,1
2011-12-17,36,916,0,1
2011-12-18,26,915,0,0
2011-12-19,38,915,0,10
2011-12-20,44,915,1,20
2011-12-21,52,914,1,40
2011-12-22,53,915,1,5
2011-12-23,42,914,1,31
2011-12-24,32,915,0,0
2011-12-25,38,916,0,11
2011-12-26,42,915,0,4
2011-12-27,48,916,1,30
2011-12-28,40,917,0,11
2011-12-29,31,916,0,8
2011-12-30,44,917,0,6
2011-12-31,50,918,0,13
2012-01-01,46,919,1,6
2012-01-02,42,920,0,1
2012-01-03,24,921,0,2
2012-01-04,20,922,0,5
2012-01-05,34,923,0,15
2012-01-06,44,924,0,3
2012-01-07,54,924,1,0
2012-01-08,40,925,0,2
2012-01-09,36,926,0,4
2012-01-10,40,927,1,8
2012-01-11,42,929,1,9
2012-01-12,43,931,1,56
2012-01-13,39,932,1,22
2012-01-14,30,933,0,17
2012-01-15,21,935,0,2
2012-01-16,26,936,1,5
2012-01-17,44,938,1,26
2012-01-18,39,939,1,1
2012-01-19,28,941,0,7
2012-01-20,30,943,1,5
2012-01-21,26,985,1,50
2012-01-22,26,986,0,16
2012-01-23,44,988,1,62
2012-01-24,48,990,1,16
2012-01-25,40,993,0,9
2012-01-26,36,994,1,32
2012-01-27,50,996,1,50
2012-01-28,42,998,0,3
2012-01-29,39,1001,0,0
2012-01-30,37,1003,0,0
2012-01-31,48,1005,1,0
2012-02-01,55,1007,1,7
2012-02-02,42,1009,0,9
2012-02-03,37,1012,1,1
2012-02-04,40,1014,0,4
2012-02-05,36,1016,0,0
2012-02-06,42,1018,0,0
2012-02-07,44,1021,0,1
2012-02-08,34,1063,1,26
2012-02-09,38,1065,1,2
2012-02-10,40,1067,1,6
2012-02-11,35,1071,1,39
2012-02-12,26,1073,1,17
2012-02-13,36,1075,0,3
2012-02-14,42,1077,1,18
2012-02-15,42,1080,1,20
2012-02-16,40,1083,1,33
2012-02-17,46,1085,1,15
2012-02-18,42,1088,1,10
2012-02-19,40,1090,0,0
2012-02-20,38,1092,0,0
2012-02-21,39,1096,0,4
2012-02-22,50,1098,0,8
2012-02-23,52,1101,1,6
2012-02-24,41,1103,1,48
2012-02-25,39,1106,0,4
2012-02-26,37,1108,0,0
2012-02-27,48,1112,0,6
2012-02-28,45,1114,0,1
2012-02-29,40,1117,1,43
2012-03-01,39,1119,1,41
2012-03-02,38,1122,1,26
2012-03-03,49,1124,1,26
2012-03-04,40,1127,1,14
2012-03-05,36,1130,0,0
2012-03-06,34,1133,0,0
2012-03-07,50,1136,0,0
2012-03-08,62,1138,1,3
2012-03-09,50,1141,1,8
2012-03-10,36,1143,1,0
2012-03-11,48,1146,0,0
2012-03-12,59,1189,0,2
2012-03-13,64,1191,1,10
2012-03-14,60,1194,1,1
2012-03-15,48,1197,1,24
2012-03-16,47,1200,1,27
2012-03-17,54,1203,1,2
2012-03-18,55,1206,1,19
2012-03-19,64,1208,1,0
2012-03-20,64,1251,1,23
2012-03-21,62,1254,1,59
2012-03-22,67,1256,1,23
2012-03-23,67,1259,0,3
2012-03-24,56,1262,1,10
2012-03-25,48,1264,1,21
2012-03-26,44,1267,0,1
2012-03-27,40,1269,0,0
2012-03-28,56,1272,1,10
2012-03-29,52,1275,0,17
2012-03-30,48,1277,1,7
2012-03-31,40,1280,1,39
2012-04-01,47,1283,1,41
2012-04-02,48,1286,1,9
2012-04-03,52,1289,0,2
2012-04-04,58,1292,0,6
2012-04-05,50,1294,0,0
2012-04-06,48,1297,0,0
2012-04-07,50,1299,0,3
2012-04-08,56,1302,0,4
2012-04-09,56,1305,1,7
2012-04-10,52,1307,0,9
2012-04-11,48,1310,1,19
2012-04-12,52,1312,1,9
2012-04-13,54,1315,0,0
2012-04-14,61,1317,1,5
2012-04-15,68,1320,1,9
2012-04-16,76,1323,1,0
2012-04-17,70,1325,1,0
2012-04-18,56,1328,1,10
2012-04-19,58,1330,1,10
2012-04-20,62,1333,1,13
2012-04-21,62,1335,1,20
2012-04-22,50,1338,1,32
2012-04-23,48,1341,1,43
2012-04-24,50,1343,0,14
2012-04-25,52,1346,0,9
2012-04-26,53,1348,1,35
2012-04-27,48,1390,1,11
2012-04-28,49,1393,0,0
2012-04-29,54,1395,0,0
2012-04-30,52,1397,0,7
2012-05-01,60,1400,1,32
2012-05-02,52,1402,1,40
2012-05-03,54,1404,1,46
2012-05-04,64,1406,1,33
2012-05-05,60,1408,1,36
2012-05-06,59,1411,1,18
2012-05-07,58,1413,1,23
2012-05-08,60,1455,1,18
2012-05-09,63,1457,1,39
2012-05-10,58,1459,1,18
2012-05-11,58,1461,0,0
2012-05-12,66,1463,0,0
2012-05-13,72,1465,0,2
2012-05-14,66,1467,1,19
2012-05-15,63,1469,1,51
2012-05-16,70,1471,1,31
2012-05-17,62,1473,1,3
2012-05-18,63,1475,0,0
2012-05-19,66,1477,0,0
2012-05-20,68,1478,0,7
2012-05-21,60,1480,1,67
2012-05-22,65,1482,1,44
2012-05-23,70,1483,1,23
2012-05-24,64,1484,1,58
2012-05-25,68,1486,1,29
2012-05-26,76,1488,1,3
2012-05-27,72,1489,1,12
2012-05-28,80,1491,1,3
2012-05-29,78,1491,1,8
2012-05-30,72,1493,1,10
2012-05-31,72,1494,1,1
2012-06-01,68,1496,1,14
2012-06-02,68,1496,1,31
2012-06-03,67,1497,1,3
2012-06-04,58,1499,1,35
2012-06-05,58,1499,1,14
2012-06-06,63,1500,1,7
2012-06-07,68,1500,1,10
2012-06-08,70,1502,1,5
2012-06-09,71,1503,1,8
2012-06-10,75,1503,1,10
2012-06-11,70,1504,1,12
2012-06-12,68,1504,1,70
2012-06-13,66,1504,1,51
2012-06-14,70,1505,0,12
2012-06-15,70,1505,1,1
2012-06-16,70,1506,0,3
2012-06-17,66,1506,0,11
2012-06-18,64,1506,0,2
2012-06-19,70,1506,1,19
2012-06-20,82,1506,1,0
2012-06-21,86,1506,1,0
2012-06-22,80,1506,1,12
2012-06-23,76,1506,1,8
2012-06-24,75,1505,1,3
2012-06-25,68,1505,1,18
2012-06-26,65,1505,0,4
2012-06-27,72,1504,0,2
2012-06-28,78,1504,0,2
2012-06-29,80,1503,1,12
2012-06-30,85,1503,1,0
2012-07-01,84,1502,1,0
2012-07-02,80,1502,0,1
2012-07-03,80,1501,0,0
2012-07-04,81,1500,1,8
2012-07-05,86,1499,1,0
2012-07-06,82,1499,1,0
2012-07-07,84,1497,1,8
2012-07-08,82,1496,1,11
2012-07-09,80,1496,0,2
2012-07-10,78,1494,0,6
2012-07-11,78,1493,0,9
2012-07-12,80,1491,0,1
2012-07-13,82,1491,1,3
2012-07-14,79,1489,1,11
2012-07-15,80,1488,1,14
2012-07-16,80,1486,1,2
2012-07-17,85,1484,1,0
2012-07-18,86,1484,1,18
2012-07-19,72,1482,1,21
2012-07-20,66,1480,1,58
2012-07-21,70,1478,0,13
2012-07-22,74,1476,0,2
2012-07-23,78,1475,1,7
2012-07-24,82,1473,1,3
2012-07-25,76,1472,0,0
2012-07-26,78,1470,1,19
2012-07-27,79,1468,0,0
2012-07-28,74,1466,1,34
2012-07-29,74,1464,1,23
2012-07-30,74,1462,0,11
2012-07-31,75,1460,1,10
2012-08-01,74,1458,1,26
2012-08-02,78,1455,1,3
2012-08-03,82,1453,1,0
2012-08-04,82,1451,1,0
2012-08-05,82,1449,1,14
2012-08-06,79,1447,0,11
2012-08-07,76,1445,0,0
2012-08-08,80,1402,1,0
2012-08-09,80,1400,0,0
2012-08-10,75,1398,1,13
2012-08-11,81,1355,0,3
2012-08-12,80,1353,0,4
2012-08-13,78,1351,0,0
2012-08-14,76,1348,0,7
2012-08-15,74,1346,1,24
2012-08-16,76,1343,1,0
2012-08-17,76,1341,1,4
2012-08-18,71,1339,1,21
2012-08-19,68,1336,0,5
2012-08-20,72,1334,0,7
2012-08-21,74,1331,0,5
2012-08-22,75,1329,0,4
2012-08-23,77,1326,0,0
2012-08-24,78,1324,1,1
2012-08-25,78,1321,1,0
2012-08-26,76,1319,0,2
2012-08-27,76,1316,1,17
2012-08-28,80,1313,1,11
2012-08-29,73,1311,0,0
2012-08-30,72,1308,0,0
2012-08-31,80,1306,0,0
2012-09-01,82,1304,0,3
2012-09-02,76,1301,0,11
2012-09-03,75,1299,0,33
2012-09-04,75,1296,1,36
2012-09-05,76,1293,1,26
2012-09-06,74,1291,0,1
2012-09-07,79,1288,0,1
2012-09-08,72,1285,1,28
2012-09-09,70,1283,0,4
2012-09-10,65,1280,0,0
2012-09-11,64,1277,0,0
2012-09-12,70,1275,0,0
2012-09-13,72,1272,0,0
2012-09-14,72,1269,0,0
2012-09-15,66,1267,0,3
2012-09-16,66,1264,0,0
2012-09-17,68,1261,0,2
2012-09-18,71,1219,1,44
2012-09-19,64,1216,1,9
2012-09-20,62,1213,0,10
2012-09-21,68,1210,0,8
2012-09-22,68,1208,1,13
2012-09-23,62,1205,0,1
2012-09-24,60,1202,0,5
2012-09-25,63,1200,0,2
2012-09-26,70,1197,0,20
2012-09-27,69,1194,1,12
2012-09-28,64,1192,1,63
2012-09-29,61,1189,1,30
2012-09-30,62,1186,0,12
2012-10-01,61,1184,0,1
2012-10-02,66,1181,1,45
2012-10-03,68,1178,1,35
2012-10-04,70,1176,1,14
2012-10-05,70,1173,1,0
2012-10-06,66,1170,0,3
2012-10-07,50,1168,1,18
2012-10-08,50,1125,0,7
2012-10-09,54,1123,1,36
2012-10-10,60,1119,1,32
2012-10-11,53,1117,0,0
2012-10-12,49,1114,0,3
2012-10-13,46,1111,0,0
2012-10-14,62,1109,0,7
2012-10-15,65,1106,1,17
2012-10-16,54,1104,0,0
2012-10-17,52,1101,0,0
2012-10-18,58,1099,0,12
2012-10-19,64,1096,1,59
2012-10-20,62,1094,1,3
2012-10-21,57,1091,0,0
2012-10-22,58,1088,0,0
2012-10-23,60,1086,1,10
2012-10-24,58,1083,1,38
2012-10-25,58,1081,0,29
2012-10-26,61,1039,0,24
2012-10-27,62,1036,0,20
2012-10-28,57,1033,0,18
2012-10-29,57,1031,1,47
2012-10-30,50,1029,1,46
2012-10-31,47,1026,1,24
2012-11-01,47,1024,0,11
2012-11-02,48,1022,0,20
2012-11-03,46,1019,0,6
2012-11-04,45,1017,0,8
2012-11-05,40,1015,0,8
2012-11-06,36,1013,0,0
2012-11-07,36,1010,1,35
2012-11-08,40,1007,1,23
2012-11-09,44,1005,0,0
2012-11-10,48,1003,1,11
2012-11-11,57,1002,1,2
2012-11-12,57,1000,1,12
2012-11-13,51,998,1,31
2012-11-14,42,995,0,0
2012-11-15,40,993,0,0
2012-11-16,42,991,0,0
2012-11-17,45,990,0,0
2012-11-18,44,988,0,1
2012-11-19,42,986,0,6
2012-11-20,46,984,0,0
2012-11-21,46,982,0,0
2012-11-22,48,980,0,0
2012-11-23,50,979,1,6
2012-11-24,42,977,0,4
2012-11-25,36,976,0,9
2012-11-26,42,974,0,1
2012-11-27,38,973,1,47
2012-11-28,38,972,0,6
2012-11-29,38,970,0,0
2012-11-30,42,929,0,15
2012-12-01,38,927,1,32
2012-12-02,46,926,1,28
2012-12-03,54,925,1,4
2012-12-04,54,924,1,24
2012-12-05,46,923,1,9
2012-12-06,34,922,0,0
2012-12-07,40,921,1,39
2012-12-08,47,920,1,42
2012-12-09,46,919,1,30
2012-12-10,52,918,1,59
2012-12-11,50,917,1,22
2012-12-12,40,918,1,0
2012-12-13,41,917,0,0
2012-12-14,42,916,0,0
2012-12-15,42,915,0,3
2012-12-16,44,916,1,43
2012-12-17,42,915,1,33
2012-12-18,48,915,1,41
2012-12-19,43,915,0,3
2012-12-20,41,914,1,12
2012-12-21,46,915,1,40
2012-12-22,37,914,1,22
2012-12-23,38,915,0,3
2012-12-24,36,916,1,12
2012-12-25,36,915,1,31
2012-12-26,34,916,1,35
2012-12-27,34,917,1,50
2012-12-28,34,916,0,6
2012-12-29,32,917,1,41
2012-12-30,31,918,0,3
2012-12-31,33,919,0,10
2013-01-01,33,919,0,13
2013-01-02,28,920,1,0
2013-01-03,28,921,0,6
2013-01-04,34,922,0,5
2013-01-05,37,923,0,1
2013-01-06,40,924,1,17
2013-01-07,41,924,0,0
2013-01-08,42,925,0,0
2013-01-09,44,926,1,6
2013-01-10,44,927,0,0
2013-01-11,42,929,1,24
2013-01-12,44,931,1,47
2013-01-13,46,932,1,54
2013-01-14,47,933,1,31
2013-01-15,36,935,1,24
2013-01-16,34,936,1,35
2013-01-17,39,938,0,7
2013-01-18,30,939,0,7
2013-01-19,40,941,0,1
2013-01-20,42,943,0,0
2013-01-21,29,985,0,14
2013-01-22,20,986,0,3
2013-01-23,16,988,0,3
2013-01-24,17,990,0,4
2013-01-25,18,993,1,21
2013-01-26,21,994,0,2
2013-01-27,26,996,0,0
2013-01-28,32,998,1,37
2013-01-29,42,1001,1,38
2013-01-30,49,1003,1,34
2013-01-31,46,1005,1,19
2013-02-01,28,1007,0,6
2013-02-02,24,1009,1,19
2013-02-03,27,1012,1,23
2013-02-04,26,1014,0,3
2013-02-05,30,1016,1,31
2013-02-06,34,1018,1,16
2013-02-07,29,1021,0,10
2013-02-08,30,1063,1,57
2013-02-09,26,1065,1,17
2013-02-10,27,1067,0,0
2013-02-11,40,1071,1,54
2013-02-12,40,1073,0,8
2013-02-13,38,1075,1,12
2013-02-14,40,1077,1,11
2013-02-15,46,1080,1,5
2013-02-16,36,1083,1,32
2013-02-17,25,1085,0,5
2013-02-18,26,1088,0,1
2013-02-19,41,1090,1,16
2013-02-20,32,1092,0,7
2013-02-21,29,1096,0,4
2013-02-22,32,1098,0,9
2013-02-23,39,1101,1,33
2013-02-24,40,1103,1,31
2013-02-25,38,1106,0,11
2013-02-26,40,1108,1,17
2013-02-27,42,1112,1,64
2013-02-28,45,1114,1,22
2013-03-01,40,1117,0,15
2013-03-02,36,1119,1,25
2013-03-03,34,1122,1,14
2013-03-04,34,1124,1,2
2013-03-05,40,1127,0,3
2013-03-06,40,1130,0,30
2013-03-07,36,1133,1,47
2013-03-08,36,1136,1,46
2013-03-09,45,1138,0,0
2013-03-10,43,1141,0,0
2013-03-11,47,1143,1,26
2013-03-12,50,1146,1,48
2013-03-13,45,1189,0,3
2013-03-14,35,1191,0,9
2013-03-15,38,1194,0,13
2013-03-16,36,1197,1,44
2013-03-17,34,1200,0,0
2013-03-18,32,1203,1,27
2013-03-19,38,1206,1,25
2013-03-20,38,1208,1,7
2013-03-21,35,1251,0,21
2013-03-22,34,1254,0,7
2013-03-23,39,1256,0,4
2013-03-24,40,1259,0,0
2013-03-25,38,1262,1,32
2013-03-26,45,1264,0,13
2013-03-27,44,1267,0,6
2013-03-28,44,1269,0,9
2013-03-29,48,1272,0,5
2013-03-30,50,1275,0,0
2013-03-31,49,1277,1,17
2013-04-01,50,1280,1,13
2013-04-02,38,1283,0,0
2013-04-03,40,1286,0,0
2013-04-04,43,1289,0,0
2013-04-05,52,1292,0,4
2013-04-06,44,1294,0,0
2013-04-07,48,1297,0,3
2013-04-08,62,1299,0,0
2013-04-09,66,1302,1,0
2013-04-10,64,1305,1,19
2013-04-11,54,1307,1,40
2013-04-12,44,1310,1,49
2013-04-13,50,1312,1,24
2013-04-14,52,1315,0,6
2013-04-15,52,1317,0,7
2013-04-16,55,1320,0,10
2013-04-17,63,1323,1,13
2013-04-18,55,1325,1,24
2013-04-19,63,1328,1,27
2013-04-20,52,1330,1,10
2013-04-21,46,1333,0,0
2013-04-22,48,1335,0,2
2013-04-23,47,1338,1,23
2013-04-24,56,1341,0,2
2013-04-25,56,1343,0,5
2013-04-26,58,1346,0,0
2013-04-27,60,1348,0,2
2013-04-28,60,1390,0,0
2013-04-29,54,1393,1,27
2013-04-30,60,1395,0,11
2013-05-01,58,1397,0,0
2013-05-02,60,1400,0,0
2013-05-03,58,1402,0,5
2013-05-04,58,1404,0,0
2013-05-05,55,1406,0,3
2013-05-06,58,1408,0,17
2013-05-07,63,1411,0,6
2013-05-08,59,1413,1,66
2013-05-09,61,1455,1,38
2013-05-10,69,1457,1,0
2013-05-11,66,1459,1,31
2013-05-12,60,1461,1,5
2013-05-13,52,1463,0,2
2013-05-14,52,1465,0,0
2013-05-15,66,1467,0,11
2013-05-16,70,1469,0,4
2013-05-17,65,1471,0,0
2013-05-18,60,1473,0,18
2013-05-19,57,1475,1,61
2013-05-20,68,1477,1,20
2013-05-21,77,1478,1,0
2013-05-22,68,1480,1,19
2013-05-23,72,1482,1,48
2013-05-24,55,1483,1,46
2013-05-25,50,1484,1,33
2013-05-26,57,1486,0,2
2013-05-27,62,1488,0,0
2013-05-28,62,1489,1,32
2013-05-29,70,1491,1,17
2013-05-30,81,1491,1,0
2013-05-31,82,1493,0,0
2013-06-01,82,1494,0,0
2013-06-02,78,1496,1,10
2013-06-03,72,1496,1,42
2013-06-04,66,1497,0,0
2013-06-05,66,1499,0,0
2013-06-06,64,1499,1,12
2013-06-07,61,1500,1,78
2013-06-08,67,1500,1,15
2013-06-09,72,1502,0,2
2013-06-10,66,1503,1,62
2013-06-11,72,1503,1,23
2013-06-12,70,1504,0,0
2013-06-13,62,1504,1,40
2013-06-14,62,1504,1,25
2013-06-15,70,1505,0,0
2013-06-16,72,1505,0,4
2013-06-17,76,1506,1,4
2013-06-18,74,1506,1,26
2013-06-19,68,1506,0,5
2013-06-20,71,1506,0,0
2013-06-21,73,1506,0,0
2013-06-22,74,1506,0,0
2013-06-23,79,1506,0,4
2013-06-24,83,1506,0,1
2013-06-25,82,1505,0,2
2013-06-26,80,1505,1,5
2013-06-27,80,1505,1,17
2013-06-28,79,1504,1,9
2013-06-29,77,1504,1,4
2013-06-30,80,1503,1,8
2013-07-01,74,1503,1,43
2013-07-02,77,1502,1,19
2013-07-03,78,1502,1,14
2013-07-04,81,1501,1,18
2013-07-05,83,1500,0,0
2013-07-06,85,1499,0,0
2013-07-07,85,1499,0,0
2013-07-08,81,1497,1,6
2013-07-09,81,1496,1,9
2013-07-10,80,1496,1,2
2013-07-11,80,1494,0,6
2013-07-12,72,1493,1,32
2013-07-13,74,1491,1,35
2013-07-14,82,1491,1,3
2013-07-15,86,1489,0,1
2013-07-16,86,1488,0,1
2013-07-17,88,1486,0,1
2013-07-18,90,1484,1,0
2013-07-19,90,1484,1,0
2013-07-20,87,1482,1,5
2013-07-21,82,1480,0,3
2013-07-22,80,1478,1,28
2013-07-23,80,1476,1,27
2013-07-24,76,1475,0,2
2013-07-25,66,1473,1,26
2013-07-26,74,1472,0,12
2013-07-27,76,1470,0,1
2013-07-28,74,1468,1,17
2013-07-29,77,1466,1,6
2013-07-30,75,1464,0,0
2013-07-31,75,1462,0,1
2013-08-01,71,1460,1,49
2013-08-02,75,1458,1,11
2013-08-03,73,1455,1,11
2013-08-04,73,1453,0,0
2013-08-05,70,1451,0,0
2013-08-06,73,1449,0,5
2013-08-07,75,1447,0,25
2013-08-08,76,1445,1,41
2013-08-09,80,1402,1,17
2013-08-10,76,1400,0,0
2013-08-11,73,1398,0,7
2013-08-12,76,1355,1,10
2013-08-13,72,1353,1,25
2013-08-14,68,1351,0,0
2013-08-15,68,1348,0,0
2013-08-16,73,1346,0,0
2013-08-17,74,1343,0,0
2013-08-18,72,1341,0,4
2013-08-19,72,1339,0,2
2013-08-20,78,1336,0,0
2013-08-21,81,1334,0,0
2013-08-22,74,1331,1,18
2013-08-23,76,1329,1,1
2013-08-24,72,1326,0,0
2013-08-25,74,1324,0,0
2013-08-26,76,1321,1,9
2013-08-27,79,1319,1,15
2013-08-28,78,1316,1,18
2013-08-29,76,1313,1,26
2013-08-30,78,1311,0,14
2013-08-31,80,1308,1,8
2013-09-01,80,1306,1,9
2013-09-02,78,1304,1,21
2013-09-03,75,1301,1,20
2013-09-04,74,1299,0,0
2013-09-05,72,1296,0,3
2013-09-06,64,1293,0,0
2013-09-07,70,1291,0,2
2013-09-08,74,1288,0,4
2013-09-09,65,1285,0,2
2013-09-10,78,1283,0,14
2013-09-11,86,1280,1,0
2013-09-12,78,1277,1,12
2013-09-13,68,1275,1,7
2013-09-14,60,1272,0,2
2013-09-15,62,1269,0,0
2013-09-16,64,1267,1,13
2013-09-17,58,1264,0,0
2013-09-18,62,1261,0,0
2013-09-19,66,1219,0,0
2013-09-20,70,1216,0,0
2013-09-21,69,1213,1,19
2013-09-22,62,1210,1,14
2013-09-23,58,1208,0,1
2013-09-24,60,1205,0,0
2013-09-25,62,1202,0,0
2013-09-26,64,1200,0,17
2013-09-27,63,1197,0,16
2013-09-28,64,1194,0,0
2013-09-29,64,1192,0,0
2013-09-30,66,1189,0,0
2013-10-01,70,1186,0,0
2013-10-02,74,1184,0,0
2013-10-03,70,1181,0,1
2013-10-04,76,1178,1,4
2013-10-05,70,1176,1,13
2013-10-06,68,1173,1,39
2013-10-07,68,1170,1,41
2013-10-08,60,1168,0,0
2013-10-09,58,1125,0,0
2013-10-10,60,1123,1,28
2013-10-11,64,1119,1,31
2013-10-12,66,1117,0,18
2013-10-13,60,1114,0,14
2013-10-14,59,1111,0,3
2013-10-15,62,1109,0,0
2013-10-16,62,1106,1,27
2013-10-17,67,1104,1,26
2013-10-18,62,1101,0,4
2013-10-19,58,1099,0,13
2013-10-20,56,1096,0,0
2013-10-21,58,1094,0,0
2013-10-22,59,1091,0,6
2013-10-23,50,1088,0,7
2013-10-24,48,1086,0,3
2013-10-25,46,1083,0,4
2013-10-26,48,1081,0,5
2013-10-27,52,1039,0,3
2013-10-28,52,1036,0,0
2013-10-29,50,1033,0,7
2013-10-30,54,1031,1,13
2013-10-31,60,1029,1,26
2013-11-01,64,1026,1,15
2013-11-02,62,1024,0,6
2013-11-03,46,1022,0,10
2013-11-04,40,1019,0,0
2013-11-05,48,1017,0,5
2013-11-06,55,1015,0,5
2013-11-07,54,1013,1,27
2013-11-08,45,1010,0,7
2013-11-09,44,1007,0,4
2013-11-10,52,1005,0,9
2013-11-11,48,1003,0,12
2013-11-12,42,1002,1,18
2013-11-13,34,1000,0,0
2013-11-14,42,998,0,0
2013-11-15,50,995,0,0
2013-11-16,52,993,1,9
2013-11-17,56,991,1,48
2013-11-18,58,990,1,20
2013-11-19,44,988,0,5
2013-11-20,38,986,0,0
2013-11-21,44,984,0,17
2013-11-22,54,982,1,25
2013-11-23,42,980,1,8
2013-11-24,26,979,0,2
2013-11-25,29,977,0,0
2013-11-26,40,976,1,28
2013-11-27,48,974,1,57
2013-11-28,32,973,0,7
2013-11-29,34,972,0,10
2013-11-30,32,970,0,8
2013-12-01,42,929,0,16
2013-12-02,45,927,1,12
2013-12-03,46,926,1,3
2013-12-04,46,925,1,12
2013-12-05,54,924,1,42
2013-12-06,50,923,1,50
2013-12-07,36,922,1,14
2013-12-08,31,921,1,29
2013-12-09,35,920,1,42
2013-12-10,34,919,1,31
2013-12-11,30,918,0,0
2013-12-12,26,917,0,1
2013-12-13,29,918,0,5
2013-12-14,28,917,1,52
2013-12-15,35,916,1,36
2013-12-16,29,915,0,3
2013-12-17,28,916,1,50
2013-12-18,30,915,0,9
2013-12-19,38,915,0,0
2013-12-20,47,915,0,5
2013-12-21,58,914,0,5
2013-12-22,66,915,0,19
2013-12-23,53,914,1,44
2013-12-24,34,915,0,6
2013-12-25,25,916,0,3
2013-12-26,33,915,0,17
2013-12-27,36,916,0,4
2013-12-28,46,917,0,3
2013-12-29,44,916,1,38
2013-12-30,34,917,0,10
2013-12-31,26,918,0,4
2014-01-01,28,919,0,7
2014-01-02,26,920,1,33
2014-01-03,14,921,1,24
2014-01-04,18,922,0,0
2014-01-05,34,923,1,44
2014-01-06,37,924,1,46
2014-01-07,12,924,0,0
2014-01-08,16,925,0,4
2014-01-09,27,926,0,2
2014-01-10,34,927,1,57
2014-01-11,48,929,1,68
2014-01-12,46,931,1,15
2014-01-13,44,932,0,0
2014-01-14,48,933,1,18
2014-01-15,43,935,0,0
2014-01-16,39,936,0,1
2014-01-17,38,938,0,0
2014-01-18,35,939,0,0
2014-01-19,31,941,0,0
2014-01-20,38,943,0,0
2014-01-21,21,985,0,0
2014-01-22,11,986,0,0
2014-01-23,14,988,0,0
2014-01-24,15,990,0,0
2014-01-25,24,993,1,8
2014-01-26,26,994,0,10
2014-01-27,32,996,0,10
2014-01-28,16,998,0,9
2014-01-29,18,1001,1,7
2014-01-30,23,1003,0,0
2014-01-31,32,1005,0,12
2014-02-01,40,1007,1,0
2014-02-02,48,1009,1,12
2014-02-03,35,1012,1,43
2014-02-04,28,1014,1,7
2014-02-05,32,1016,1,60
2014-02-06,26,1018,0,4
2014-02-07,28,1021,0,0
2014-02-08,25,1063,0,8
2014-02-09,26,1065,1,26
2014-02-10,25,1067,0,0
2014-02-11,21,1071,0,0
2014-02-12,19,1073,0,6
2014-02-13,30,1075,1,54
2014-02-14,36,1077,1,19
2014-02-15,32,1080,1,35
2014-02-16,26,1083,0,8
2014-02-17,25,1085,0,0
2014-02-18,32,1088,1,25
2014-02-19,40,1090,1,12
2014-02-20,44,1092,1,19
2014-02-21,42,1096,1,41
2014-02-22,47,1098,0,0
2014-02-23,48,1101,0,6
2014-02-24,36,1103,0,6
2014-02-25,28,1106,0,7
2014-02-26,26,1108,1,18
2014-02-27,24,1112,1,8
2014-02-28,16,1114,0,0
2014-03-01,28,1117,0,9
2014-03-02,36,1119,0,21
2014-03-03,25,1122,1,16
2014-03-04,21,1124,0,3
2014-03-05,32,1127,0,16
2014-03-06,24,1130,0,0
2014-03-07,32,1133,0,28
2014-03-08,46,1136,0,11
2014-03-09,40,1138,0,6
2014-03-10,44,1141,1,22
2014-03-11,56,1143,0,1
2014-03-12,44,1146,1,32
2014-03-13,25,1189,0,11
2014-03-14,34,1191,0,7
2014-03-15,50,1194,0,8
2014-03-16,36,1197,0,8
2014-03-17,29,1200,0,17
2014-03-18,36,1203,0,0
2014-03-19,39,1206,1,39
2014-03-20,47,1208,1,19
2014-03-21,45,1251,0,5
2014-03-22,52,1254,0,5
2014-03-23,34,1256,0,9
2014-03-24,28,1259,0,0
2014-03-25,32,1262,0,14
2014-03-26,30,1264,0,7
2014-03-27,33,1267,0,2
2014-03-28,50,1269,1,23
2014-03-29,51,1272,1,41
2014-03-30,44,1275,1,42
2014-03-31,46,1277,1,21
2014-04-01,50,1280,0,2
2014-04-02,48,1283,0,6
2014-04-03,56,1286,1,4
2014-04-04,44,1289,1,39
2014-04-05,47,1292,1,10
2014-04-06,48,1294,0,0
2014-04-07,48,1297,1,30
2014-04-08,55,1299,1,25
2014-04-09,53,1302,0,0
2014-04-10,50,1305,0,0
2014-04-11,66,1307,0,6
2014-04-12,62,1310,0,6
2014-04-13,66,1312,0,5
2014-04-14,67,1315,0,0
2014-04-15,48,1317,1,60
2014-04-16,40,1320,0,1
2014-04-17,42,1323,0,3
2014-04-18,42,1325,0,5
2014-04-19,54,1328,0,0
2014-04-20,52,1330,0,0
2014-04-21,54,1333,0,0
2014-04-22,61,1335,1,6
2014-04-23,53,1338,0,17
2014-04-24,52,1341,0,0
2014-04-25,54,1343,1,5
2014-04-26,56,1346,1,35
2014-04-27,53,1348,0,9
2014-04-28,56,1390,0,0
2014-04-29,48,1393,1,27
2014-04-30,46,1395,1,82
2014-05-01,64,1397,1,36
2014-05-02,63,1400,0,6
2014-05-03,62,1402,1,10
2014-05-04,60,1404,0,13
2014-05-05,60,1406,0,1
2014-05-06,62,1408,0,6
2014-05-07,60,1411,0,0
2014-05-08,56,1413,1,51
2014-05-09,59,1455,1,52
2014-05-10,70,1457,1,36
2014-05-11,71,1459,1,2
2014-05-12,74,1461,0,9
2014-05-13,63,1463,1,0
2014-05-14,62,1465,1,26
2014-05-15,64,1467,1,51
2014-05-16,64,1469,1,40
2014-05-17,62,1471,0,2
2014-05-18,59,1473,0,6
2014-05-19,60,1475,0,4
2014-05-20,66,1477,0,6
2014-05-21,68,1478,0,16
2014-05-22,63,1480,1,62
2014-05-23,64,1482,1,48
2014-05-24,64,1483,1,30
2014-05-25,68,1484,1,1
2014-05-26,76,1486,0,0
2014-05-27,75,1488,0,4
2014-05-28,59,1489,1,25
2014-05-29,58,1491,0,12
2014-05-30,65,1491,0,9
2014-05-31,65,1493,1,4
2014-06-01,66,1494,0,0
2014-06-02,70,1496,0,0
2014-06-03,76,1496,1,10
2014-06-04,72,1497,1,8
2014-06-05,68,1499,1,45
2014-06-06,68,1499,0,3
2014-06-07,71,1500,0,0
2014-06-08,76,1500,0,1
2014-06-09,68,1502,1,64
2014-06-10,71,1503,1,29
2014-06-11,66,1503,1,30
2014-06-12,66,1504,1,46
2014-06-13,72,1504,1,49
2014-06-14,67,1504,1,6
2014-06-15,70,1505,0,0
2014-06-16,72,1505,0,1
2014-06-17,80,1506,0,1
2014-06-18,82,1506,0,0
2014-06-19,72,1506,1,11
2014-06-20,72,1506,0,0
2014-06-21,70,1506,0,0
2014-06-22,72,1506,0,3
2014-06-23,73,1506,0,0
2014-06-24,74,1506,0,3
2014-06-25,78,1505,1,13
2014-06-26,78,1505,1,7
2014-06-27,75,1505,0,12
2014-06-28,76,1504,0,0
2014-06-29,76,1504,0,0
2014-06-30,76,1503,0,1
2014-07-01,80,1503,0,0
2014-07-02,82,1502,1,14
2014-07-03,78,1502,1,14
2014-07-04,70,1501,1,30
2014-07-05,72,1500,0,0
2014-07-06,75,1499,0,0
2014-07-07,81,1499,1,6
2014-07-08,81,1497,1,6
2014-07-09,80,1496,1,9
2014-07-10,78,1496,0,7
2014-07-11,78,1494,0,6
2014-07-12,78,1493,0,2
2014-07-13,78,1491,1,6
2014-07-14,78,1491,1,34
2014-07-15,79,1489,1,38
2014-07-16,74,1488,1,20
2014-07-17,74,1486,0,4
2014-07-18,72,1484,0,0
2014-07-19,72,1484,0,0
2014-07-20,72,1482,0,0
2014-07-21,76,1480,0,3
2014-07-22,78,1478,0,0
2014-07-23,80,1476,1,7
2014-07-24,75,1475,0,6
2014-07-25,74,1473,0,1
2014-07-26,75,1472,0,5
2014-07-27,78,1470,1,6
2014-07-28,75,1468,1,19
2014-07-29,70,1466,0,2
2014-07-30,72,1464,0,2
2014-07-31,75,1462,0,4
2014-08-01,78,1460,1,3
2014-08-02,68,1458,1,26
2014-08-03,71,1455,1,35
2014-08-04,77,1453,1,11
2014-08-05,80,1451,0,0
2014-08-06,76,1449,0,0
2014-08-07,74,1447,0,3
2014-08-08,74,1445,0,0
2014-08-09,76,1402,0,0
2014-08-10,78,1400,0,0
2014-08-11,79,1398,0,0
2014-08-12,74,1355,1,23
2014-08-13,75,1353,1,36
2014-08-14,70,1351,0,0
2014-08-15,67,1348,0,10
2014-08-16,70,1346,0,0
2014-08-17,74,1343,0,5
2014-08-18,72,1341,0,0
2014-08-19,73,1339,1,1
2014-08-20,77,1336,0,4
2014-08-21,74,1334,1,17
2014-08-22,72,1331,1,18
2014-08-23,72,1329,0,19
2014-08-24,72,1326,0,0
2014-08-25,76,1324,0,0
2014-08-26,80,1321,0,0
2014-08-27,80,1319,0,2
2014-08-28,74,1316,0,1
2014-08-29,70,1313,0,0
2014-08-30,72,1311,0,15
2014-08-31,82,1308,1,24
2014-09-01,82,1306,0,7
2014-09-02,84,1304,0,1
2014-09-03,79,1301,0,0
2014-09-04,78,1299,0,0
2014-09-05,80,1296,1,5
2014-09-06,80,1293,1,17
2014-09-07,73,1291,0,5
2014-09-08,70,1288,0,0
2014-09-09,68,1285,0,26
2014-09-10,72,1283,0,10
2014-09-11,76,1280,0,18
2014-09-12,70,1277,0,5
2014-09-13,64,1275,1,54
2014-09-14,62,1272,0,0
2014-09-15,63,1269,0,0
2014-09-16,64,1267,1,29
2014-09-17,64,1264,0,0
2014-09-18,66,1261,0,1
2014-09-19,60,1219,0,3
2014-09-20,66,1216,0,5
2014-09-21,71,1213,1,46
2014-09-22,63,1210,1,5
2014-09-23,62,1208,0,0
2014-09-24,64,1205,0,3
2014-09-25,60,1202,1,27
2014-09-26,68,1200,0,0
2014-09-27,72,1197,0,0
2014-09-28,74,1194,0,0
2014-09-29,73,1192,0,5
2014-09-30,66,1189,1,44
2014-10-01,63,1186,1,42
2014-10-02,66,1184,0,27
2014-10-03,64,1181,0,5
2014-10-04,60,1178,1,40
2014-10-05,54,1176,0,0
2014-10-06,60,1173,0,0
2014-10-07,67,1170,1,12
2014-10-08,68,1168,1,9
2014-10-09,62,1125,0,0
2014-10-10,58,1123,0,10
2014-10-11,55,1119,1,38
2014-10-12,56,1117,0,0
2014-10-13,58,1114,1,35
2014-10-14,70,1111,1,16
2014-10-15,73,1109,1,47
2014-10-16,66,1106,1,32
2014-10-17,65,1104,0,6
2014-10-18,63,1101,0,18
2014-10-19,50,1099,0,10
2014-10-20,51,1096,1,0
2014-10-21,61,1094,1,14
2014-10-22,54,1091,1,54
2014-10-23,52,1088,1,42
2014-10-24,57,1086,0,8
2014-10-25,58,1083,1,2
2014-10-26,58,1081,0,14
2014-10-27,56,1039,0,0
2014-10-28,62,1036,0,0
2014-10-29,62,1033,1,7
2014-10-30,53,1031,0,1
2014-10-31,50,1029,1,20
2014-11-01,44,1026,1,27
2014-11-02,44,1024,0,9
2014-11-03,50,1022,0,6
2014-11-04,60,1019,0,6
2014-11-05,60,1017,0,3
2014-11-06,52,1015,1,45
2014-11-07,46,1013,0,14
2014-11-08,42,1010,0,1
2014-11-09,52,1007,0,7
2014-11-10,52,1005,0,0
2014-11-11,56,1003,1,20
2014-11-12,56,1002,1,36
2014-11-13,42,1000,1,20
2014-11-14,38,998,1,16
2014-11-15,38,995,0,0
2014-11-16,40,993,1,20
2014-11-17,46,991,1,76
2014-11-18,34,990,0,0
2014-11-19,29,988,0,4
2014-11-20,38,986,0,7
2014-11-21,32,984,0,0
2014-11-22,36,982,0,7
2014-11-23,50,980,0,11
2014-11-24,61,979,1,31
2014-11-25,60,977,0,0
2014-11-26,42,976,1,39
2014-11-27,36,974,1,45
2014-11-28,33,973,0,2
2014-11-29,36,972,0,14
2014-11-30,50,970,0,21
2014-12-01,54,929,1,18
2014-12-02,39,927,1,26
2014-12-03,44,926,1,36
2014-12-04,41,925,0,0
2014-12-05,39,924,1,30
2014-12-06,44,923,1,66
2014-12-07,36,922,1,2
2014-12-08,30,921,0,18
2014-12-09,39,920,1,52
2014-12-10,36,919,1,46
2014-12-11,34,918,1,26
2014-12-12,35,917,0,18
2014-12-13,39,918,0,2
2014-12-14,42,917,0,9
2014-12-15,42,916,0,0
2014-12-16,44,915,1,33
2014-12-17,48,916,1,29
2014-12-18,40,915,0,11
2014-12-19,34,915,0,12
2014-12-20,32,915,0,26
2014-12-21,34,914,1,33
2014-12-22,40,915,1,33
2014-12-23,44,914,1,57
2014-12-24,51,915,1,62
2014-12-25,53,916,1,19
2014-12-26,45,915,0,0
2014-12-27,50,916,0,1
2014-12-28,48,917,1,14
2014-12-29,39,916,0,0
2014-12-30,31,917,0,5
2014-12-31,30,918,0,4
2015-01-01,33,919,0,0
2015-01-02,38,920,0,3
2015-01-03,38,921,1,48
2015-01-04,48,922,1,48
2015-01-05,36,923,0,2
2015-01-06,20,924,1,28
2015-01-07,16,924,0,0
2015-01-08,14,925,0,0
2015-01-09,26,926,1,21
2015-01-10,20,927,0,0
2015-01-11,28,929,0,8
2015-01-12,37,931,1,52
2015-01-13,26,932,0,9
2015-01-14,24,933,0,17
2015-01-15,30,935,0,8
2015-01-16,32,936,1,2
2015-01-17,24,938,0,0
2015-01-18,36,939,1,54
2015-01-19,39,941,0,19
2015-01-20,36,943,0,12
2015-01-21,30,985,0,12
2015-01-22,36,986,1,26
2015-01-23,34,988,0,3
2015-01-24,36,990,1,48
2015-01-25,36,993,0,8
2015-01-26,26,994,1,53
2015-01-27,25,996,1,32
2015-01-28,25,998,0,0
2015-01-29,28,1001,1,11
2015-01-30,28,1003,1,33
2015-01-31,20,1005,0,0
2015-02-01,28,1007,1,24
2015-02-02,24,1009,1,56
2015-02-03,20,1012,0,0
2015-02-04,34,1014,0,13
2015-02-05,28,1016,0,8
2015-02-06,20,1018,0,3
2015-02-07,32,1021,1,26
2015-02-08,33,1063,1,28
2015-02-09,27,1065,1,28
2015-02-10,33,1067,1,22
2015-02-11,28,1071,0,1
2015-02-12,28,1073,1,25
2015-02-13,14,1075,0,0
2015-02-14,24,1077,1,39
2015-02-15,14,1080,1,16
2015-02-16,12,1083,0,4
2015-02-17,20,1085,1,32
2015-02-18,26,1088,1,11
2015-02-19,18,1090,0,7
2015-02-20,10,1092,0,0
2015-02-21,22,1096,1,30
2015-02-22,38,1098,1,30
2015-02-23,23,1101,0,6
2015-02-24,14,1103,0,1
2015-02-25,28,1106,0,0
2015-02-26,26,1108,1,15
2015-02-27,24,1112,0,3
2015-02-28,21,1114,0,0
2015-03-01,28,1117,1,42
2015-03-02,33,1119,1,18
2015-03-03,30,1122,1,28
2015-03-04,40,1124,1,39
2015-03-05,30,1127,1,57
2015-03-06,20,1130,0,0
2015-03-07,28,1133,0,6
2015-03-08,43,1136,0,8
2015-03-09,47,1138,1,6
2015-03-10,46,1141,1,27
2015-03-11,52,1143,1,13
2015-03-12,42,1146,0,0
2015-03-13,37,1189,0,1
2015-03-14,46,1191,1,43
2015-03-15,40,1194,0,18
2015-03-16,44,1197,0,3
2015-03-17,46,1200,1,10
2015-03-18,34,1203,0,5
2015-03-19,36,1206,0,1
2015-03-20,34,1208,1,30
2015-03-21,38,1251,1,30
2015-03-22,36,1254,0,0
2015-03-23,30,1256,0,0
2015-03-24,36,1259,0,7
2015-03-25,42,1262,1,16
2015-03-26,52,1264,1,59
2015-03-27,42,1267,1,42
2015-03-28,33,1269,1,25
2015-03-29,36,1272,0,7
2015-03-30,45,1275,1,18
2015-03-31,41,1277,1,11
2015-04-01,42,1280,0,1
2015-04-02,54,1283,0,3
2015-04-03,62,1286,1,28
2015-04-04,51,1289,1,13
2015-04-05,52,1292,0,9
2015-04-06,52,1294,0,1
2015-04-07,52,1297,1,30
2015-04-08,41,1299,1,32
2015-04-09,40,1302,1,34
2015-04-10,48,1305,1,37
2015-04-11,50,1307,0,0
2015-04-12,54,1310,0,0
2015-04-13,59,1312,0,0
2015-04-14,60,1315,0,16
2015-04-15,62,1317,0,0
2015-04-16,58,1320,0,0
2015-04-17,63,1323,1,21
2015-04-18,70,1325,0,0
2015-04-19,56,1328,0,0
2015-04-20,52,1330,1,57
2015-04-21,58,1333,1,22
2015-04-22,58,1335,1,11
2015-04-23,46,1338,0,8
2015-04-24,46,1341,0,9
2015-04-25,50,1343,0,0
2015-04-26,55,1346,0,7
2015-04-27,56,1348,0,15
2015-04-28,60,1390,0,2
2015-04-29,64,1393,0,3
2015-04-30,58,1395,0,7
2015-05-01,56,1397,0,12
2015-05-02,61,1400,1,7
2015-05-03,66,1402,0,0
2015-05-04,71,1404,0,2
2015-05-05,76,1406,0,4
2015-05-06,66,1408,0,16
2015-05-07,68,1411,1,0
2015-05-08,69,1413,1,0
2015-05-09,64,1455,1,39
2015-05-10,72,1457,1,17
2015-05-11,77,1459,1,19
2015-05-12,75,1461,1,8
2015-05-13,62,1463,0,6
2015-05-14,62,1465,0,0
2015-05-15,65,1467,0,5
2015-05-16,66,1469,1,28
2015-05-17,74,1471,1,12
2015-05-18,68,1473,1,35
2015-05-19,70,1475,1,25
2015-05-20,60,1477,0,2
2015-05-21,57,1478,0,20
2015-05-22,64,1480,0,10
2015-05-23,60,1482,0,0
2015-05-24,68,1483,0,0
2015-05-25,74,1484,0,0
2015-05-26,78,1486,0,0
2015-05-27,78,1488,1,8
2015-05-28,78,1489,1,11
2015-05-29,75,1491,0,0
2015-05-30,76,1491,0,0
2015-05-31,72,1493,1,28
2015-06-01,54,1494,1,38
2015-06-02,52,1496,1,45
2015-06-03,61,1496,0,18
2015-06-04,60,1497,0,11
2015-06-05,62,1499,1,47
2015-06-06,68,1499,1,23
2015-06-07,64,1500,0,1
2015-06-08,71,1500,1,12
2015-06-09,76,1502,1,16
2015-06-10,74,1503,0,0
2015-06-11,80,1503,1,3
2015-06-12,80,1504,1,0
2015-06-13,79,1504,0,2
2015-06-14,77,1504,1,9
2015-06-15,74,1505,1,63
2015-06-16,72,1505,1,30
2015-06-17,74,1506,1,3
2015-06-18,68,1506,0,25
2015-06-19,78,1506,0,18
2015-06-20,70,1506,1,29
2015-06-21,80,1506,1,41
2015-06-22,78,1506,0,0
2015-06-23,82,1506,0,0
2015-06-24,76,1506,0,0
2015-06-25,74,1505,0,5
2015-06-26,76,1505,0,9
2015-06-27,64,1505,1,39
2015-06-28,68,1504,1,43
2015-06-29,70,1504,0,8
2015-06-30,75,1503,1,16
2015-07-01,76,1503,1,13
2015-07-02,74,1502,0,0
2015-07-03,74,1502,0,0
2015-07-04,72,1501,1,13
2015-07-05,76,1500,0,4
2015-07-06,78,1499,1,8
2015-07-07,82,1499,1,17
2015-07-08,82,1497,1,7
2015-07-09,74,1496,1,36
2015-07-10,78,1496,1,9
2015-07-11,78,1494,0,0
2015-07-12,80,1493,0,0
2015-07-13,80,1491,0,0
2015-07-14,78,1491,1,18
2015-07-15,77,1489,1,26
2015-07-16,72,1488,0,4
2015-07-17,74,1486,0,2
2015-07-18,78,1484,1,17
2015-07-19,86,1484,0,0
2015-07-20,88,1482,0,0
2015-07-21,82,1480,0,8
2015-07-22,77,1478,0,0
2015-07-23,77,1476,0,0
2015-07-24,78,1475,0,2
2015-07-25,78,1473,0,1
2015-07-26,82,1472,0,9
2015-07-27,78,1470,1,10
2015-07-28,85,1468,1,1
2015-07-29,87,1466,0,0
2015-07-30,82,1464,1,33
2015-07-31,80,1462,1,0
2015-08-01,82,1460,0,6
2015-08-02,80,1458,0,0
2015-08-03,82,1455,0,1
2015-08-04,79,1453,1,7
2015-08-05,80,1451,0,1
2015-08-06,75,1449,0,0
2015-08-07,76,1447,0,0
2015-08-08,75,1445,0,1
2015-08-09,76,1402,0,1
2015-08-10,77,1400,0,16
2015-08-11,76,1398,1,43
2015-08-12,78,1355,0,4
2015-08-13,75,1353,0,1
2015-08-14,78,1351,0,0
2015-08-15,82,1348,0,0
2015-08-16,84,1346,0,2
2015-08-17,86,1343,0,6
2015-08-18,82,1341,1,9
2015-08-19,82,1339,0,1
2015-08-20,82,1336,0,10
2015-08-21,79,1334,1,21
2015-08-22,78,1331,1,0
2015-08-23,78,1329,0,3
2015-08-24,80,1326,0,3
2015-08-25,82,1324,0,5
2015-08-26,76,1321,0,0
2015-08-27,74,1319,0,1
2015-08-28,72,1316,0,0
2015-08-29,77,1313,0,0
2015-08-30,81,1311,1,4
2015-08-31,84,1308,0,1
2015-09-01,83,1306,0,0
2015-09-02,82,1304,1,0
2015-09-03,84,1301,1,0
2015-09-04,79,1299,1,4
2015-09-05,75,1296,0,0
2015-09-06,76,1293,0,0
2015-09-07,81,1291,0,0
2015-09-08,86,1288,0,0
2015-09-09,83,1285,1,8
2015-09-10,74,1283,1,59
2015-09-11,74,1280,1,18
2015-09-12,74,1277,1,20
2015-09-13,71,1275,1,14
2015-09-14,68,1272,0,0
2015-09-15,73,1269,0,0
2015-09-16,77,1267,0,0
2015-09-17,78,1264,0,0
2015-09-18,78,1261,0,0
2015-09-19,76,1219,1,0
2015-09-20,72,1216,0,7
2015-09-21,66,1213,0,2
2015-09-22,66,1210,0,7
2015-09-23,70,1208,0,0
2015-09-24,71,1205,0,0
2015-09-25,70,1202,0,0
2015-09-26,66,1200,0,0
2015-09-27,64,1197,0,7
2015-09-28,72,1194,0,16
2015-09-29,78,1192,1,22
2015-09-30,69,1189,1,40
2015-10-01,60,1186,1,21
2015-10-02,52,1184,1,44
2015-10-03,52,1181,1,37
2015-10-04,58,1178,0,16
2015-10-05,60,1176,0,8
2015-10-06,62,1173,0,1
2015-10-07,66,1170,0,3
2015-10-08,66,1168,0,3
2015-10-09,70,1125,1,23
2015-10-10,58,1123,0,0
2015-10-11,61,1119,0,0
2015-10-12,66,1117,0,0
2015-10-13,66,1114,0,15
2015-10-14,63,1111,0,8
2015-10-15,58,1109,0,0
2015-10-16,58,1106,0,2
2015-10-17,49,1104,0,1
2015-10-18,44,1101,0,0
2015-10-19,44,1099,0,1
2015-10-20,59,1096,0,6
2015-10-21,66,1094,0,0
2015-10-22,66,1091,0,1
2015-10-23,55,1088,1,0
2015-10-24,48,1086,0,14
2015-10-25,58,1083,1,21
2015-10-26,52,1081,0,0
2015-10-27,52,1039,0,1
2015-10-28,61,1036,1,56
2015-10-29,65,1033,1,9
2015-10-30,54,1031,0,0
2015-10-31,49,1029,0,0
2015-11-01,60,1026,0,10
2015-11-02,58,1024,0,0
2015-11-03,60,1022,0,0
2015-11-04,63,1019,1,0
2015-11-05,64,1017,1,40
2015-11-06,70,1015,1,20
2015-11-07,62,1013,0,10
2015-11-08,51,1010,0,0
2015-11-09,51,1007,0,0
2015-11-10,54,1005,1,37
2015-11-11,54,1003,1,39
2015-11-12,56,1002,1,32
2015-11-13,52,1000,0,1
2015-11-14,46,998,0,0
2015-11-15,48,995,0,0
2015-11-16,59,993,0,0
2015-11-17,46,991,0,1
2015-11-18,52,990,0,26
2015-11-19,60,988,1,44
2015-11-20,55,986,0,5
2015-11-21,48,984,0,5
2015-11-22,48,982,1,17
2015-11-23,38,980,0,0
2015-11-24,39,979,0,7
2015-11-25,43,977,0,0
2015-11-26,50,976,0,0
2015-11-27,58,974,1,0
2015-11-28,54,973,0,0
2015-11-29,44,972,0,0
2015-11-30,53,970,0,8
2015-12-01,48,929,1,33
2015-12-02,52,927,1,35
2015-12-03,50,926,0,8
2015-12-04,46,925,0,2
2015-12-05,46,924,0,0
2015-12-06,46,923,0,0
2015-12-07,48,922,0,0
2015-12-08,45,921,0,8
2015-12-09,48,920,0,22
2015-12-10,56,919,0,3
2015-12-11,56,918,0,0
2015-12-12,60,917,1,7
2015-12-13,61,918,1,5
2015-12-14,60,917,1,42
2015-12-15,60,916,1,12
2015-12-16,50,915,1,23
2015-12-17,54,916,1,48
2015-12-18,48,915,1,23
2015-12-19,38,915,0,10
2015-12-20,38,915,0,6
2015-12-21,48,914,0,6
2015-12-22,58,915,1,33
2015-12-23,58,914,1,58
2015-12-24,68,915,1,16
2015-12-25,62,916,1,24
2015-12-26,53,915,1,26
2015-12-27,54,916,1,46
2015-12-28,40,917,1,9
2015-12-29,40,916,1,45
2015-12-30,43,917,1,34
2015-12-31,45,918,0,28
2016-01-01,38,919,0,15
2016-01-02,36,920,0,6
2016-01-03,40,921,0,1
2016-01-04,25,922,0,8
2016-01-05,20,923,0,0
2016-01-06,33,924,0,0
2016-01-07,38,924,0,8
2016-01-08,38,925,0,16
2016-01-09,44,926,1,33
2016-01-10,50,927,1,41
2016-01-11,33,929,0,2
2016-01-12,34,931,0,8
2016-01-13,26,932,0,2
2016-01-14,30,933,0,22
2016-01-15,42,935,0,7
2016-01-16,47,936,1,32
2016-01-17,36,938,1,36
2016-01-18,24,939,1,3
2016-01-19,22,941,0,2
2016-01-20,32,943,0,6
2016-01-21,31,985,0,4
2016-01-22,26,986,1,10
2016-01-23,26,988,1,50
2016-01-24,28,990,1,12
2016-01-25,34,993,0,5
2016-01-26,43,994,0,4
2016-01-27,40,996,1,7
2016-01-28,37,998,0,4
2016-01-29,36,1001,0,10
2016-01-30,34,1003,0,0
2016-01-31,46,1005,0,0
2016-02-01,52,1007,1,7
2016-02-02,44,1009,0,0
2016-02-03,50,1012,1,38
2016-02-04,52,1014,1,31
2016-02-05,38,1016,1,33
2016-02-06,35,1018,0,0
2016-02-07,40,1021,0,0
2016-02-08,34,1063,1,40
2016-02-09,32,1065,1,24
2016-02-10,35,1067,1,40
2016-02-11,24,1071,1,12
2016-02-12,21,1073,0,10
2016-02-13,14,1075,0,3
2016-02-14,7,1077,0,0
2016-02-15,24,1080,1,45
2016-02-16,44,1083,1,55
2016-02-17,37,1085,0,18
2016-02-18,32,1088,0,0
2016-02-19,32,1090,0,12
2016-02-20,50,1092,0,7
2016-02-21,50,1096,1,10
2016-02-22,45,1098,0,1
2016-02-23,38,1101,1,31
2016-02-24,48,1103,1,78
2016-02-25,49,1106,1,27
2016-02-26,34,1108,0,6
2016-02-27,34,1112,0,0
2016-02-28,49,1114,0,0
2016-02-29,54,1117,1,3
2016-03-01,46,1119,0,6
2016-03-02,42,1122,1,11
2016-03-03,31,1124,0,6
2016-03-04,34,1127,1,48
2016-03-05,34,1130,0,7
2016-03-06,38,1133,0,8
2016-03-07,48,1136,1,0
2016-03-08,57,1138,1,3
2016-03-09,60,1141,1,0
2016-03-10,71,1143,0,8
2016-03-11,58,1146,1,14
2016-03-12,50,1189,0,0
2016-03-13,56,1191,1,7
2016-03-14,46,1194,1,36
2016-03-15,50,1197,1,21
2016-03-16,56,1200,1,6
2016-03-17,54,1203,0,7
2016-03-18,50,1206,0,5
2016-03-19,41,1208,0,3
2016-03-20,38,1251,1,35
2016-03-21,41,1254,1,22
2016-03-22,46,1256,0,1
2016-03-23,60,1259,0,0
2016-03-24,50,1262,1,15
2016-03-25,58,1264,1,22
2016-03-26,46,1267,0,3
2016-03-27,49,1269,0,16
2016-03-28,52,1272,1,42
2016-03-29,46,1275,0,1
2016-03-30,46,1277,0,0
2016-03-31,61,1280,0,3
2016-04-01,70,1283,1,26
2016-04-02,55,1286,1,25
2016-04-03,42,1289,1,19
2016-04-04,38,1292,1,44
2016-04-05,34,1294,0,8
2016-04-06,39,1297,0,2
2016-04-07,53,1299,1,19
2016-04-08,45,1302,0,12
2016-04-09,40,1305,1,17
2016-04-10,40,1307,0,4
2016-04-11,54,1310,1,16
2016-04-12,52,1312,1,17
2016-04-13,49,1315,0,1
2016-04-14,52,1317,1,4
2016-04-15,54,1320,0,0
2016-04-16,56,1323,0,0
2016-04-17,60,1325,0,0
2016-04-18,66,1328,0,0
2016-04-19,64,1330,0,1
2016-04-20,59,1333,0,0
2016-04-21,61,1335,0,0
2016-04-22,70,1338,1,5
2016-04-23,63,1341,1,18
2016-04-24,58,1343,0,0
2016-04-25,60,1346,0,7
2016-04-26,54,1348,1,38
2016-04-27,54,1390,0,15
2016-04-28,54,1393,0,8
2016-04-29,52,1395,1,24
2016-04-30,56,1397,0,10
2016-05-01,48,1400,1,40
2016-05-02,52,1402,1,39
2016-05-03,54,1404,1,57
2016-05-04,50,1406,1,39
2016-05-05,52,1408,1,34
2016-05-06,51,1411,1,52
2016-05-07,54,1413,1,36
2016-05-08,58,1455,1,19
2016-05-09,62,1457,0,3
2016-05-10,56,1459,0,1
2016-05-11,63,1461,0,0
2016-05-12,68,1463,0,0
2016-05-13,61,1465,0,0
2016-05-14,64,1467,0,0
2016-05-15,52,1469,0,0
2016-05-16,61,1471,0,0
2016-05-17,58,1473,0,6
2016-05-18,56,1475,0,6
2016-05-19,64,1477,0,14
2016-05-20,64,1478,0,0
2016-05-21,60,1480,1,14
2016-05-22,61,1482,1,20
2016-05-23,67,1483,1,5
2016-05-24,66,1484,1,20
2016-05-25,74,1486,0,0
2016-05-26,80,1488,0,0
2016-05-27,80,1489,1,1
2016-05-28,82,1491,1,2
2016-05-29,78,1491,0,4
2016-05-30,75,1493,1,34
2016-05-31,78,1494,1,5
2016-06-01,74,1496,0,0
2016-06-02,70,1496,1,8
2016-06-03,66,1497,1,35
2016-06-04,74,1499,1,19
2016-06-05,68,1499,1,35
2016-06-06,74,1500,1,8
2016-06-07,74,1500,0,3
2016-06-08,60,1502,1,17
2016-06-09,62,1503,0,0
2016-06-10,67,1503,0,3
2016-06-11,74,1504,0,0
2016-06-12,72,1504,1,0
2016-06-13,66,1504,0,4
2016-06-14,68,1505,0,1
2016-06-15,74,1505,0,1
2016-06-16,70,1506,1,27
2016-06-17,70,1506,0,2
2016-06-18,74,1506,0,3
2016-06-19,77,1506,0,2
2016-06-20,74,1506,0,0
2016-06-21,80,1506,1,7
2016-06-22,77,1506,0,2
2016-06-23,76,1506,0,10
2016-06-24,76,1505,1,2
2016-06-25,75,1505,0,0
2016-06-26,77,1505,0,0
2016-06-27,75,1504,1,12
2016-06-28,72,1504,1,42
2016-06-29,75,1503,1,10
2016-06-30,76,1503,0,0
2016-07-01,72,1502,1,20
2016-07-02,70,1502,1,0
2016-07-03,71,1501,0,0
2016-07-04,75,1500,1,16
2016-07-05,78,1499,1,35
2016-07-06,83,1499,0,0
2016-07-07,83,1497,1,4
2016-07-08,76,1496,1,18
2016-07-09,68,1496,1,39
2016-07-10,73,1494,1,17
2016-07-11,73,1493,0,0
2016-07-12,75,1491,0,0
2016-07-13,78,1491,0,5
2016-07-14,80,1489,1,19
2016-07-15,84,1488,0,1
2016-07-16,82,1486,0,1
2016-07-17,82,1484,0,0
2016-07-18,82,1484,1,4
2016-07-19,78,1482,0,7
2016-07-20,76,1480,0,1
2016-07-21,80,1478,0,0
2016-07-22,84,1476,1,0
2016-07-23,88,1475,0,3
2016-07-24,84,1473,0,0
2016-07-25,84,1472,1,18
2016-07-26,80,1470,0,0
2016-07-27,82,1468,0,1
2016-07-28,86,1466,1,5
2016-07-29,77,1464,1,37
2016-07-30,78,1462,1,36
2016-07-31,74,1460,1,55
2016-08-01,74,1458,0,35
2016-08-02,74,1455,0,13
2016-08-03,73,1453,0,2
2016-08-04,74,1451,0,1
2016-08-05,76,1449,0,2
2016-08-06,80,1447,1,14
2016-08-07,78,1445,0,0
2016-08-08,78,1402,0,0
2016-08-09,79,1400,0,0
2016-08-10,80,1398,1,18
2016-08-11,82,1355,1,10
2016-08-12,83,1353,1,6
2016-08-13,88,1351,0,3
2016-08-14,86,1348,1,1
2016-08-15,84,1346,0,0
2016-08-16,82,1343,1,10
2016-08-17,81,1341,0,4
2016-08-18,78,1339,1,14
2016-08-19,81,1336,0,5
2016-08-20,76,1334,1,10
2016-08-21,80,1331,1,21
2016-08-22,72,1329,0,0
2016-08-23,72,1326,0,0
2016-08-24,78,1324,0,0
2016-08-25,78,1321,0,0
2016-08-26,82,1319,0,0
2016-08-27,82,1316,0,0
2016-08-28,80,1313,0,0
2016-08-29,82,1311,0,0
2016-08-30,78,1308,0,3
2016-08-31,82,1306,1,2
2016-09-01,74,1304,1,26
2016-09-02,74,1301,0,0
2016-09-03,70,1299,0,0
2016-09-04,72,1296,0,0
2016-09-05,74,1293,0,3
2016-09-06,76,1291,1,25
2016-09-07,78,1288,0,14
2016-09-08,80,1285,1,0
2016-09-09,83,1283,1,13
2016-09-10,82,1280,1,5
2016-09-11,76,1277,0,8
2016-09-12,70,1275,0,0
2016-09-13,74,1272,0,0
2016-09-14,79,1269,1,14
2016-09-15,68,1267,0,5
2016-09-16,67,1264,0,4
2016-09-17,68,1261,0,1
2016-09-18,76,1219,0,11
2016-09-19,72,1216,1,35
2016-09-20,75,1213,1,14
2016-09-21,76,1210,0,0
2016-09-22,76,1208,0,0
2016-09-23,76,1205,1,3
2016-09-24,64,1202,1,21
2016-09-25,62,1200,0,0
2016-09-26,64,1197,0,8
2016-09-27,69,1194,1,17
2016-09-28,62,1192,1,20
2016-09-29,60,1189,1,25
2016-09-30,58,1186,1,38
2016-10-01,59,1184,1,30
2016-10-02,60,1181,1,32
2016-10-03,66,1178,1,26
2016-10-04,64,1176,0,23
2016-10-05,60,1173,0,0
2016-10-06,64,1170,1,0
2016-10-07,66,1168,1,0
2016-10-08,63,1125,1,28
2016-10-09,58,1123,1,31
2016-10-10,56,1119,0,0
2016-10-11,54,1117,0,0
2016-10-12,60,1114,0,4
2016-10-13,60,1111,1,5
2016-10-14,54,1109,0,0
2016-10-15,55,1106,0,0
2016-10-16,61,1104,0,5
2016-10-17,72,1101,1,5
2016-10-18,74,1099,1,0
2016-10-19,75,1096,0,2
2016-10-20,66,1094,1,17
2016-10-21,63,1091,1,45
2016-10-22,52,1088,1,35
2016-10-23,53,1086,0,1
2016-10-24,54,1083,0,4
2016-10-25,48,1081,0,7
2016-10-26,44,1039,0,1
2016-10-27,48,1036,1,57
2016-10-28,46,1033,1,7
2016-10-29,52,1031,0,2
2016-10-30,65,1029,1,33
2016-10-31,49,1026,0,4
2016-11-01,49,1024,0,4
2016-11-02,62,1022,0,2
2016-11-03,64,1019,1,4
2016-11-04,54,1017,0,0
2016-11-05,53,1015,0,0
2016-11-06,52,1013,0,0
2016-11-07,47,1010,0,0
2016-11-08,54,1007,0,0
2016-11-09,54,1005,1,26
2016-11-10,48,1003,0,2
2016-11-11,52,1002,1,0
2016-11-12,44,1000,0,0
2016-11-13,51,998,0,0
2016-11-14,54,995,0,4
2016-11-15,52,993,1,54
2016-11-16,53,991,0,1
2016-11-17,55,990,0,1
2016-11-18,54,988,0,0
2016-11-19,50,986,1,16
2016-11-20,38,984,1,34
2016-11-21,38,982,0,17
2016-11-22,39,980,0,10
2016-11-23,40,979,0,2
2016-11-24,43,977,0,22
2016-11-25,50,976,1,24
2016-11-26,46,974,1,8
2016-11-27,44,973,0,2
2016-11-28,45,972,0,1
2016-11-29,56,970,1,52
2016-11-30,54,929,1,41
2016-12-01,48,927,1,23
2016-12-02,46,926,0,5
2016-12-03,44,925,0,8
2016-12-04,43,924,0,5
2016-12-05,44,923,1,20
2016-12-06,42,922,1,12
2016-12-07,43,921,1,23
2016-12-08,40,920,0,1
2016-12-09,36,919,0,2
2016-12-10,32,918,0,3
2016-12-11,32,917,1,25
2016-12-12,40,918,1,29
2016-12-13,39,917,0,4
2016-12-14,38,916,0,7
2016-12-15,26,915,1,4
2016-12-16,22,916,0,6
2016-12-17,32,915,1,47
2016-12-18,44,915,1,36
2016-12-19,27,915,0,0
2016-12-20,26,914,0,0
2016-12-21,35,915,0,1
2016-12-22,43,914,0,10
2016-12-23,42,915,0,0
2016-12-24,42,916,1,31
2016-12-25,43,915,0,0
2016-12-26,42,916,1,26
2016-12-27,50,917,0,19
2016-12-28,37,916,0,12
2016-12-29,40,917,1,32
2016-12-30,36,918,1,10
2016-12-31,38,919,0,11
2017-01-01,44,919,0,3
2017-01-02,39,920,1,26
2017-01-03,41,921,1,50
2017-01-04,43,922,1,23
2017-01-05,30,923,0,6
2017-01-06,29,924,1,23
2017-01-07,23,924,1,39
2017-01-08,20,925,0,3
2017-01-09,18,926,0,6
2017-01-10,34,927,0,13
2017-01-11,47,929,1,23
2017-01-12,56,931,1,18
2017-01-13,47,932,0,1
2017-01-14,31,933,1,31
2017-01-15,34,935,0,4
2017-01-16,36,936,0,5
2017-01-17,40,938,1,55
2017-01-18,40,939,1,38
2017-01-19,44,941,0,14
2017-01-20,42,943,1,32
2017-01-21,45,985,1,29
2017-01-22,46,986,1,45
2017-01-23,40,988,1,36
2017-01-24,36,990,1,66
2017-01-25,44,993,0,7
2017-01-26,50,994,1,15
2017-01-27,40,996,0,16
2017-01-28,36,998,0,22
2017-01-29,39,1001,0,6
2017-01-30,34,1003,0,11
2017-01-31,30,1005,1,35
2017-02-01,40,1007,0,11
2017-02-02,39,1009,0,6
2017-02-03,30,1012,0,5
2017-02-04,28,1014,0,0
2017-02-05,37,1016,0,13
2017-02-06,42,1018,0,3
2017-02-07,39,1021,1,41
2017-02-08,50,1063,1,17
2017-02-09,32,1065,1,25
2017-02-10,26,1067,1,8
2017-02-11,39,1071,0,10
2017-02-12,35,1073,1,60
2017-02-13,35,1075,1,15
2017-02-14,34,1077,0,0
2017-02-15,41,1080,0,12
2017-02-16,32,1083,0,6
2017-02-17,34,1085,0,0
2017-02-18,49,1088,0,0
2017-02-19,59,1090,0,3
2017-02-20,47,1092,0,0
2017-02-21,40,1096,0,0
2017-02-22,50,1098,0,8
2017-02-23,54,1101,1,5
2017-02-24,64,1103,0,1
2017-02-25,54,1106,1,31
2017-02-26,40,1108,0,7
2017-02-27,44,1112,0,5
2017-02-28,53,1114,0,18
2017-03-01,62,1117,1,26
2017-03-02,50,1119,0,3
2017-03-03,32,1122,0,2
2017-03-04,24,1124,0,5
2017-03-05,26,1127,0,0
2017-03-06,36,1130,0,10
2017-03-07,49,1133,1,21
2017-03-08,53,1136,1,13
2017-03-09,54,1138,0,7
2017-03-10,35,1141,1,28
2017-03-11,23,1143,0,9
2017-03-12,24,1146,0,0
2017-03-13,28,1189,0,5
2017-03-14,26,1191,1,42
2017-03-15,23,1194,0,15
2017-03-16,32,1197,0,0
2017-03-17,38,1200,0,0
2017-03-18,36,1203,1,32
2017-03-19,40,1206,0,9
2017-03-20,42,1208,0,7
2017-03-21,50,1251,0,11
2017-03-22,37,1254,0,0
2017-03-23,32,1256,0,0
2017-03-24,46,1259,0,11
2017-03-25,52,1262,0,17
2017-03-26,40,1264,1,41
2017-03-27,45,1267,1,38
2017-03-28,44,1269,1,61
2017-03-29,51,1272,0,11
2017-03-30,45,1275,1,10
2017-03-31,40,1277,1,60
2017-04-01,42,1280,1,30
2017-04-02,52,1283,0,2
2017-04-03,56,1286,1,8
2017-04-04,48,1289,1,41
2017-04-05,55,1292,1,26
2017-04-06,46,1294,1,45
2017-04-07,46,1297,0,23
2017-04-08,48,1299,0,4
2017-04-09,56,1302,0,0
2017-04-10,64,1305,0,0
2017-04-11,70,1307,0,0
2017-04-12,67,1310,1,4
2017-04-13,56,1312,0,1
2017-04-14,57,1315,0,5
2017-04-15,58,1317,0,10
2017-04-16,73,1320,1,6
2017-04-17,66,1323,0,3
2017-04-18,57,1325,0,0
2017-04-19,50,1328,1,17
2017-04-20,58,1330,1,31
2017-04-21,50,1333,1,39
2017-04-22,53,1335,1,37
2017-04-23,56,1338,0,0
2017-04-24,54,1341,0,12
2017-04-25,52,1343,1,42
2017-04-26,56,1346,1,52
2017-04-27,64,1348,1,61
2017-04-28,72,1390,1,18
2017-04-29,74,1393,1,9
2017-04-30,60,1395,0,20
2017-05-01,62,1397,1,17
2017-05-02,69,1400,0,11
2017-05-03,58,1402,0,6
2017-05-04,56,1404,0,1
2017-05-05,55,1406,1,50
2017-05-06,60,1408,1,31
2017-05-07,52,1411,1,25
2017-05-08,50,1413,0,8
2017-05-09,55,1455,0,4
2017-05-10,56,1457,0,7
2017-05-11,56,1459,0,1
2017-05-12,56,1461,0,5
2017-05-13,49,1463,1,52
2017-05-14,56,1465,1,17
2017-05-15,60,1467,0,5
2017-05-16,68,1469,0,1
2017-05-17,78,1471,0,0
2017-05-18,84,1473,0,2
2017-05-19,78,1475,0,0
2017-05-20,60,1477,1,12
2017-05-21,60,1478,0,5
2017-05-22,57,1480,1,55
2017-05-23,62,1482,1,4
2017-05-24,62,1483,1,16
2017-05-25,58,1484,1,62
2017-05-26,64,1486,1,27
2017-05-27,65,1488,0,13
2017-05-28,64,1489,1,14
2017-05-29,58,1491,1,35
2017-05-30,58,1491,1,42
2017-05-31,66,1493,1,18
2017-06-01,69,1494,0,3
2017-06-02,66,1496,0,4
2017-06-03,64,1496,1,2
2017-06-04,63,1497,1,11
2017-06-05,62,1499,1,40
2017-06-06,55,1499,1,42
2017-06-07,59,1500,0,21
2017-06-08,62,1500,0,0
2017-06-09,66,1502,0,2
2017-06-10,76,1503,0,1
2017-06-11,81,1503,0,0
2017-06-12,84,1504,0,0
2017-06-13,86,1504,0,2
2017-06-14,76,1504,1,12
2017-06-15,70,1505,0,1
2017-06-16,66,1505,1,25
2017-06-17,70,1506,1,47
2017-06-18,78,1506,1,24
2017-06-19,79,1506,1,21
2017-06-20,77,1506,1,7
2017-06-21,77,1506,0,5
2017-06-22,76,1506,0,0
2017-06-23,80,1506,1,8
2017-06-24,78,1506,1,21
2017-06-25,76,1505,0,14
2017-06-26,72,1505,0,3
2017-06-27,68,1505,1,10
2017-06-28,70,1504,0,0
2017-06-29,75,1504,0,0
2017-06-30,80,1503,0,7
2017-07-01,78,1503,1,16
2017-07-02,80,1502,1,4
2017-07-03,80,1502,1,7
2017-07-04,78,1501,1,7
2017-07-05,78,1500,0,3
2017-07-06,74,1499,0,14
2017-07-07,74,1499,1,35
2017-07-08,76,1497,1,4
2017-07-09,74,1496,0,1
2017-07-10,76,1496,1,6
2017-07-11,80,1494,0,7
2017-07-12,82,1493,0,4
2017-07-13,82,1491,1,15
2017-07-14,69,1491,1,46
2017-07-15,76,1489,1,27
2017-07-16,78,1488,0,1
2017-07-17,79,1486,0,0
2017-07-18,80,1484,0,0
2017-07-19,84,1484,0,0
2017-07-20,86,1482,1,2
2017-07-21,84,1480,0,5
2017-07-22,82,1478,1,17
2017-07-23,75,1476,1,60
2017-07-24,68,1475,1,45
2017-07-25,66,1473,0,39
2017-07-26,71,1472,0,7
2017-07-27,72,1470,1,14
2017-07-28,78,1468,1,3
2017-07-29,72,1466,0,9
2017-07-30,73,1464,0,0
2017-07-31,77,1462,0,1
2017-08-01,82,1460,0,0
2017-08-02,78,1458,1,7
2017-08-03,78,1455,1,4
2017-08-04,76,1453,1,9
2017-08-05,74,1451,1,25
2017-08-06,70,1449,0,0
2017-08-07,68,1447,1,64
2017-08-08,72,1445,1,13
2017-08-09,74,1402,0,0
2017-08-10,76,1400,0,2
2017-08-11,76,1398,1,7
2017-08-12,70,1355,1,21
2017-08-13,77,1353,0,2
2017-08-14,75,1351,0,1
2017-08-15,71,1348,1,48
2017-08-16,78,1346,1,5
2017-08-17,76,1343,1,4
2017-08-18,78,1341,1,38
2017-08-19,80,1339,1,6
2017-08-20,75,1336,0,0
2017-08-21,79,1334,0,1
2017-08-22,80,1331,1,8
2017-08-23,76,1329,1,9
2017-08-24,72,1326,0,0
2017-08-25,70,1324,0,4
2017-08-26,70,1321,0,0
2017-08-27,70,1319,0,0
2017-08-28,70,1316,1,0
2017-08-29,64,1313,1,19
2017-08-30,69,1311,0,8
2017-08-31,72,1308,0,6
2017-09-01,63,1306,0,0
2017-09-02,61,1304,1,20
2017-09-03,64,1301,1,42
2017-09-04,70,1299,0,0
2017-09-05,77,1296,0,1
2017-09-06,66,1293,1,43
2017-09-07,65,1291,1,11
2017-09-08,64,1288,0,3
2017-09-09,62,1285,0,1
2017-09-10,64,1283,0,0
2017-09-11,66,1280,0,0
2017-09-12,68,1277,0,0
2017-09-13,74,1275,1,18
2017-09-14,76,1272,1,16
2017-09-15,74,1269,0,5
2017-09-16,76,1267,1,7
2017-09-17,74,1264,1,23
2017-09-18,70,1261,1,31
2017-09-19,74,1219,1,31
2017-09-20,75,1216,0,9
2017-09-21,76,1213,0,0
2017-09-22,74,1210,0,0
2017-09-23,78,1208,0,1
2017-09-24,80,1205,0,0
2017-09-25,79,1202,0,0
2017-09-26,76,1200,1,6
2017-09-27,78,1197,0,5
2017-09-28,69,1194,0,11
2017-09-29,62,1192,0,4
2017-09-30,60,1189,0,23
2017-10-01,59,1186,0,2
2017-10-02,62,1184,0,0
2017-10-03,64,1181,0,0
2017-10-04,66,1178,0,1
2017-10-05,74,1176,1,12
2017-10-06,75,1173,0,1
2017-10-07,74,1170,1,5
2017-10-08,74,1168,1,29
2017-10-09,74,1125,1,43
2017-10-10,74,1123,0,1
2017-10-11,69,1119,1,13
2017-10-12,60,1117,1,19
2017-10-13,60,1114,1,27
2017-10-14,66,1111,1,37
2017-10-15,70,1109,1,34
2017-10-16,58,1106,1,8
2017-10-17,50,1104,0,0
2017-10-18,61,1101,1,0
2017-10-19,64,1099,0,0
2017-10-20,65,1096,0,0
2017-10-21,67,1094,0,0
2017-10-22,66,1091,1,0
2017-10-23,68,1088,0,19
2017-10-24,70,1086,1,52
2017-10-25,62,1083,1,10
2017-10-26,54,1081,0,14
2017-10-27,54,1039,1,0
2017-10-28,62,1036,0,2
2017-10-29,64,1033,1,68
2017-10-30,54,1031,1,15
2017-10-31,51,1029,0,1
2017-11-01,51,1026,0,18
2017-11-02,65,1024,1,7
2017-11-03,62,1022,0,2
2017-11-04,51,1019,0,5
2017-11-05,56,1017,1,37
2017-11-06,56,1015,1,21
2017-11-07,44,1013,1,21
2017-11-08,44,1010,0,25
2017-11-09,47,1007,1,12
2017-11-10,38,1005,0,6
2017-11-11,31,1003,0,0
2017-11-12,39,1002,0,0
2017-11-13,43,1000,1,13
2017-11-14,42,998,0,22
2017-11-15,44,995,0,13
2017-11-16,50,993,1,23
2017-11-17,42,991,0,1
2017-11-18,,990,1,8
2017-11-19,,988,0,2
