date,avg_temp,daylight_hours,bad_weather,hours_overcast,perc_noise_complaints
2010-01-01,36,919,1,43,0.237784
2010-01-02,26,920,1,19,0.118227
2010-01-03,20,921,1,19,0.0517026
2010-01-04,24,922,0,1,0.0316694
2010-01-05,25,923,0,9,0.0387999
2010-01-06,30,924,1,11,0.0476671
2010-01-07,34,924,0,8,0.0507585
2010-01-08,28,925,1,36,0.0776248
2010-01-09,24,926,0,0,0.136997
2010-01-10,21,927,0,0,0.107775
2010-01-11,26,929,0,5,0.0457143
2010-01-12,30,931,0,9,0.0389833
2010-01-13,30,932,0,7,0.058466
2010-01-14,36,933,0,0,0.0430419
2010-01-15,42,935,0,11,0.0915888
2010-01-16,44,936,0,8,0.214622
2010-01-17,40,938,1,27,0.212559
2010-01-18,44,939,1,25,0.102646
2010-01-19,44,941,0,18,0.0620926
2010-01-20,38,943,0,1,0.0699266
2010-01-21,36,985,0,0,0.0654148
2010-01-22,38,986,0,0,0.0856567
2010-01-23,34,988,0,0,0.216662
2010-01-24,41,990,1,34,0.208997
2010-01-25,53,993,1,46,0.0468149
2010-01-26,42,994,1,14,0.0664984
2010-01-27,35,996,0,3,0.0604129
2010-01-28,31,998,1,21,0.0576138
2010-01-29,20,1001,0,0,0.0508475
2010-01-30,16,1003,0,10,0.114865
2010-01-31,22,1005,0,1,0.130109
2010-02-01,30,1007,0,0,0.0492717
2010-02-02,30,1009,1,13,0.0548433
2010-02-03,34,1012,1,30,0.0571383
2010-02-04,32,1014,0,0,0.0671852
2010-02-05,32,1016,0,5,0.0857094
2010-02-06,26,1018,1,26,0.171359
2010-02-07,26,1021,0,0,0.17863
2010-02-08,30,1063,0,0,0.057167
2010-02-09,35,1065,1,12,0.0563226
2010-02-10,32,1067,1,41,0.0744706
2010-02-11,32,1071,0,0,0.0343996
2010-02-12,32,1073,0,0,0.0666114
2010-02-13,28,1075,0,5,0.13588
2010-02-14,34,1077,0,10,0.190163
2010-02-15,34,1080,1,18,0.127204
2010-02-16,31,1083,1,46,0.0707071
2010-02-17,30,1085,0,14,0.0619446
2010-02-18,36,1088,0,15,0.0676747
2010-02-19,39,1090,0,19,0.0768866
2010-02-20,40,1092,0,1,0.213489
2010-02-21,40,1096,0,0,0.224276
2010-02-22,37,1098,1,11,0.0529155
2010-02-23,36,1101,1,47,0.0537883
2010-02-24,39,1103,1,52,0.0481661
2010-02-25,32,1106,1,47,0.0516864
2010-02-26,30,1108,1,45,0.0818258
2010-02-27,34,1112,1,20,0.14376
2010-02-28,36,1114,0,15,0.16165
2010-03-01,42,1117,0,1,0.0448963
2010-03-02,42,1119,1,11,0.055422
2010-03-03,38,1122,1,34,0.0531414
2010-03-04,41,1124,0,19,0.0519348
2010-03-05,42,1127,1,15,0.0703413
2010-03-06,43,1130,0,0,0.208512
2010-03-07,47,1133,0,0,0.195264
2010-03-08,51,1136,0,0,0.0583434
2010-03-09,52,1138,0,0,0.0612123
2010-03-10,50,1141,0,8,0.062844
2010-03-11,48,1143,0,23,0.0647169
2010-03-12,41,1146,1,35,0.0697024
2010-03-13,42,1189,1,51,0.0703168
2010-03-14,46,1191,1,34,0.0571885
2010-03-15,44,1194,1,31,0.0374637
2010-03-16,52,1197,0,8,0.0525216
2010-03-17,54,1200,0,0,0.0661192
2010-03-18,60,1203,0,0,0.0759287
2010-03-19,60,1206,0,0,0.0913242
2010-03-20,64,1208,0,0,0.254673
2010-03-21,58,1251,0,4,0.237681
2010-03-22,54,1254,1,58,0.0620438
2010-03-23,49,1256,1,47,0.0580654
2010-03-24,52,1259,0,3,0.0556966
2010-03-25,55,1262,1,6,0.0756289
2010-03-26,43,1264,1,16,0.0695303
2010-03-27,36,1267,0,0,0.1722
2010-03-28,42,1269,1,26,0.167974
2010-03-29,50,1272,1,61,0.0543327
2010-03-30,46,1275,1,62,0.0385772
2010-03-31,51,1277,1,31,0.0747506
2010-04-01,59,1280,0,6,0.0863977
2010-04-02,58,1283,0,0,0.139964
2010-04-03,57,1286,1,2,0.252638
2010-04-04,62,1289,1,5,0.317966
2010-04-05,66,1292,0,0,0.100903
2010-04-06,68,1294,0,3,0.0860375
2010-04-07,74,1297,1,0,0.084358
2010-04-08,72,1299,0,0,0.0867061
2010-04-09,56,1302,1,32,0.0839659
2010-04-10,52,1305,0,7,0.245211
2010-04-11,64,1307,0,8,0.311715
2010-04-12,60,1310,0,0,0.0840072
2010-04-13,52,1312,0,10,0.0574731
2010-04-14,56,1315,0,0,0.0991922
2010-04-15,62,1317,0,6,0.0836628
2010-04-16,52,1320,1,30,0.0838785
2010-04-17,50,1323,1,38,0.231548
2010-04-18,50,1325,0,9,0.265533
2010-04-19,54,1328,0,3,0.07126
2010-04-20,58,1330,0,0,0.0667678
2010-04-21,61,1333,1,4,0.0888637
2010-04-22,62,1335,1,4,0.0916342
2010-04-23,56,1338,0,0,0.114796
2010-04-24,57,1341,0,4,0.284041
2010-04-25,49,1343,1,57,0.230448
2010-04-26,50,1346,1,40,0.0635187
2010-04-27,50,1348,1,28,0.0722016
2010-04-28,48,1390,0,7,0.0640047
2010-04-29,57,1393,0,0,0.0902673
2010-04-30,67,1395,0,1,0.137166
2010-05-01,74,1397,0,0,0.312017
2010-05-02,77,1400,0,1,0.289465
2010-05-03,74,1402,1,28,0.0631265
2010-05-04,72,1404,0,2,0.0956324
2010-05-05,69,1406,0,0,0.0961661
2010-05-06,68,1408,0,0,0.0989677
2010-05-07,62,1411,0,0,0.121485
2010-05-08,62,1413,1,3,0.197785
2010-05-09,48,1455,0,10,0.174035
2010-05-10,51,1457,0,0,0.0586962
2010-05-11,50,1459,1,6,0.0741236
2010-05-12,46,1461,1,46,0.0633449
2010-05-13,55,1463,0,3,0.091074
2010-05-14,68,1465,1,12,0.10681
2010-05-15,66,1467,0,0,0.306431
2010-05-16,63,1469,0,1,0.33824
2010-05-17,64,1471,0,1,0.0991254
2010-05-18,56,1473,1,44,0.0755055
2010-05-19,57,1475,1,35,0.0860992
2010-05-20,67,1477,0,5,0.126515
2010-05-21,73,1478,0,0,0.131546
2010-05-22,66,1480,0,7,0.322392
2010-05-23,64,1482,1,25,0.337233
2010-05-24,66,1483,1,25,0.102494
2010-05-25,72,1484,1,0,0.101845
2010-05-26,78,1486,0,0,0.100271
2010-05-27,69,1488,1,20,0.0842288
2010-05-28,63,1489,0,10,0.126577
2010-05-29,69,1491,0,13,0.352164
2010-05-30,76,1491,0,0,0.410687
2010-05-31,78,1493,1,0,0.342784
2010-06-01,76,1494,1,5,0.0802229
2010-06-02,77,1496,0,1,0.067251
2010-06-03,77,1496,1,1,0.0662993
2010-06-04,80,1497,0,1,0.0954893
2010-06-05,82,1499,0,2,0.241956
2010-06-06,75,1499,1,1,0.235738
2010-06-07,66,1500,0,1,0.0825461
2010-06-08,66,1500,0,3,0.100742
2010-06-09,62,1502,1,34,0.0701232
2010-06-10,66,1503,1,33,0.107338
2010-06-11,64,1503,0,1,0.1161
2010-06-12,70,1504,1,6,0.335559
2010-06-13,72,1504,1,37,0.330306
2010-06-14,72,1504,1,34,0.0828686
2010-06-15,72,1505,0,0,0.0975875
2010-06-16,70,1505,0,15,0.0887191
2010-06-17,70,1506,1,17,0.0911994
2010-06-18,73,1506,0,0,0.129928
2010-06-19,72,1506,0,0,0.301055
2010-06-20,80,1506,1,3,0.307065
2010-06-21,79,1506,0,0,0.0854219
2010-06-22,79,1506,1,8,0.0706488
2010-06-23,80,1506,1,0,0.0592126
2010-06-24,84,1506,0,2,0.0623524
2010-06-25,79,1505,0,0,0.0906775
2010-06-26,80,1505,0,4,0.244263
2010-06-27,81,1505,1,0,0.2
2010-06-28,84,1504,1,2,0.0472485
2010-06-29,80,1504,0,5,0.0478528
2010-06-30,70,1503,0,0,0.0781413
2010-07-01,70,1503,0,3,0.10262
2010-07-02,72,1502,0,1,0.120732
2010-07-03,77,1502,0,0,0.282801
2010-07-04,84,1501,0,0,0.309228
2010-07-05,88,1500,0,0,0.148225
2010-07-06,92,1499,0,2,0.0392262
2010-07-07,90,1499,0,2,0.0332915
2010-07-08,83,1497,1,7,0.0483595
2010-07-09,82,1496,1,5,0.0798545
2010-07-10,78,1496,0,3,0.228118
2010-07-11,82,1494,1,1,0.233288
2010-07-12,84,1493,0,1,0.0674585
2010-07-13,78,1491,1,22,0.0544906
2010-07-14,76,1491,1,45,0.0666782
2010-07-15,80,1489,1,13,0.0701987
2010-07-16,84,1488,1,8,0.0773023
2010-07-17,85,1486,0,0,0.205531
2010-07-18,86,1484,0,0,0.19941
2010-07-19,82,1484,1,3,0.0558846
2010-07-20,82,1482,0,0,0.0606985
2010-07-21,84,1480,0,2,0.0549331
2010-07-22,82,1478,0,0,0.0650691
2010-07-23,80,1476,1,3,0.0724967
2010-07-24,88,1475,0,1,0.182213
2010-07-25,82,1473,1,6,0.18212
2010-07-26,78,1472,0,0,0.0600858
2010-07-27,80,1470,0,0,0.0777724
2010-07-28,82,1468,0,2,0.0728035
2010-07-29,82,1466,1,3,0.0693578
2010-07-30,76,1464,0,2,0.101989
2010-07-31,76,1462,0,1,0.269432
2010-08-01,75,1460,0,5,0.276175
2010-08-02,77,1458,1,2,0.0816483
2010-08-03,79,1455,0,8,0.085915
2010-08-04,83,1453,1,3,0.0733841
2010-08-05,86,1451,1,1,0.0624897
2010-08-06,80,1449,1,2,0.0905053
2010-08-07,78,1447,1,4,0.28985
2010-08-08,81,1445,0,10,0.298846
2010-08-09,84,1402,1,0,0.0744976
2010-08-10,85,1400,1,2,0.0621879
2010-08-11,84,1398,1,2,0.0702628
2010-08-12,72,1355,1,17,0.0710857
2010-08-13,75,1353,0,11,0.116402
2010-08-14,74,1351,1,0,0.344214
2010-08-15,72,1348,1,24,0.30609
2010-08-16,78,1346,1,17,0.0774781
2010-08-17,82,1343,1,0,0.0729635
2010-08-18,79,1341,1,0,0.0731619
2010-08-19,80,1339,1,1,0.0889831
2010-08-20,82,1336,1,0,0.101159
2010-08-21,76,1334,1,2,0.313013
2010-08-22,74,1331,1,70,0.244243
2010-08-23,68,1329,1,56,0.0677515
2010-08-24,67,1326,1,28,0.0928777
2010-08-25,66,1324,1,51,0.0845361
2010-08-26,74,1321,0,3,0.110367
2010-08-27,70,1319,1,0,0.130675
2010-08-28,72,1316,0,0,0.342001
2010-08-29,80,1313,1,0,0.321906
2010-08-30,82,1311,1,0,0.0769357
2010-08-31,86,1308,1,0,0.052889
2010-09-01,86,1306,1,0,0.0716957
2010-09-02,86,1304,1,0,0.0711127
2010-09-03,80,1301,1,3,0.0857865
2010-09-04,72,1299,1,3,0.313076
2010-09-05,70,1296,0,0,0.425761
2010-09-06,70,1293,0,0,0.35883
2010-09-07,78,1291,0,0,0.074992
2010-09-08,78,1288,1,0,0.0673308
2010-09-09,66,1285,0,9,0.097123
2010-09-10,68,1283,1,9,0.131455
2010-09-11,69,1280,0,1,0.354915
2010-09-12,63,1277,1,31,0.329456
2010-09-13,68,1275,1,27,0.0736669
2010-09-14,68,1272,1,1,0.0945833
2010-09-15,64,1269,0,0,0.0900034
2010-09-16,64,1267,1,25,0.0496483
2010-09-17,65,1264,1,27,0.0642137
2010-09-18,64,1261,1,21,0.251206
2010-09-19,71,1219,1,6,0.279179
2010-09-20,66,1216,1,0,0.0795116
2010-09-21,64,1213,0,0,0.0834508
2010-09-22,76,1210,1,2,0.0802377
2010-09-23,74,1208,1,2,0.0996969
2010-09-24,76,1205,1,5,0.112085
2010-09-25,78,1202,1,2,0.256073
2010-09-26,68,1200,1,5,0.316487
2010-09-27,66,1197,1,56,0.0693162
2010-09-28,72,1194,1,32,0.070416
2010-09-29,70,1192,1,7,0.090042
2010-09-30,72,1189,1,45,0.067874
2010-10-01,66,1186,1,57,0.0752262
2010-10-02,59,1184,0,0,0.270931
2010-10-03,57,1181,1,9,0.266478
2010-10-04,54,1178,1,47,0.0607066
2010-10-05,57,1176,1,27,0.0752361
2010-10-06,59,1173,1,17,0.0748991
2010-10-07,62,1170,0,4,0.0853152
2010-10-08,64,1168,0,0,0.119853
2010-10-09,63,1125,0,0,0.291732
2010-10-10,58,1123,0,0,0.344563
2010-10-11,66,1119,1,15,0.156549
2010-10-12,62,1117,1,22,0.0725311
2010-10-13,56,1114,0,0,0.0873003
2010-10-14,56,1111,1,28,0.0755316
2010-10-15,53,1109,1,36,0.0766698
2010-10-16,54,1106,0,6,0.168862
2010-10-17,58,1104,0,1,0.241108
2010-10-18,55,1101,0,6,0.0612829
2010-10-19,53,1099,1,14,0.0704343
2010-10-20,53,1096,1,0,0.0650475
2010-10-21,56,1094,1,6,0.0639223
2010-10-22,50,1091,0,9,0.0726483
2010-10-23,54,1088,0,9,0.197297
2010-10-24,60,1086,1,3,0.278794
2010-10-25,64,1083,1,6,0.0909691
2010-10-26,68,1081,1,19,0.0961957
2010-10-27,70,1039,1,40,0.0824463
2010-10-28,65,1036,1,11,0.0992999
2010-10-29,52,1033,0,9,0.0984167
2010-10-30,50,1031,0,0,0.1901
2010-10-31,50,1029,0,4,0.173992
2010-11-01,43,1026,0,0,0.0500066
2010-11-02,43,1024,0,0,0.0676467
2010-11-03,48,1022,0,2,0.0655255
2010-11-04,49,1019,1,48,0.0552771
2010-11-05,48,1017,1,35,0.0680244
2010-11-06,46,1015,0,3,0.154813
2010-11-07,44,1013,1,0,0.160781
2010-11-08,42,1010,1,11,0.0399251
2010-11-09,48,1007,1,9,0.0528634
2010-11-10,51,1005,1,9,0.049969
2010-11-11,49,1003,0,0,0.0888495
2010-11-12,54,1002,0,0,0.0962926
2010-11-13,55,1000,0,0,0.248857
2010-11-14,54,998,0,3,0.260144
2010-11-15,54,995,1,32,0.0765459
2010-11-16,56,993,1,59,0.070822
2010-11-17,56,991,1,16,0.0582598
2010-11-18,50,990,0,8,0.0706343
2010-11-19,44,988,0,0,0.0777218
2010-11-20,48,986,0,1,0.1782
2010-11-21,44,984,0,1,0.179253
2010-11-22,55,982,1,15,0.0773196
2010-11-23,56,980,1,1,0.0879909
2010-11-24,46,979,0,1,0.0782731
2010-11-25,42,977,1,20,0.224327
2010-11-26,46,976,1,24,0.131333
2010-11-27,38,974,0,1,0.129551
2010-11-28,40,973,0,0,0.164963
2010-11-29,42,972,0,1,0.0601997
2010-11-30,50,970,1,27,0.0624905
2010-12-01,50,929,1,53,0.0426186
2010-12-02,38,927,0,1,0.0520729
2010-12-03,36,926,0,7,0.0706095
2010-12-04,36,925,0,8,0.1282
2010-12-05,32,924,0,14,0.138003
2010-12-06,32,923,0,18,0.0432227
2010-12-07,33,922,0,16,0.0397146
2010-12-08,30,921,0,0,0.0429788
2010-12-09,26,920,0,2,0.0445877
2010-12-10,30,919,0,17,0.0690511
2010-12-11,40,918,0,2,0.159872
2010-12-12,48,917,1,61,0.191806
2010-12-13,35,918,1,50,0.0549165
2010-12-14,21,917,1,27,0.0428703
2010-12-15,24,916,0,2,0.0382719
2010-12-16,26,915,0,5,0.0491192
2010-12-17,30,916,0,1,0.0649565
2010-12-18,32,915,0,2,0.149951
2010-12-19,34,915,1,15,0.178098
2010-12-20,31,915,1,0,0.0566372
2010-12-21,33,914,1,1,0.051827
2010-12-22,33,915,1,11,0.0612245
2010-12-23,32,914,0,10,0.0657353
2010-12-24,34,915,0,0,0.178183
2010-12-25,28,916,0,15,0.257612
2010-12-26,26,915,1,31,0.101667
2010-12-27,24,916,1,19,0.0255591
2010-12-28,31,917,0,8,0.0243807
2010-12-29,34,916,0,13,0.040264
2010-12-30,34,917,1,0,0.058323
2010-12-31,40,918,0,1,0.109777
2011-01-01,46,919,1,8,0.191081
2011-01-02,44,920,1,40,0.161039
2011-01-03,32,921,0,0,0.0564723
2011-01-04,35,922,0,4,0.0509671
2011-01-05,34,923,0,0,0.0567732
2011-01-06,30,924,0,14,0.0624294
2011-01-07,29,924,1,36,0.0771564
2011-01-08,27,925,1,18,0.146341
2011-01-09,29,926,0,2,0.155704
2011-01-10,30,927,0,0,0.0470604
2011-01-11,27,929,1,22,0.048231
2011-01-12,28,931,1,30,0.0568968
2011-01-13,24,932,0,0,0.0500505
2011-01-14,24,933,0,1,0.0620836
2011-01-15,30,935,0,15,0.139462
2011-01-16,32,936,0,3,0.197192
2011-01-17,23,938,0,20,0.0977871
2011-01-18,32,939,1,52,0.0489472
2011-01-19,38,941,1,29,0.0547784
2011-01-20,32,943,0,11,0.0637317
2011-01-21,25,985,1,25,0.0745363
2011-01-22,18,986,0,0,0.115995
2011-01-23,18,988,0,0,0.112727
2011-01-24,15,990,0,6,0.0382186
2011-01-25,30,993,1,35,0.0496207
2011-01-26,32,994,1,47,0.0553714
2011-01-27,32,996,1,14,0.0679446
2011-01-28,31,998,1,37,0.0698456
2011-01-29,32,1001,1,23,0.137762
2011-01-30,33,1003,1,5,0.134912
2011-01-31,26,1005,1,5,0.0571837
2011-02-01,28,1007,1,62,0.0578382
2011-02-02,32,1009,1,60,0.0451414
2011-02-03,29,1012,0,6,0.0457018
2011-02-04,28,1014,0,0,0.0643106
2011-02-05,37,1016,1,49,0.160821
2011-02-06,41,1018,0,3,0.156612
2011-02-07,40,1021,1,19,0.0546424
2011-02-08,30,1063,1,26,0.0346203
2011-02-09,22,1065,0,7,0.0397466
2011-02-10,26,1067,0,3,0.0555711
2011-02-11,28,1071,0,0,0.0693831
2011-02-12,35,1073,0,13,0.147245
2011-02-13,37,1075,0,5,0.183628
2011-02-14,48,1077,0,5,0.0635666
2011-02-15,31,1080,0,2,0.0532667
2011-02-16,37,1083,0,7,0.0616176
2011-02-17,54,1085,0,13,0.0696853
2011-02-18,56,1088,0,0,0.0874187
2011-02-19,38,1090,0,11,0.121572
2011-02-20,30,1092,0,4,0.156282
2011-02-21,30,1096,1,39,0.114642
2011-02-22,26,1098,0,6,0.0588817
2011-02-23,30,1101,0,0,0.0608889
2011-02-24,37,1103,1,15,0.0739522
2011-02-25,46,1106,1,54,0.0745173
2011-02-26,37,1108,0,8,0.194845
2011-02-27,44,1112,0,9,0.217059
2011-02-28,50,1114,1,25,0.0595463
2011-03-01,40,1117,0,0,0.0589623
2011-03-02,39,1119,0,2,0.0533745
2011-03-03,26,1122,0,0,0.0602922
2011-03-04,34,1124,0,8,0.084526
2011-03-05,51,1127,0,27,0.192066
2011-03-06,52,1130,1,63,0.164545
2011-03-07,44,1133,1,23,0.0554279
2011-03-08,38,1136,0,0,0.0634874
2011-03-09,40,1138,1,8,0.0550243
2011-03-10,46,1141,1,45,0.0499473
2011-03-11,48,1143,1,39,0.070819
2011-03-12,47,1146,0,9,0.19805
2011-03-13,47,1189,0,13,0.203755
2011-03-14,41,1191,0,13,0.0732952
2011-03-15,40,1194,0,9,0.0630228
2011-03-16,48,1197,1,35,0.0687873
2011-03-17,54,1200,0,1,0.0948905
2011-03-18,64,1203,0,1,0.119744
2011-03-19,48,1206,0,3,0.195882
2011-03-20,42,1208,0,0,0.208443
2011-03-21,40,1251,1,42,0.0596184
2011-03-22,45,1254,1,13,0.055649
2011-03-23,36,1256,1,66,0.0582556
2011-03-24,37,1259,1,22,0.0573566
2011-03-25,35,1262,0,0,0.0818973
2011-03-26,33,1264,0,0,0.17284
2011-03-27,36,1267,0,0,0.165709
2011-03-28,36,1269,0,0,0.0584653
2011-03-29,40,1272,0,0,0.0622651
2011-03-30,44,1275,1,7,0.0716634
2011-03-31,40,1277,1,42,0.0674178
2011-04-01,40,1280,1,41,0.0842726
2011-04-02,46,1283,0,2,0.201271
2011-04-03,50,1286,1,3,0.210452
2011-04-04,53,1289,1,12,0.0776475
2011-04-05,54,1292,1,21,0.0766383
2011-04-06,46,1294,1,10,0.0775277
2011-04-07,47,1297,1,27,0.0745683
2011-04-08,46,1299,1,12,0.0880773
2011-04-09,49,1302,1,1,0.233409
2011-04-10,51,1305,0,24,0.230337
2011-04-11,66,1307,1,18,0.0880569
2011-04-12,58,1310,1,33,0.06371
2011-04-13,46,1312,1,53,0.0643733
2011-04-14,58,1315,0,5,0.0900123
2011-04-15,48,1317,0,9,0.101869
2011-04-16,48,1320,1,49,0.145209
2011-04-17,56,1323,1,15,0.203901
2011-04-18,55,1325,0,5,0.0894057
2011-04-19,50,1328,1,13,0.08122
2011-04-20,55,1330,1,23,0.0881798
2011-04-21,53,1333,0,0,0.0981283
2011-04-22,46,1335,0,8,0.115023
2011-04-23,52,1338,1,39,0.195381
2011-04-24,67,1341,1,27,0.322348
2011-04-25,66,1343,1,41,0.0955676
2011-04-26,68,1346,1,11,0.110159
2011-04-27,68,1348,0,9,0.0916401
2011-04-28,66,1390,1,30,0.0849673
2011-04-29,62,1393,0,8,0.122855
2011-04-30,58,1395,0,11,0.270906
2011-05-01,60,1397,0,0,0.267155
2011-05-02,56,1400,0,15,0.0945176
2011-05-03,65,1402,0,6,0.087132
2011-05-04,55,1404,1,48,0.080662
2011-05-05,56,1406,0,6,0.0985143
2011-05-06,61,1408,0,0,0.107714
2011-05-07,64,1411,0,4,0.296726
2011-05-08,63,1413,0,10,0.331615
2011-05-09,62,1455,0,4,0.101603
2011-05-10,64,1457,0,0,0.0957692
2011-05-11,62,1459,0,5,0.0941176
2011-05-12,63,1461,0,3,0.0949207
2011-05-13,60,1463,0,18,0.124663
2011-05-14,60,1465,0,32,0.300239
2011-05-15,64,1467,1,50,0.284171
2011-05-16,58,1469,1,51,0.0922436
2011-05-17,56,1471,1,40,0.0722258
2011-05-18,60,1473,1,73,0.0716309
2011-05-19,68,1475,1,30,0.0676939
2011-05-20,60,1477,1,26,0.152561
2011-05-21,66,1478,1,6,0.322853
2011-05-22,56,1480,1,33,0.317454
2011-05-23,61,1482,1,34,0.0944607
2011-05-24,74,1483,1,20,0.108086
2011-05-25,74,1484,0,0,0.113067
2011-05-26,71,1486,1,4,0.122522
2011-05-27,74,1488,1,0,0.137578
2011-05-28,76,1489,0,0,0.323588
2011-05-29,74,1491,1,4,0.387916
2011-05-30,78,1491,1,8,0.289123
2011-05-31,79,1493,1,0,0.0735534
2011-06-01,80,1494,1,0,0.0774784
2011-06-02,71,1496,0,0,0.0818353
2011-06-03,66,1496,0,0,0.111818
2011-06-04,67,1497,0,5,0.309239
2011-06-05,63,1499,0,8,0.339715
2011-06-06,70,1499,0,4,0.0983888
2011-06-07,76,1500,1,0,0.0871438
2011-06-08,84,1500,1,0,0.0671183
2011-06-09,82,1502,1,2,0.0476416
2011-06-10,78,1503,1,3,0.0786596
2011-06-11,66,1503,1,38,0.236741
2011-06-12,66,1504,1,33,0.309476
2011-06-13,66,1504,1,27,0.091065
2011-06-14,65,1504,1,17,0.0833904
2011-06-15,70,1505,0,1,0.0970123
2011-06-16,,1505,0,6,0.10957
2011-06-17,,1506,1,40,0.0961935
2011-06-18,74,1506,1,1,0.295836
2011-06-19,76,1506,0,0,0.373715
2011-06-20,74,1506,0,0,0.0902581
2011-06-21,76,1506,0,3,0.109591
2011-06-22,76,1506,1,4,0.0728837
2011-06-23,68,1506,1,49,0.0774648
2011-06-24,68,1506,1,53,0.121378
2011-06-25,72,1505,1,23,0.298051
2011-06-26,72,1505,0,6,0.323864
2011-06-27,74,1505,0,3,0.093254
2011-06-28,78,1504,1,5,0.0829791
2011-06-29,76,1504,1,7,0.0725975
2011-06-30,74,1503,0,0,0.0941114
2011-07-01,73,1503,0,1,0.12117
2011-07-02,77,1502,0,0,0.313833
2011-07-03,72,1502,1,24,0.381844
2011-07-04,78,1501,1,10,0.35146
2011-07-05,78,1500,0,0,0.0882165
2011-07-06,81,1499,1,0,0.0497592
2011-07-07,83,1499,1,3,0.084514
2011-07-08,76,1497,1,11,0.0775781
2011-07-09,78,1496,1,4,0.267652
2011-07-10,77,1496,0,0,0.308438
2011-07-11,82,1494,0,0,0.0690496
2011-07-12,86,1493,0,0,0.0608656
2011-07-13,78,1491,1,4,0.0737052
2011-07-14,74,1491,0,2,0.0907
2011-07-15,76,1489,0,0,0.116108
2011-07-16,80,1488,0,4,0.329347
2011-07-17,82,1486,0,0,0.325804
2011-07-18,85,1484,1,9,0.0643748
2011-07-19,84,1484,1,0,0.0626285
2011-07-20,82,1482,1,0,0.0622525
2011-07-21,86,1480,1,0,0.0522295
2011-07-22,94,1478,1,0,0.0462395
2011-07-23,92,1476,0,0,0.113294
2011-07-24,84,1475,1,3,0.167907
2011-07-25,74,1473,1,16,0.0696534
2011-07-26,80,1472,1,14,0.0700085
2011-07-27,76,1470,0,0,0.0732789
2011-07-28,79,1468,0,4,0.0849929
2011-07-29,78,1466,1,42,0.0869487
2011-07-30,82,1464,1,0,0.227135
2011-07-31,81,1462,0,5,0.276718
2011-08-01,82,1460,0,1,0.0658478
2011-08-02,82,1458,0,0,0.0705691
2011-08-03,78,1455,1,36,0.0908
2011-08-04,76,1453,1,11,0.0913558
2011-08-05,78,1451,0,0,0.127728
2011-08-06,78,1449,1,19,0.317754
2011-08-07,81,1447,1,22,0.304128
2011-08-08,82,1445,1,1,0.0817316
2011-08-09,77,1402,1,12,0.0641984
2011-08-10,78,1400,0,3,0.0855086
2011-08-11,76,1398,0,1,0.100372
2011-08-12,74,1355,0,0,0.145708
2011-08-13,77,1353,0,3,0.335373
2011-08-14,70,1351,1,100,0.177252
2011-08-15,72,1348,1,31,0.0639527
2011-08-16,72,1346,1,22,0.0821319
2011-08-17,76,1343,0,1,0.102526
2011-08-18,75,1341,1,4,0.097659
2011-08-19,74,1339,1,13,0.104954
2011-08-20,74,1336,1,0,0.295434
2011-08-21,77,1334,1,23,0.303216
2011-08-22,71,1331,1,4,0.0827954
2011-08-23,70,1329,0,0,0.0759656
2011-08-24,74,1326,0,1,0.096305
2011-08-25,75,1324,1,13,0.0600585
2011-08-26,77,1321,1,7,0.0586922
2011-08-27,74,1319,1,64,0.138499
2011-08-28,70,1316,1,52,0.0194484
2011-08-29,68,1313,0,0,0.0422951
2011-08-30,72,1311,0,0,0.071015
2011-08-31,74,1308,0,0,0.0828292
2011-09-01,74,1306,0,0,0.116207
2011-09-02,72,1304,0,2,0.139605
2011-09-03,74,1301,0,3,0.331539
2011-09-04,79,1299,1,8,0.429645
2011-09-05,76,1296,0,5,0.327552
2011-09-06,68,1293,1,78,0.0506782
2011-09-07,65,1291,1,57,0.0550008
2011-09-08,71,1288,1,26,0.0598969
2011-09-09,76,1285,0,7,0.0953054
2011-09-10,74,1283,0,12,0.325832
2011-09-11,68,1280,1,19,0.301333
2011-09-12,73,1277,1,1,0.0837469
2011-09-13,74,1275,1,0,0.0747188
2011-09-14,78,1272,1,1,0.0686012
2011-09-15,64,1269,1,9,0.0699312
2011-09-16,58,1267,0,0,0.107742
2011-09-17,59,1264,0,3,0.306043
2011-09-18,60,1261,0,4,0.371017
2011-09-19,60,1219,0,0,0.0904033
2011-09-20,64,1216,1,25,0.0819409
2011-09-21,68,1213,1,20,0.0810677
2011-09-22,74,1210,1,38,0.0835816
2011-09-23,71,1208,1,57,0.102137
2011-09-24,73,1205,1,15,0.354096
2011-09-25,75,1202,0,9,0.309132
2011-09-26,74,1200,1,3,0.0708289
2011-09-27,73,1197,1,24,0.0732601
2011-09-28,71,1194,1,37,0.0766205
2011-09-29,67,1192,1,39,0.0889447
2011-09-30,67,1189,1,20,0.121825
2011-10-01,58,1186,1,34,0.258138
2011-10-02,57,1184,1,13,0.319066
2011-10-03,53,1181,1,12,0.0718098
2011-10-04,56,1178,0,15,0.0736196
2011-10-05,62,1176,0,0,0.0871953
2011-10-06,57,1173,0,0,0.0911392
2011-10-07,57,1170,0,0,0.12363
2011-10-08,66,1168,0,0,0.308266
2011-10-09,72,1125,0,0,0.384791
2011-10-10,71,1123,0,0,0.18624
2011-10-11,68,1119,0,0,0.0929066
2011-10-12,60,1117,1,17,0.0858257
2011-10-13,62,1114,1,46,0.0699627
2011-10-14,64,1111,1,31,0.0916189
2011-10-15,60,1109,0,5,0.264545
2011-10-16,60,1106,0,9,0.311953
2011-10-17,61,1104,0,6,0.0732077
2011-10-18,61,1101,0,7,0.100429
2011-10-19,61,1099,1,55,0.0721295
2011-10-20,60,1096,1,20,0.0969259
2011-10-21,53,1094,0,13,0.0924463
2011-10-22,54,1091,0,4,0.220228
2011-10-23,54,1088,0,10,0.24721
2011-10-24,56,1086,0,8,0.065581
2011-10-25,56,1083,0,0,0.0639526
2011-10-26,56,1081,0,9,0.0772545
2011-10-27,50,1039,1,63,0.0607932
2011-10-28,42,1036,0,7,0.0632434
2011-10-29,39,1033,1,49,0.0915152
2011-10-30,40,1031,1,3,0.100999
2011-10-31,45,1029,0,0,0.0628697
2011-11-01,50,1026,0,0,0.0579011
2011-11-02,50,1024,0,0,0.0635465
2011-11-03,52,1022,0,0,0.0686502
2011-11-04,47,1019,0,0,0.0761976
2011-11-05,42,1017,0,0,0.16319
2011-11-06,46,1015,0,0,0.214327
2011-11-07,54,1013,0,0,0.0654284
2011-11-08,60,1010,0,0,0.101952
2011-11-09,58,1007,1,5,0.0938113
2011-11-10,57,1005,1,28,0.0872897
2011-11-11,44,1003,1,8,0.0970514
2011-11-12,48,1002,0,0,0.185292
2011-11-13,54,1000,0,1,0.249161
2011-11-14,62,998,0,1,0.0768619
2011-11-15,62,995,1,17,0.097535
2011-11-16,56,993,1,47,0.0847658
2011-11-17,46,991,1,25,0.0638298
2011-11-18,41,990,0,0,0.0753762
2011-11-19,44,988,0,1,0.188249
2011-11-20,57,986,0,3,0.266927
2011-11-21,52,984,1,24,0.0612427
2011-11-22,46,982,1,47,0.0545906
2011-11-23,46,980,1,40,0.0674682
2011-11-24,46,979,0,4,0.237994
2011-11-25,54,977,0,0,0.164325
2011-11-26,58,976,0,0,0.248258
2011-11-27,55,974,0,0,0.255425
2011-11-28,63,973,0,3,0.0777969
2011-11-29,58,972,1,50,0.0775222
2011-11-30,48,970,0,16,0.0606557
2011-12-01,44,929,0,0,0.0688761
2011-12-02,46,927,0,2,0.0772962
2011-12-03,42,926,0,0,0.18937
2011-12-04,48,925,0,9,0.255018
2011-12-05,53,924,1,24,0.0822846
2011-12-06,59,923,1,28,0.0674908
2011-12-07,52,922,1,79,0.0771391
2011-12-08,40,921,1,7,0.0532937
2011-12-09,44,920,0,10,0.0860643
2011-12-10,39,919,0,2,0.208456
2011-12-11,34,918,0,0,0.192795
2011-12-12,38,917,0,0,0.0662549
2011-12-13,40,918,0,0,0.0440213
2011-12-14,43,917,1,11,0.0676705
2011-12-15,53,916,1,18,0.0805861
2011-12-16,50,915,0,1,0.103732
2011-12-17,36,916,0,1,0.200942
2011-12-18,26,915,0,0,0.157845
2011-12-19,38,915,0,10,0.0557915
2011-12-20,44,915,1,20,0.0764726
2011-12-21,52,914,1,40,0.0764158
2011-12-22,53,915,1,5,0.0938635
2011-12-23,42,914,1,31,0.109095
2011-12-24,32,915,0,0,0.208652
2011-12-25,38,916,0,11,0.318917
2011-12-26,42,915,0,4,0.126362
2011-12-27,48,916,1,30,0.0626981
2011-12-28,40,917,0,11,0.0637896
2011-12-29,31,916,0,8,0.0722805
2011-12-30,44,917,0,6,0.1259
2011-12-31,50,918,0,13,0.276119
2012-01-01,46,919,1,6,0.330173
2012-01-02,42,920,0,1,0.12144
2012-01-03,24,921,0,2,0.0452121
2012-01-04,20,922,0,5,0.03285
2012-01-05,34,923,0,15,0.0480864
2012-01-06,44,924,0,3,0.077027
2012-01-07,54,924,1,0,0.246461
2012-01-08,40,925,0,2,0.225338
2012-01-09,36,926,0,4,0.0657589
2012-01-10,40,927,1,8,0.0679352
2012-01-11,42,929,1,9,0.071836
2012-01-12,43,931,1,56,0.0753093
2012-01-13,39,932,1,22,0.0793063
2012-01-14,30,933,0,17,0.161028
2012-01-15,21,935,0,2,0.155681
2012-01-16,26,936,1,5,0.0750693
2012-01-17,44,938,1,26,0.05919
2012-01-18,39,939,1,1,0.0609756
2012-01-19,28,941,0,7,0.0585114
2012-01-20,30,943,1,5,0.0862936
2012-01-21,26,985,1,50,0.16297
2012-01-22,26,986,0,16,0.173063
2012-01-23,44,988,1,62,0.0674501
2012-01-24,48,990,1,16,0.0815896
2012-01-25,40,993,0,9,0.0864816
2012-01-26,36,994,1,32,0.0552091
2012-01-27,50,996,1,50,0.11558
2012-01-28,42,998,0,3,0.227417
2012-01-29,39,1001,0,0,0.220956
2012-01-30,37,1003,0,0,0.0599032
2012-01-31,48,1005,1,0,0.0699759
2012-02-01,55,1007,1,7,0.0740938
2012-02-02,42,1009,0,9,0.0668199
2012-02-03,37,1012,1,1,0.0968205
2012-02-04,40,1014,0,4,0.224242
2012-02-05,36,1016,0,0,0.264293
2012-02-06,42,1018,0,0,0.06681
2012-02-07,44,1021,0,1,0.0655738
2012-02-08,34,1063,1,26,0.0721177
2012-02-09,38,1065,1,2,0.0693855
2012-02-10,40,1067,1,6,0.090854
2012-02-11,35,1071,1,39,0.233185
2012-02-12,26,1073,1,17,0.179019
2012-02-13,36,1075,0,3,0.0570784
2012-02-14,42,1077,1,18,0.0829097
2012-02-15,42,1080,1,20,0.0800449
2012-02-16,40,1083,1,33,0.0801549
2012-02-17,46,1085,1,15,0.103992
2012-02-18,42,1088,1,10,0.282754
2012-02-19,40,1090,0,0,0.28505
2012-02-20,38,1092,0,0,0.147849
2012-02-21,39,1096,0,4,0.0843904
2012-02-22,50,1098,0,8,0.0952381
2012-02-23,52,1101,1,6,0.0995637
2012-02-24,41,1103,1,48,0.095074
2012-02-25,39,1106,0,4,0.199236
2012-02-26,37,1108,0,0,0.223048
2012-02-27,48,1112,0,6,0.0738861
2012-02-28,45,1114,0,1,0.0850288
2012-02-29,40,1117,1,43,0.0718358
2012-03-01,39,1119,1,41,0.076203
2012-03-02,38,1122,1,26,0.101908
2012-03-03,49,1124,1,26,0.249221
2012-03-04,40,1127,1,14,0.259832
2012-03-05,36,1130,0,0,0.0674797
2012-03-06,34,1133,0,0,0.0749246
2012-03-07,50,1136,0,0,0.0851968
2012-03-08,62,1138,1,3,0.112943
2012-03-09,50,1141,1,8,0.110561
2012-03-10,36,1143,1,0,0.236069
2012-03-11,48,1146,0,0,0.285974
2012-03-12,59,1189,0,2,0.105034
2012-03-13,64,1191,1,10,0.105019
2012-03-14,60,1194,1,1,0.11533
2012-03-15,48,1197,1,24,0.0960209
2012-03-16,47,1200,1,27,0.115033
2012-03-17,54,1203,1,2,0.284508
2012-03-18,55,1206,1,19,0.311307
2012-03-19,64,1208,1,0,0.108031
2012-03-20,64,1251,1,23,0.0923077
2012-03-21,62,1254,1,59,0.120696
2012-03-22,67,1256,1,23,0.126944
2012-03-23,67,1259,0,3,0.14496
2012-03-24,56,1262,1,10,0.327952
2012-03-25,48,1264,1,21,0.278413
2012-03-26,44,1267,0,1,0.069397
2012-03-27,40,1269,0,0,0.0684158
2012-03-28,56,1272,1,10,0.100739
2012-03-29,52,1275,0,17,0.0924448
2012-03-30,48,1277,1,7,0.113752
2012-03-31,40,1280,1,39,0.236874
2012-04-01,47,1283,1,41,0.289385
2012-04-02,48,1286,1,9,0.0728852
2012-04-03,52,1289,0,2,0.101659
2012-04-04,58,1292,0,6,0.101342
2012-04-05,50,1294,0,0,0.0736887
2012-04-06,48,1297,0,0,0.142963
2012-04-07,50,1299,0,3,0.285714
2012-04-08,56,1302,0,4,0.368017
2012-04-09,56,1305,1,7,0.0908752
2012-04-10,52,1307,0,9,0.101083
2012-04-11,48,1310,1,19,0.103582
2012-04-12,52,1312,1,9,0.108562
2012-04-13,54,1315,0,0,0.159352
2012-04-14,61,1317,1,5,0.354772
2012-04-15,68,1320,1,9,0.423832
2012-04-16,76,1323,1,0,0.137631
2012-04-17,70,1325,1,0,0.123705
2012-04-18,56,1328,1,10,0.0929688
2012-04-19,58,1330,1,10,0.110375
2012-04-20,62,1333,1,13,0.147305
2012-04-21,62,1335,1,20,0.345498
2012-04-22,50,1338,1,32,0.259012
2012-04-23,48,1341,1,43,0.0632868
2012-04-24,50,1343,0,14,0.0825402
2012-04-25,52,1346,0,9,0.0941778
2012-04-26,53,1348,1,35,0.0974584
2012-04-27,48,1390,1,11,0.0981132
2012-04-28,49,1393,0,0,0.261647
2012-04-29,54,1395,0,0,0.376218
2012-04-30,52,1397,0,7,0.0828447
2012-05-01,60,1400,1,32,0.0991861
2012-05-02,52,1402,1,40,0.0877855
2012-05-03,54,1404,1,46,0.0972929
2012-05-04,64,1406,1,33,0.1315
2012-05-05,60,1408,1,36,0.388591
2012-05-06,59,1411,1,18,0.388205
2012-05-07,58,1413,1,23,0.106023
2012-05-08,60,1455,1,18,0.0923815
2012-05-09,63,1457,1,39,0.0936315
2012-05-10,58,1459,1,18,0.107186
2012-05-11,58,1461,0,0,0.146846
2012-05-12,66,1463,0,0,0.365887
2012-05-13,72,1465,0,2,0.493511
2012-05-14,66,1467,1,19,0.112983
2012-05-15,63,1469,1,51,0.0995608
2012-05-16,70,1471,1,31,0.10722
2012-05-17,62,1473,1,3,0.106306
2012-05-18,63,1475,0,0,0.185214
2012-05-19,66,1477,0,0,0.364664
2012-05-20,68,1478,0,7,0.413013
2012-05-21,60,1480,1,67,0.0817711
2012-05-22,65,1482,1,44,0.0842747
2012-05-23,70,1483,1,23,0.112014
2012-05-24,64,1484,1,58,0.0992071
2012-05-25,68,1486,1,29,0.160335
2012-05-26,76,1488,1,3,0.376743
2012-05-27,72,1489,1,12,0.471063
2012-05-28,80,1491,1,3,0.393411
2012-05-29,78,1491,1,8,0.0782228
2012-05-30,72,1493,1,10,0.0709549
2012-05-31,72,1494,1,1,0.098029
2012-06-01,68,1496,1,14,0.101744
2012-06-02,68,1496,1,31,0.298807
2012-06-03,67,1497,1,3,0.370614
2012-06-04,58,1499,1,35,0.0848607
2012-06-05,58,1499,1,14,0.0925857
2012-06-06,63,1500,1,7,0.120836
2012-06-07,68,1500,1,10,0.133307
2012-06-08,70,1502,1,5,0.147548
2012-06-09,71,1503,1,8,0.367552
2012-06-10,75,1503,1,10,0.402718
2012-06-11,70,1504,1,12,0.104742
2012-06-12,68,1504,1,70,0.0826661
2012-06-13,66,1504,1,51,0.0819176
2012-06-14,70,1505,0,12,0.117572
2012-06-15,70,1505,1,1,0.145922
2012-06-16,70,1506,0,3,0.436657
2012-06-17,66,1506,0,11,0.462969
2012-06-18,64,1506,0,2,0.110228
2012-06-19,70,1506,1,19,0.0962925
2012-06-20,82,1506,1,0,0.0774051
2012-06-21,86,1506,1,0,0.0693228
2012-06-22,80,1506,1,12,0.0657851
2012-06-23,76,1506,1,8,0.264987
2012-06-24,75,1505,1,3,0.324172
2012-06-25,68,1505,1,18,0.0659489
2012-06-26,65,1505,0,4,0.0869952
2012-06-27,72,1504,0,2,0.0732688
2012-06-28,78,1504,0,2,0.112928
2012-06-29,80,1503,1,12,0.0912628
2012-06-30,85,1503,1,0,0.222869
2012-07-01,84,1502,1,0,0.243855
2012-07-02,80,1502,0,1,0.0661043
2012-07-03,80,1501,0,0,0.0923523
2012-07-04,81,1500,1,8,0.292575
2012-07-05,86,1499,1,0,0.0821787
2012-07-06,82,1499,1,0,0.0773451
2012-07-07,84,1497,1,8,0.213846
2012-07-08,82,1496,1,11,0.220221
2012-07-09,80,1496,0,2,0.0700357
2012-07-10,78,1494,0,6,0.066565
2012-07-11,78,1493,0,9,0.0864753
2012-07-12,80,1491,0,1,0.0837394
2012-07-13,82,1491,1,3,0.105406
2012-07-14,79,1489,1,11,0.289108
2012-07-15,80,1488,1,14,0.297089
2012-07-16,80,1486,1,2,0.0591107
2012-07-17,85,1484,1,0,0.0668983
2012-07-18,86,1484,1,18,0.0466243
2012-07-19,72,1482,1,21,0.0761502
2012-07-20,66,1480,1,58,0.107856
2012-07-21,70,1478,0,13,0.393453
2012-07-22,74,1476,0,2,0.424082
2012-07-23,78,1475,1,7,0.0747215
2012-07-24,82,1473,1,3,0.0782531
2012-07-25,76,1472,0,0,0.0913848
2012-07-26,78,1470,1,19,0.0689841
2012-07-27,79,1468,0,0,0.0830515
2012-07-28,74,1466,1,34,0.283221
2012-07-29,74,1464,1,23,0.368596
2012-07-30,74,1462,0,11,0.0898935
2012-07-31,75,1460,1,10,0.0924135
2012-08-01,74,1458,1,26,0.0850019
2012-08-02,78,1455,1,3,0.0781164
2012-08-03,82,1453,1,0,0.106202
2012-08-04,82,1451,1,0,0.286183
2012-08-05,82,1449,1,14,0.269311
2012-08-06,79,1447,0,11,0.0708756
2012-08-07,76,1445,0,0,0.0869037
2012-08-08,80,1402,1,0,0.0827979
2012-08-09,80,1400,0,0,0.08572
2012-08-10,75,1398,1,13,0.088558
2012-08-11,81,1355,0,3,0.319177
2012-08-12,80,1353,0,4,0.406166
2012-08-13,78,1351,0,0,0.0823529
2012-08-14,76,1348,0,7,0.0852617
2012-08-15,74,1346,1,24,0.0674005
2012-08-16,76,1343,1,0,0.0591142
2012-08-17,76,1341,1,4,0.133969
2012-08-18,71,1339,1,21,0.36725
2012-08-19,68,1336,0,5,0.423452
2012-08-20,72,1334,0,7,0.102669
2012-08-21,74,1331,0,5,0.110092
2012-08-22,75,1329,0,4,0.101672
2012-08-23,77,1326,0,0,0.114777
2012-08-24,78,1324,1,1,0.144367
2012-08-25,78,1321,1,0,0.400501
2012-08-26,76,1319,0,2,0.437913
2012-08-27,76,1316,1,17,0.0923748
2012-08-28,80,1313,1,11,0.0865403
2012-08-29,73,1311,0,0,0.0963004
2012-08-30,72,1308,0,0,0.119582
2012-08-31,80,1306,0,0,0.163043
2012-09-01,82,1304,0,3,0.382595
2012-09-02,76,1301,0,11,0.460759
2012-09-03,75,1299,0,33,0.341246
2012-09-04,75,1296,1,36,0.0762315
2012-09-05,76,1293,1,26,0.0667181
2012-09-06,74,1291,0,1,0.0786204
2012-09-07,79,1288,0,1,0.111916
2012-09-08,72,1285,1,28,0.235664
2012-09-09,70,1283,0,4,0.341691
2012-09-10,65,1280,0,0,0.0844583
2012-09-11,64,1277,0,0,0.0935329
2012-09-12,70,1275,0,0,0.120082
2012-09-13,72,1272,0,0,0.111681
2012-09-14,72,1269,0,0,0.160699
2012-09-15,66,1267,0,3,0.413478
2012-09-16,66,1264,0,0,0.442843
2012-09-17,68,1261,0,2,0.11496
2012-09-18,71,1219,1,44,0.0665422
2012-09-19,64,1216,1,9,0.0838619
2012-09-20,62,1213,0,10,0.0943434
2012-09-21,68,1210,0,8,0.155314
2012-09-22,68,1208,1,13,0.374963
2012-09-23,62,1205,0,1,0.401261
2012-09-24,60,1202,0,5,0.102545
2012-09-25,63,1200,0,2,0.0975654
2012-09-26,70,1197,0,20,0.116517
2012-09-27,69,1194,1,12,0.111356
2012-09-28,64,1192,1,63,0.123961
2012-09-29,61,1189,1,30,0.41551
2012-09-30,62,1186,0,12,0.414138
2012-10-01,61,1184,0,1,0.109272
2012-10-02,66,1181,1,45,0.0882756
2012-10-03,68,1178,1,35,0.102439
2012-10-04,70,1176,1,14,0.101717
2012-10-05,70,1173,1,0,0.147967
2012-10-06,66,1170,0,3,0.341162
2012-10-07,50,1168,1,18,0.340464
2012-10-08,50,1125,0,7,0.14061
2012-10-09,54,1123,1,36,0.0726457
2012-10-10,60,1119,1,32,0.100933
2012-10-11,53,1117,0,0,0.0803763
2012-10-12,49,1114,0,3,0.0860958
2012-10-13,46,1111,0,0,0.210041
2012-10-14,62,1109,0,7,0.304931
2012-10-15,65,1106,1,17,0.0777893
2012-10-16,54,1104,0,0,0.075
2012-10-17,52,1101,0,0,0.092912
2012-10-18,58,1099,0,12,0.094256
2012-10-19,64,1096,1,59,0.138901
2012-10-20,62,1094,1,3,0.343939
2012-10-21,57,1091,0,0,0.329607
2012-10-22,58,1088,0,0,0.0982529
2012-10-23,60,1086,1,10,0.095545
2012-10-24,58,1083,1,38,0.0917483
2012-10-25,58,1081,0,29,0.121519
2012-10-26,61,1039,0,24,0.162485
2012-10-27,62,1036,0,20,0.374897
2012-10-28,57,1033,0,18,0.404334
2012-10-29,57,1031,1,47,0.0276144
2012-10-30,50,1029,1,46,0.0145401
2012-10-31,47,1026,1,24,0.0219702
2012-11-01,47,1024,0,11,0.0419422
2012-11-02,48,1022,0,20,0.0433402
2012-11-03,46,1019,0,6,0.0977099
2012-11-04,45,1017,0,8,0.119235
2012-11-05,40,1015,0,8,0.0315819
2012-11-06,36,1013,0,0,0.0438479
2012-11-07,36,1010,1,35,0.0308504
2012-11-08,40,1007,1,23,0.0296525
2012-11-09,44,1005,0,0,0.0652039
2012-11-10,48,1003,1,11,0.180029
2012-11-11,57,1002,1,2,0.207182
2012-11-12,57,1000,1,12,0.098739
2012-11-13,51,998,1,31,0.0567189
2012-11-14,42,995,0,0,0.0641311
2012-11-15,40,993,0,0,0.0624802
2012-11-16,42,991,0,0,0.0774059
2012-11-17,45,990,0,0,0.201036
2012-11-18,44,988,0,1,0.205317
2012-11-19,42,986,0,6,0.0586493
2012-11-20,46,984,0,0,0.0645216
2012-11-21,46,982,0,0,0.0917694
2012-11-22,48,980,0,0,0.256277
2012-11-23,50,979,1,6,0.16983
2012-11-24,42,977,0,4,0.167935
2012-11-25,36,976,0,9,0.156774
2012-11-26,42,974,0,1,0.0545947
2012-11-27,38,973,1,47,0.0554545
2012-11-28,38,972,0,6,0.063366
2012-11-29,38,970,0,0,0.0666038
2012-11-30,42,929,0,15,0.0910863
2012-12-01,38,927,1,32,0.17634
2012-12-02,46,926,1,28,0.270765
2012-12-03,54,925,1,4,0.0700648
2012-12-04,54,924,1,24,0.0739194
2012-12-05,46,923,1,9,0.0720147
2012-12-06,34,922,0,0,0.067077
2012-12-07,40,921,1,39,0.0977644
2012-12-08,47,920,1,42,0.259514
2012-12-09,46,919,1,30,0.252134
2012-12-10,52,918,1,59,0.0730016
2012-12-11,50,917,1,22,0.0722222
2012-12-12,40,918,1,0,0.0861753
2012-12-13,41,917,0,0,0.0779221
2012-12-14,42,916,0,0,0.112276
2012-12-15,42,915,0,3,0.241323
2012-12-16,44,916,1,43,0.248024
2012-12-17,42,915,1,33,0.0634221
2012-12-18,48,915,1,41,0.0707932
2012-12-19,43,915,0,3,0.0726459
2012-12-20,41,914,1,12,0.0843039
2012-12-21,46,915,1,40,0.0791269
2012-12-22,37,914,1,22,0.154562
2012-12-23,38,915,0,3,0.227011
2012-12-24,36,916,1,12,0.175604
2012-12-25,36,915,1,31,0.258883
2012-12-26,34,916,1,35,0.0581083
2012-12-27,34,917,1,50,0.0516595
2012-12-28,34,916,0,6,0.0894569
2012-12-29,32,917,1,41,0.171607
2012-12-30,31,918,0,3,0.179911
2012-12-31,33,919,0,10,0.109469
2013-01-01,33,919,0,13,0.204743
2013-01-02,28,920,1,0,0.0546799
2013-01-03,28,921,0,6,0.0642243
2013-01-04,34,922,0,5,0.0760887
2013-01-05,37,923,0,1,0.188867
2013-01-06,40,924,1,17,0.228717
2013-01-07,41,924,0,0,0.0674857
2013-01-08,42,925,0,0,0.064062
2013-01-09,44,926,1,6,0.0804657
2013-01-10,44,927,0,0,0.0776903
2013-01-11,42,929,1,24,0.0975332
2013-01-12,44,931,1,47,0.274539
2013-01-13,46,932,1,54,0.292434
2013-01-14,47,933,1,31,0.0839793
2013-01-15,36,935,1,24,0.0653068
2013-01-16,34,936,1,35,0.0726916
2013-01-17,39,938,0,7,0.0867377
2013-01-18,30,939,0,7,0.0917616
2013-01-19,40,941,0,1,0.223379
2013-01-20,42,943,0,0,0.306872
2013-01-21,29,985,0,14,0.113591
2013-01-22,20,986,0,3,0.0495827
2013-01-23,16,988,0,3,0.0490267
2013-01-24,17,990,0,4,0.0350324
2013-01-25,18,993,1,21,0.0680513
2013-01-26,21,994,0,2,0.129998
2013-01-27,26,996,0,0,0.176319
2013-01-28,32,998,1,37,0.0668959
2013-01-29,42,1001,1,38,0.0667611
2013-01-30,49,1003,1,34,0.0714286
2013-01-31,46,1005,1,19,0.0615901
2013-02-01,28,1007,0,6,0.073661
2013-02-02,24,1009,1,19,0.186554
2013-02-03,27,1012,1,23,0.224218
2013-02-04,26,1014,0,3,0.0666364
2013-02-05,30,1016,1,31,0.062109
2013-02-06,34,1018,1,16,0.0729642
2013-02-07,29,1021,0,10,0.067628
2013-02-08,30,1063,1,57,0.0938906
2013-02-09,26,1065,1,17,0.18246
2013-02-10,27,1067,0,0,0.188036
2013-02-11,40,1071,1,54,0.0679263
2013-02-12,40,1073,0,8,0.0743884
2013-02-13,38,1075,1,12,0.0798861
2013-02-14,40,1077,1,11,0.0952637
2013-02-15,46,1080,1,5,0.116711
2013-02-16,36,1083,1,32,0.235463
2013-02-17,25,1085,0,5,0.213391
2013-02-18,26,1088,0,1,0.0949438
2013-02-19,41,1090,1,16,0.0668352
2013-02-20,32,1092,0,7,0.065852
2013-02-21,29,1096,0,4,0.0642037
2013-02-22,32,1098,0,9,0.0892212
2013-02-23,39,1101,1,33,0.243128
2013-02-24,40,1103,1,31,0.258949
2013-02-25,38,1106,0,11,0.0756792
2013-02-26,40,1108,1,17,0.0713422
2013-02-27,42,1112,1,64,0.0625187
2013-02-28,45,1114,1,22,0.0901394
2013-03-01,40,1117,0,15,0.101675
2013-03-02,36,1119,1,25,0.224025
2013-03-03,34,1122,1,14,0.237798
2013-03-04,34,1124,1,2,0.0636741
2013-03-05,40,1127,0,3,0.0641702
2013-03-06,40,1130,0,30,0.0662504
2013-03-07,36,1133,1,47,0.0743425
2013-03-08,36,1136,1,46,0.10512
2013-03-09,45,1138,0,0,0.248938
2013-03-10,43,1141,0,0,0.305761
2013-03-11,47,1143,1,26,0.0838965
2013-03-12,50,1146,1,48,0.0756134
2013-03-13,45,1189,0,3,0.0924806
2013-03-14,35,1191,0,9,0.0672034
2013-03-15,38,1194,0,13,0.127691
2013-03-16,36,1197,1,44,0.255872
2013-03-17,34,1200,0,0,0.279832
2013-03-18,32,1203,1,27,0.0721697
2013-03-19,38,1206,1,25,0.0652106
2013-03-20,38,1208,1,7,0.0829784
2013-03-21,35,1251,0,21,0.0906278
2013-03-22,34,1254,0,7,0.101764
2013-03-23,39,1256,0,4,0.245781
2013-03-24,40,1259,0,0,0.301182
2013-03-25,38,1262,1,32,0.0890072
2013-03-26,45,1264,0,13,0.0913724
2013-03-27,44,1267,0,6,0.102872
2013-03-28,44,1269,0,9,0.119992
2013-03-29,48,1272,0,5,0.162686
2013-03-30,50,1275,0,0,0.298279
2013-03-31,49,1277,1,17,0.332846
2013-04-01,50,1280,1,13,0.0941535
2013-04-02,38,1283,0,0,0.0814726
2013-04-03,40,1286,0,0,0.0778333
2013-04-04,43,1289,0,0,0.0927354
2013-04-05,52,1292,0,4,0.111747
2013-04-06,44,1294,0,0,0.279287
2013-04-07,48,1297,0,3,0.294628
2013-04-08,62,1299,0,0,0.0962859
2013-04-09,66,1302,1,0,0.122563
2013-04-10,64,1305,1,19,0.107902
2013-04-11,54,1307,1,40,0.0960227
2013-04-12,44,1310,1,49,0.104721
2013-04-13,50,1312,1,24,0.30309
2013-04-14,52,1315,0,6,0.320416
2013-04-15,52,1317,0,7,0.10599
2013-04-16,55,1320,0,10,0.0966708
2013-04-17,63,1323,1,13,0.117888
2013-04-18,55,1325,1,24,0.114056
2013-04-19,63,1328,1,27,0.139441
2013-04-20,52,1330,1,10,0.309135
2013-04-21,46,1333,0,0,0.284184
2013-04-22,48,1335,0,2,0.091637
2013-04-23,47,1338,1,23,0.0777664
2013-04-24,56,1341,0,2,0.110482
2013-04-25,56,1343,0,5,0.10545
2013-04-26,58,1346,0,0,0.143426
2013-04-27,60,1348,0,2,0.330506
2013-04-28,60,1390,0,0,0.390266
2013-04-29,54,1393,1,27,0.0969057
2013-04-30,60,1395,0,11,0.105043
2013-05-01,58,1397,0,0,0.113727
2013-05-02,60,1400,0,0,0.141068
2013-05-03,58,1402,0,5,0.136852
2013-05-04,58,1404,0,0,0.369034
2013-05-05,55,1406,0,3,0.391018
2013-05-06,58,1408,0,17,0.116634
2013-05-07,63,1411,0,6,0.119917
2013-05-08,59,1413,1,66,0.0812255
2013-05-09,61,1455,1,38,0.116428
2013-05-10,69,1457,1,0,0.157111
2013-05-11,66,1459,1,31,0.362096
2013-05-12,60,1461,1,5,0.390898
2013-05-13,52,1463,0,2,0.0937876
2013-05-14,52,1465,0,0,0.103506
2013-05-15,66,1467,0,11,0.111676
2013-05-16,70,1469,0,4,0.139706
2013-05-17,65,1471,0,0,0.19988
2013-05-18,60,1473,0,18,0.392684
2013-05-19,57,1475,1,61,0.374145
2013-05-20,68,1477,1,20,0.113882
2013-05-21,77,1478,1,0,0.132136
2013-05-22,68,1480,1,19,0.117887
2013-05-23,72,1482,1,48,0.0997897
2013-05-24,55,1483,1,46,0.115465
2013-05-25,50,1484,1,33,0.241607
2013-05-26,57,1486,0,2,0.427127
2013-05-27,62,1488,0,0,0.442637
2013-05-28,62,1489,1,32,0.110858
2013-05-29,70,1491,1,17,0.103634
2013-05-30,81,1491,1,0,0.132236
2013-05-31,82,1493,0,0,0.136222
2013-06-01,82,1494,0,0,0.313407
2013-06-02,78,1496,1,10,0.318803
2013-06-03,72,1496,1,42,0.0682643
2013-06-04,66,1497,0,0,0.0971478
2013-06-05,66,1499,0,0,0.118235
2013-06-06,64,1499,1,12,0.109151
2013-06-07,61,1500,1,78,0.083521
2013-06-08,67,1500,1,15,0.31146
2013-06-09,72,1502,0,2,0.435897
2013-06-10,66,1503,1,62,0.086805
2013-06-11,72,1503,1,23,0.0826778
2013-06-12,70,1504,0,0,0.112924
2013-06-13,62,1504,1,40,0.0794691
2013-06-14,62,1504,1,25,0.116105
2013-06-15,70,1505,0,0,0.453687
2013-06-16,72,1505,0,4,0.523093
2013-06-17,76,1506,1,4,0.107384
2013-06-18,74,1506,1,26,0.0772947
2013-06-19,68,1506,0,5,0.118522
2013-06-20,71,1506,0,0,0.127546
2013-06-21,73,1506,0,0,0.181953
2013-06-22,74,1506,0,0,0.420487
2013-06-23,79,1506,0,4,0.403714
2013-06-24,83,1506,0,1,0.0882988
2013-06-25,82,1505,0,2,0.0778919
2013-06-26,80,1505,1,5,0.0829302
2013-06-27,80,1505,1,17,0.0732993
2013-06-28,79,1504,1,9,0.105359
2013-06-29,77,1504,1,4,0.344944
2013-06-30,80,1503,1,8,0.358545
2013-07-01,74,1503,1,43,0.080249
2013-07-02,77,1502,1,19,0.0761803
2013-07-03,78,1502,1,14,0.086357
2013-07-04,81,1501,1,18,0.332377
2013-07-05,83,1500,0,0,0.151502
2013-07-06,85,1499,0,0,0.292385
2013-07-07,85,1499,0,0,0.280608
2013-07-08,81,1497,1,6,0.0553656
2013-07-09,81,1496,1,9,0.0612985
2013-07-10,80,1496,1,2,0.0627907
2013-07-11,80,1494,0,6,0.0788944
2013-07-12,72,1493,1,32,0.0946734
2013-07-13,74,1491,1,35,0.328381
2013-07-14,82,1491,1,3,0.335966
2013-07-15,86,1489,0,1,0.0645995
2013-07-16,86,1488,0,1,0.064637
2013-07-17,88,1486,0,1,0.0625582
2013-07-18,90,1484,1,0,0.0614845
2013-07-19,90,1484,1,0,0.0688388
2013-07-20,87,1482,1,5,0.202362
2013-07-21,82,1480,0,3,0.289545
2013-07-22,80,1478,1,28,0.0706326
2013-07-23,80,1476,1,27,0.0635165
2013-07-24,76,1475,0,2,0.0792203
2013-07-25,66,1473,1,26,0.105621
2013-07-26,74,1472,0,12,0.140759
2013-07-27,76,1470,0,1,0.411492
2013-07-28,74,1468,1,17,0.391753
2013-07-29,77,1466,1,6,0.0719919
2013-07-30,75,1464,0,0,0.0936178
2013-07-31,75,1462,0,1,0.108579
2013-08-01,71,1460,1,49,0.0900415
2013-08-02,75,1458,1,11,0.136319
2013-08-03,73,1455,1,11,0.410841
2013-08-04,73,1453,0,0,0.437266
2013-08-05,70,1451,0,0,0.109647
2013-08-06,73,1449,0,5,0.100203
2013-08-07,75,1447,0,25,0.11907
2013-08-08,76,1445,1,41,0.105691
2013-08-09,80,1402,1,17,0.108137
2013-08-10,76,1400,0,0,0.429157
2013-08-11,73,1398,0,7,0.450923
2013-08-12,76,1355,1,10,0.0980103
2013-08-13,72,1353,1,25,0.092042
2013-08-14,68,1351,0,0,0.120846
2013-08-15,68,1348,0,0,0.144784
2013-08-16,73,1346,0,0,0.185113
2013-08-17,74,1343,0,0,0.447404
2013-08-18,72,1341,0,4,0.44765
2013-08-19,72,1339,0,2,0.106617
2013-08-20,78,1336,0,0,0.103132
2013-08-21,81,1334,0,0,0.11026
2013-08-22,74,1331,1,18,0.1006
2013-08-23,76,1329,1,1,0.150679
2013-08-24,72,1326,0,0,0.474922
2013-08-25,74,1324,0,0,0.498922
2013-08-26,76,1321,1,9,0.102604
2013-08-27,79,1319,1,15,0.10227
2013-08-28,78,1316,1,18,0.09249
2013-08-29,76,1313,1,26,0.111262
2013-08-30,78,1311,0,14,0.169454
2013-08-31,80,1308,1,8,0.42201
2013-09-01,80,1306,1,9,0.469177
2013-09-02,78,1304,1,21,0.290547
2013-09-03,75,1301,1,20,0.096904
2013-09-04,74,1299,0,0,0.117658
2013-09-05,72,1296,0,3,0.11803
2013-09-06,64,1293,0,0,0.174298
2013-09-07,70,1291,0,2,0.431925
2013-09-08,74,1288,0,4,0.418461
2013-09-09,65,1285,0,2,0.114145
2013-09-10,78,1283,0,14,0.107594
2013-09-11,86,1280,1,0,0.0841713
2013-09-12,78,1277,1,12,0.0610373
2013-09-13,68,1275,1,7,0.13496
2013-09-14,60,1272,0,2,0.404221
2013-09-15,62,1269,0,0,0.429724
2013-09-16,64,1267,1,13,0.0985836
2013-09-17,58,1264,0,0,0.108174
2013-09-18,62,1261,0,0,0.107112
2013-09-19,66,1219,0,0,0.0731908
2013-09-20,70,1216,0,0,0.172834
2013-09-21,69,1213,1,19,0.384933
2013-09-22,62,1210,1,14,0.338978
2013-09-23,58,1208,0,1,0.114845
2013-09-24,60,1205,0,0,0.1136
2013-09-25,62,1202,0,0,0.137931
2013-09-26,64,1200,0,17,0.132984
2013-09-27,63,1197,0,16,0.157164
2013-09-28,64,1194,0,0,0.435084
2013-09-29,64,1192,0,0,0.433819
2013-09-30,66,1189,0,0,0.106229
2013-10-01,70,1186,0,0,0.0985666
2013-10-02,74,1184,0,0,0.113704
2013-10-03,70,1181,0,1,0.121848
2013-10-04,76,1178,1,4,0.1321
2013-10-05,70,1176,1,13,0.394908
2013-10-06,68,1173,1,39,0.391887
2013-10-07,68,1170,1,41,0.0848811
2013-10-08,60,1168,0,0,0.0952461
2013-10-09,58,1125,0,0,0.111439
2013-10-10,60,1123,1,28,0.109543
2013-10-11,64,1119,1,31,0.145859
2013-10-12,66,1117,0,18,0.401957
2013-10-13,60,1114,0,14,0.438431
2013-10-14,59,1111,0,3,0.175955
2013-10-15,62,1109,0,0,0.110928
2013-10-16,62,1106,1,27,0.115973
2013-10-17,67,1104,1,26,0.130542
2013-10-18,62,1101,0,4,0.162343
2013-10-19,58,1099,0,13,0.376786
2013-10-20,56,1096,0,0,0.362098
2013-10-21,58,1094,0,0,0.0969707
2013-10-22,59,1091,0,6,0.0954349
2013-10-23,50,1088,0,7,0.0836547
2013-10-24,48,1086,0,3,0.0739416
2013-10-25,46,1083,0,4,0.0909897
2013-10-26,48,1081,0,5,0.273996
2013-10-27,52,1039,0,3,0.334315
2013-10-28,52,1036,0,0,0.0832041
2013-10-29,50,1033,0,7,0.0703015
2013-10-30,54,1031,1,13,0.0972077
2013-10-31,60,1029,1,26,0.127478
2013-11-01,64,1026,1,15,0.148323
2013-11-02,62,1024,0,6,0.399426
2013-11-03,46,1022,0,10,0.285492
2013-11-04,40,1019,0,0,0.0671389
2013-11-05,48,1017,0,5,0.0953841
2013-11-06,55,1015,0,5,0.0977457
2013-11-07,54,1013,1,27,0.091863
2013-11-08,45,1010,0,7,0.106276
2013-11-09,44,1007,0,4,0.265425
2013-11-10,52,1005,0,9,0.285075
2013-11-11,48,1003,0,12,0.125593
2013-11-12,42,1002,1,18,0.0498888
2013-11-13,34,1000,0,0,0.062068
2013-11-14,42,998,0,0,0.0691128
2013-11-15,50,995,0,0,0.121551
2013-11-16,52,993,1,9,0.280773
2013-11-17,56,991,1,48,0.357408
2013-11-18,58,990,1,20,0.0704861
2013-11-19,44,988,0,5,0.0675378
2013-11-20,38,986,0,0,0.0731117
2013-11-21,44,984,0,17,0.0886519
2013-11-22,54,982,1,25,0.140036
2013-11-23,42,980,1,8,0.412531
2013-11-24,26,979,0,2,0.127843
2013-11-25,29,977,0,0,0.0400042
2013-11-26,40,976,1,28,0.0512155
2013-11-27,48,974,1,57,0.074896
2013-11-28,32,973,0,7,0.22398
2013-11-29,34,972,0,10,0.167504
2013-11-30,32,970,0,8,0.196181
2013-12-01,42,929,0,16,0.267327
2013-12-02,45,927,1,12,0.0787029
2013-12-03,46,926,1,3,0.0844833
2013-12-04,46,925,1,12,0.0857784
2013-12-05,54,924,1,42,0.0959166
2013-12-06,50,923,1,50,0.104741
2013-12-07,36,922,1,14,0.238622
2013-12-08,31,921,1,29,0.220339
2013-12-09,35,920,1,42,0.0600151
2013-12-10,34,919,1,31,0.0671531
2013-12-11,30,918,0,0,0.0623631
2013-12-12,26,917,0,1,0.0590168
2013-12-13,29,918,0,5,0.0863051
2013-12-14,28,917,1,52,0.195697
2013-12-15,35,916,1,36,0.163375
2013-12-16,29,915,0,3,0.0644337
2013-12-17,28,916,1,50,0.0657002
2013-12-18,30,915,0,9,0.0638813
2013-12-19,38,915,0,0,0.0763586
2013-12-20,47,915,0,5,0.114467
2013-12-21,58,914,0,5,0.304322
2013-12-22,66,915,0,19,0.303821
2013-12-23,53,914,1,44,0.0924179
2013-12-24,34,915,0,6,0.145635
2013-12-25,25,916,0,3,0.274992
2013-12-26,33,915,0,17,0.0756387
2013-12-27,36,916,0,4,0.0898416
2013-12-28,46,917,0,3,0.224879
2013-12-29,44,916,1,38,0.185052
2013-12-30,34,917,0,10,0.0891972
2013-12-31,26,918,0,4,0.107715
2014-01-01,28,919,0,7,0.251439
2014-01-02,26,920,1,33,0.0536773
2014-01-03,14,921,1,24,0.0712937
2014-01-04,18,922,0,0,0.0839664
2014-01-05,34,923,1,44,0.135914
2014-01-06,37,924,1,46,0.0543325
2014-01-07,12,924,0,0,0.0335181
2014-01-08,16,925,0,4,0.0365521
2014-01-09,27,926,0,2,0.0455807
2014-01-10,34,927,1,57,0.0724379
2014-01-11,48,929,1,68,0.211899
2014-01-12,46,931,1,15,0.220705
2014-01-13,44,932,0,0,0.0760616
2014-01-14,48,933,1,18,0.0673291
2014-01-15,43,935,0,0,0.0746427
2014-01-16,39,936,0,1,0.0801474
2014-01-17,38,938,0,0,0.0983504
2014-01-18,35,939,0,0,0.241207
2014-01-19,31,941,0,0,0.228812
2014-01-20,38,943,0,0,0.14
2014-01-21,21,985,0,0,0.0616721
2014-01-22,11,986,0,0,0.0399042
2014-01-23,14,988,0,0,0.0366963
2014-01-24,15,990,0,0,0.0520629
2014-01-25,24,993,1,8,0.136958
2014-01-26,26,994,0,10,0.166881
2014-01-27,32,996,0,10,0.0569167
2014-01-28,16,998,0,9,0.0563746
2014-01-29,18,1001,1,7,0.0668969
2014-01-30,23,1003,0,0,0.0646754
2014-01-31,32,1005,0,12,0.103745
2014-02-01,40,1007,1,0,0.232584
2014-02-02,48,1009,1,12,0.284618
2014-02-03,35,1012,1,43,0.0781833
2014-02-04,28,1014,1,7,0.0636048
2014-02-05,32,1016,1,60,0.0610169
2014-02-06,26,1018,0,4,0.0483136
2014-02-07,28,1021,0,0,0.0774244
2014-02-08,25,1063,0,8,0.163061
2014-02-09,26,1065,1,26,0.177215
2014-02-10,25,1067,0,0,0.0621484
2014-02-11,21,1071,0,0,0.0552281
2014-02-12,19,1073,0,6,0.0608164
2014-02-13,30,1075,1,54,0.0713829
2014-02-14,36,1077,1,19,0.0777728
2014-02-15,32,1080,1,35,0.202026
2014-02-16,26,1083,0,8,0.172898
2014-02-17,25,1085,0,0,0.0981281
2014-02-18,32,1088,1,25,0.0792745
2014-02-19,40,1090,1,12,0.0757746
2014-02-20,44,1092,1,19,0.0627098
2014-02-21,42,1096,1,41,0.11262
2014-02-22,47,1098,0,0,0.243528
2014-02-23,48,1101,0,6,0.236739
2014-02-24,36,1103,0,6,0.0640904
2014-02-25,28,1106,0,7,0.0647696
2014-02-26,26,1108,1,18,0.0599059
2014-02-27,24,1112,1,8,0.064579
2014-02-28,16,1114,0,0,0.0874259
2014-03-01,28,1117,0,9,0.22072
2014-03-02,36,1119,0,21,0.225586
2014-03-03,25,1122,1,16,0.0663578
2014-03-04,21,1124,0,3,0.0694149
2014-03-05,32,1127,0,16,0.0695067
2014-03-06,24,1130,0,0,0.0722214
2014-03-07,32,1133,0,28,0.107083
2014-03-08,46,1136,0,11,0.248852
2014-03-09,40,1138,0,6,0.243093
2014-03-10,44,1141,1,22,0.0809826
2014-03-11,56,1143,0,1,0.0990294
2014-03-12,44,1146,1,32,0.0907882
2014-03-13,25,1189,0,11,0.0690263
2014-03-14,34,1191,0,7,0.105255
2014-03-15,50,1194,0,8,0.282145
2014-03-16,36,1197,0,8,0.272749
2014-03-17,29,1200,0,17,0.0928036
2014-03-18,36,1203,0,0,0.087781
2014-03-19,39,1206,1,39,0.0813286
2014-03-20,47,1208,1,19,0.0971712
2014-03-21,45,1251,0,5,0.123953
2014-03-22,52,1254,0,5,0.259006
2014-03-23,34,1256,0,9,0.264423
2014-03-24,28,1259,0,0,0.0796348
2014-03-25,32,1262,0,14,0.0821256
2014-03-26,30,1264,0,7,0.0872055
2014-03-27,33,1267,0,2,0.100219
2014-03-28,50,1269,1,23,0.149066
2014-03-29,51,1272,1,41,0.274564
2014-03-30,44,1275,1,42,0.193302
2014-03-31,46,1277,1,21,0.0803956
2014-04-01,50,1280,0,2,0.105534
2014-04-02,48,1283,0,6,0.112157
2014-04-03,56,1286,1,4,0.117897
2014-04-04,44,1289,1,39,0.117843
2014-04-05,47,1292,1,10,0.240862
2014-04-06,48,1294,0,0,0.304314
2014-04-07,48,1297,1,30,0.0880288
2014-04-08,55,1299,1,25,0.0983897
2014-04-09,53,1302,0,0,0.107
2014-04-10,50,1305,0,0,0.113443
2014-04-11,66,1307,0,6,0.151601
2014-04-12,62,1310,0,6,0.379958
2014-04-13,66,1312,0,5,0.396119
2014-04-14,67,1315,0,0,0.139945
2014-04-15,48,1317,1,60,0.107971
2014-04-16,40,1320,0,1,0.0959696
2014-04-17,42,1323,0,3,0.112034
2014-04-18,42,1325,0,5,0.15798
2014-04-19,54,1328,0,0,0.368257
2014-04-20,52,1330,0,0,0.39765
2014-04-21,54,1333,0,0,0.131597
2014-04-22,61,1335,1,6,0.119993
2014-04-23,53,1338,0,17,0.104252
2014-04-24,52,1341,0,0,0.111804
2014-04-25,54,1343,1,5,0.146962
2014-04-26,56,1346,1,35,0.34378
2014-04-27,53,1348,0,9,0.353193
2014-04-28,56,1390,0,0,0.118365
2014-04-29,48,1393,1,27,0.0865531
2014-04-30,46,1395,1,82,0.0524729
2014-05-01,64,1397,1,36,0.0900383
2014-05-02,63,1400,0,6,0.172537
2014-05-03,62,1402,1,10,0.369822
2014-05-04,60,1404,0,13,0.3782
2014-05-05,60,1406,0,1,0.112157
2014-05-06,62,1408,0,6,0.114865
2014-05-07,60,1411,0,0,0.114872
2014-05-08,56,1413,1,51,0.112018
2014-05-09,59,1455,1,52,0.159079
2014-05-10,70,1457,1,36,0.371513
2014-05-11,71,1459,1,2,0.486209
2014-05-12,74,1461,0,9,0.149051
2014-05-13,63,1463,1,0,0.12137
2014-05-14,62,1465,1,26,0.115712
2014-05-15,64,1467,1,51,0.0922834
2014-05-16,64,1469,1,40,0.137948
2014-05-17,62,1471,0,2,0.366248
2014-05-18,59,1473,0,6,0.431027
2014-05-19,60,1475,0,4,0.11878
2014-05-20,66,1477,0,6,0.135783
2014-05-21,68,1478,0,16,0.134174
2014-05-22,63,1480,1,62,0.122319
2014-05-23,64,1482,1,48,0.151795
2014-05-24,64,1483,1,30,0.371466
2014-05-25,68,1484,1,1,0.554551
2014-05-26,76,1486,0,0,0.497588
2014-05-27,75,1488,0,4,0.122058
2014-05-28,59,1489,1,25,0.0991296
2014-05-29,58,1491,0,12,0.116462
2014-05-30,65,1491,0,9,0.152043
2014-05-31,65,1493,1,4,0.44052
2014-06-01,66,1494,0,0,0.470177
2014-06-02,70,1496,0,0,0.1476
2014-06-03,76,1496,1,10,0.119628
2014-06-04,72,1497,1,8,0.135348
2014-06-05,68,1499,1,45,0.126518
2014-06-06,68,1499,0,3,0.189093
2014-06-07,71,1500,0,0,0.451737
2014-06-08,76,1500,0,1,0.472752
2014-06-09,68,1502,1,64,0.109048
2014-06-10,71,1503,1,29,0.12403
2014-06-11,66,1503,1,30,0.126477
2014-06-12,66,1504,1,46,0.121152
2014-06-13,72,1504,1,49,0.119658
2014-06-14,67,1504,1,6,0.439375
2014-06-15,70,1505,0,0,0.555441
2014-06-16,72,1505,0,1,0.147347
2014-06-17,80,1506,0,1,0.107923
2014-06-18,82,1506,0,0,0.0909091
2014-06-19,72,1506,1,11,0.102356
2014-06-20,72,1506,0,0,0.167191
2014-06-21,70,1506,0,0,0.453823
2014-06-22,72,1506,0,3,0.4672
2014-06-23,73,1506,0,0,0.124006
2014-06-24,74,1506,0,3,0.11707
2014-06-25,78,1505,1,13,0.103768
2014-06-26,78,1505,1,7,0.110472
2014-06-27,75,1505,0,12,0.182665
2014-06-28,76,1504,0,0,0.454956
2014-06-29,76,1504,0,0,0.440244
2014-06-30,76,1503,0,1,0.130415
2014-07-01,80,1503,0,0,0.108745
2014-07-02,82,1502,1,14,0.0699332
2014-07-03,78,1502,1,14,0.0736398
2014-07-04,70,1501,1,30,0.374963
2014-07-05,72,1500,0,0,0.474806
2014-07-06,75,1499,0,0,0.456496
2014-07-07,81,1499,1,6,0.0938967
2014-07-08,81,1497,1,6,0.0743253
2014-07-09,80,1496,1,9,0.0710761
2014-07-10,78,1496,0,7,0.105143
2014-07-11,78,1494,0,6,0.155622
2014-07-12,78,1493,0,2,0.384406
2014-07-13,78,1491,1,6,0.442581
2014-07-14,78,1491,1,34,0.0664235
2014-07-15,79,1489,1,38,0.0536496
2014-07-16,74,1488,1,20,0.0998061
2014-07-17,74,1486,0,4,0.12147
2014-07-18,72,1484,0,0,0.175101
2014-07-19,72,1484,0,0,0.468395
2014-07-20,72,1482,0,0,0.435145
2014-07-21,76,1480,0,3,0.121581
2014-07-22,78,1478,0,0,0.110805
2014-07-23,80,1476,1,7,0.0803945
2014-07-24,75,1475,0,6,0.115205
2014-07-25,74,1473,0,1,0.178853
2014-07-26,75,1472,0,5,0.42593
2014-07-27,78,1470,1,6,0.420166
2014-07-28,75,1468,1,19,0.110705
2014-07-29,70,1466,0,2,0.139186
2014-07-30,72,1464,0,2,0.135628
2014-07-31,75,1462,0,4,0.134275
2014-08-01,78,1460,1,3,0.176825
2014-08-02,68,1458,1,26,0.434992
2014-08-03,71,1455,1,35,0.452338
2014-08-04,77,1453,1,11,0.105771
2014-08-05,80,1451,0,0,0.124882
2014-08-06,76,1449,0,0,0.122792
2014-08-07,74,1447,0,3,0.135503
2014-08-08,74,1445,0,0,0.174043
2014-08-09,76,1402,0,0,0.465267
2014-08-10,78,1400,0,0,0.464706
2014-08-11,79,1398,0,0,0.118252
2014-08-12,74,1355,1,23,0.0949887
2014-08-13,75,1353,1,36,0.0980329
2014-08-14,70,1351,0,0,0.151466
2014-08-15,67,1348,0,10,0.210286
2014-08-16,70,1346,0,0,0.50564
2014-08-17,74,1343,0,5,0.501648
2014-08-18,72,1341,0,0,0.137914
2014-08-19,73,1339,1,1,0.126019
2014-08-20,77,1336,0,4,0.130906
2014-08-21,74,1334,1,17,0.133813
2014-08-22,72,1331,1,18,0.157572
2014-08-23,72,1329,0,19,0.498896
2014-08-24,72,1326,0,0,0.496192
2014-08-25,76,1324,0,0,0.136711
2014-08-26,80,1321,0,0,0.116602
2014-08-27,80,1319,0,2,0.119043
2014-08-28,74,1316,0,1,0.135337
2014-08-29,70,1313,0,0,0.201731
2014-08-30,72,1311,0,15,0.50818
2014-08-31,82,1308,1,24,0.485912
2014-09-01,82,1306,0,7,0.367445
2014-09-02,84,1304,0,1,0.0896146
2014-09-03,79,1301,0,0,0.0935977
2014-09-04,78,1299,0,0,0.104708
2014-09-05,80,1296,1,5,0.135973
2014-09-06,80,1293,1,17,0.348003
2014-09-07,73,1291,0,5,0.392812
2014-09-08,70,1288,0,0,0.111591
2014-09-09,68,1285,0,26,0.113963
2014-09-10,72,1283,0,10,0.121441
2014-09-11,76,1280,0,18,0.123234
2014-09-12,70,1277,0,5,0.186933
2014-09-13,64,1275,1,54,0.427603
2014-09-14,62,1272,0,0,0.498718
2014-09-15,63,1269,0,0,0.144673
2014-09-16,64,1267,1,29,0.125362
2014-09-17,64,1264,0,0,0.131137
2014-09-18,66,1261,0,1,0.149488
2014-09-19,60,1219,0,3,0.190143
2014-09-20,66,1216,0,5,0.474351
2014-09-21,71,1213,1,46,0.457326
2014-09-22,63,1210,1,5,0.112075
2014-09-23,62,1208,0,0,0.119567
2014-09-24,64,1205,0,3,0.143707
2014-09-25,60,1202,1,27,0.159203
2014-09-26,68,1200,0,0,0.218629
2014-09-27,72,1197,0,0,0.489841
2014-09-28,74,1194,0,0,0.459299
2014-09-29,73,1192,0,5,0.118425
2014-09-30,66,1189,1,44,0.103473
2014-10-01,63,1186,1,42,0.139014
2014-10-02,66,1184,0,27,0.146774
2014-10-03,64,1181,0,5,0.197376
2014-10-04,60,1178,1,40,0.405875
2014-10-05,54,1176,0,0,0.384748
2014-10-06,60,1173,0,0,0.113559
2014-10-07,67,1170,1,12,0.12624
2014-10-08,68,1168,1,9,0.134904
2014-10-09,62,1125,0,0,0.137822
2014-10-10,58,1123,0,10,0.198719
2014-10-11,55,1119,1,38,0.393402
2014-10-12,56,1117,0,0,0.417618
2014-10-13,58,1114,1,35,0.221154
2014-10-14,70,1111,1,16,0.140628
2014-10-15,73,1109,1,47,0.125813
2014-10-16,66,1106,1,32,0.135069
2014-10-17,65,1104,0,6,0.18774
2014-10-18,63,1101,0,18,0.3948
2014-10-19,50,1099,0,10,0.286331
2014-10-20,51,1096,1,0,0.0834074
2014-10-21,61,1094,1,14,0.11899
2014-10-22,54,1091,1,54,0.0934456
2014-10-23,52,1088,1,42,0.0847763
2014-10-24,57,1086,0,8,0.147267
2014-10-25,58,1083,1,2,0.364488
2014-10-26,58,1081,0,14,0.369451
2014-10-27,56,1039,0,0,0.105571
2014-10-28,62,1036,0,0,0.120712
2014-10-29,62,1033,1,7,0.130536
2014-10-30,53,1031,0,1,0.112451
2014-10-31,50,1029,1,20,0.149463
2014-11-01,44,1026,1,27,0.240698
2014-11-02,44,1024,0,9,0.184389
2014-11-03,50,1022,0,6,0.0809211
2014-11-04,60,1019,0,6,0.124228
2014-11-05,60,1017,0,3,0.12032
2014-11-06,52,1015,1,45,0.0985892
2014-11-07,46,1013,0,14,0.119181
2014-11-08,42,1010,0,1,0.238573
2014-11-09,52,1007,0,7,0.304596
2014-11-10,52,1005,0,0,0.110908
2014-11-11,56,1003,1,20,0.175817
2014-11-12,56,1002,1,36,0.118548
2014-11-13,42,1000,1,20,0.0904615
2014-11-14,38,998,1,16,0.112477
2014-11-15,38,995,0,0,0.235732
2014-11-16,40,993,1,20,0.253284
2014-11-17,46,991,1,76,0.0807169
2014-11-18,34,990,0,0,0.058337
2014-11-19,29,988,0,4,0.0605792
2014-11-20,38,986,0,7,0.087417
2014-11-21,32,984,0,0,0.106284
2014-11-22,36,982,0,7,0.274057
2014-11-23,50,980,0,11,0.340722
2014-11-24,61,979,1,31,0.108005
2014-11-25,60,977,0,0,0.122116
2014-11-26,42,976,1,39,0.102277
2014-11-27,36,974,1,45,0.255834
2014-11-28,33,973,0,2,0.173555
2014-11-29,36,972,0,14,0.229762
2014-11-30,50,970,0,21,0.266042
2014-12-01,54,929,1,18,0.0875764
2014-12-02,39,927,1,26,0.0855869
2014-12-03,44,926,1,36,0.103664
2014-12-04,41,925,0,0,0.102988
2014-12-05,39,924,1,30,0.121559
2014-12-06,44,923,1,66,0.270517
2014-12-07,36,922,1,2,0.228443
2014-12-08,30,921,0,18,0.0773861
2014-12-09,39,920,1,52,0.055699
2014-12-10,36,919,1,46,0.0796091
2014-12-11,34,918,1,26,0.0931168
2014-12-12,35,917,0,18,0.122675
2014-12-13,39,918,0,2,0.273662
2014-12-14,42,917,0,9,0.289929
2014-12-15,42,916,0,0,0.106277
2014-12-16,44,915,1,33,0.109344
2014-12-17,48,916,1,29,0.118444
2014-12-18,40,915,0,11,0.114161
2014-12-19,34,915,0,12,0.143271
2014-12-20,32,915,0,26,0.245672
2014-12-21,34,914,1,33,0.289894
2014-12-22,40,915,1,33,0.101624
2014-12-23,44,914,1,57,0.115787
2014-12-24,51,915,1,62,0.211014
2014-12-25,53,916,1,19,0.416667
2014-12-26,45,915,0,0,0.159357
2014-12-27,50,916,0,1,0.279551
2014-12-28,48,917,1,14,0.282591
2014-12-29,39,916,0,0,0.0966343
2014-12-30,31,917,0,5,0.10716
2014-12-31,30,918,0,4,0.138857
2015-01-01,33,919,0,0,0.297989
2015-01-02,38,920,0,3,0.125328
2015-01-03,38,921,1,48,0.247585
2015-01-04,48,922,1,48,0.255495
2015-01-05,36,923,0,2,0.0758108
2015-01-06,20,924,1,28,0.0691733
2015-01-07,16,924,0,0,0.0531702
2015-01-08,14,925,0,0,0.0459445
2015-01-09,26,926,1,21,0.0798105
2015-01-10,20,927,0,0,0.180516
2015-01-11,28,929,0,8,0.207973
2015-01-12,37,931,1,52,0.0820816
2015-01-13,26,932,0,9,0.0775205
2015-01-14,24,933,0,17,0.0812981
2015-01-15,30,935,0,8,0.0956762
2015-01-16,32,936,1,2,0.127485
2015-01-17,24,938,0,0,0.218892
2015-01-18,36,939,1,54,0.24615
2015-01-19,39,941,0,19,0.166291
2015-01-20,36,943,0,12,0.095343
2015-01-21,30,985,0,12,0.0915942
2015-01-22,36,986,1,26,0.0868696
2015-01-23,34,988,0,3,0.116441
2015-01-24,36,990,1,48,0.248454
2015-01-25,36,993,0,8,0.281446
2015-01-26,26,994,1,53,0.0815253
2015-01-27,25,996,1,32,0.101569
2015-01-28,25,998,0,0,0.0685093
2015-01-29,28,1001,1,11,0.0860322
2015-01-30,28,1003,1,33,0.118308
2015-01-31,20,1005,0,0,0.161275
2015-02-01,28,1007,1,24,0.25046
2015-02-02,24,1009,1,56,0.0719855
2015-02-03,20,1012,0,0,0.053119
2015-02-04,34,1014,0,13,0.0634041
2015-02-05,28,1016,0,8,0.0676315
2015-02-06,20,1018,0,3,0.0826578
2015-02-07,32,1021,1,26,0.2228
2015-02-08,33,1063,1,28,0.233674
2015-02-09,27,1065,1,28,0.072063
2015-02-10,33,1067,1,22,0.0794337
2015-02-11,28,1071,0,1,0.0905683
2015-02-12,28,1073,1,25,0.0839589
2015-02-13,14,1075,0,0,0.0861225
2015-02-14,24,1077,1,39,0.197821
2015-02-15,14,1080,1,16,0.147602
2015-02-16,12,1083,0,4,0.0705386
2015-02-17,20,1085,1,32,0.0721954
2015-02-18,26,1088,1,11,0.0807585
2015-02-19,18,1090,0,7,0.0717722
2015-02-20,10,1092,0,0,0.0813732
2015-02-21,22,1096,1,30,0.171527
2015-02-22,38,1098,1,30,0.178356
2015-02-23,23,1101,0,6,0.0639704
2015-02-24,14,1103,0,1,0.0582098
2015-02-25,28,1106,0,0,0.0761351
2015-02-26,26,1108,1,15,0.0732658
2015-02-27,24,1112,0,3,0.105739
2015-02-28,21,1114,0,0,0.20661
2015-03-01,28,1117,1,42,0.220771
2015-03-02,33,1119,1,18,0.0663687
2015-03-03,30,1122,1,28,0.0654948
2015-03-04,40,1124,1,39,0.0704494
2015-03-05,30,1127,1,57,0.09042
2015-03-06,20,1130,0,0,0.0883889
2015-03-07,28,1133,0,6,0.196409
2015-03-08,43,1136,0,8,0.205596
2015-03-09,47,1138,1,6,0.0906866
2015-03-10,46,1141,1,27,0.0758092
2015-03-11,52,1143,1,13,0.0915947
2015-03-12,42,1146,0,0,0.0849745
2015-03-13,37,1189,0,1,0.109198
2015-03-14,46,1191,1,43,0.236996
2015-03-15,40,1194,0,18,0.223682
2015-03-16,44,1197,0,3,0.0773502
2015-03-17,46,1200,1,10,0.087056
2015-03-18,34,1203,0,5,0.0768648
2015-03-19,36,1206,0,1,0.0861251
2015-03-20,34,1208,1,30,0.107538
2015-03-21,38,1251,1,30,0.249798
2015-03-22,36,1254,0,0,0.277948
2015-03-23,30,1256,0,0,0.0838858
2015-03-24,36,1259,0,7,0.0889623
2015-03-25,42,1262,1,16,0.0965831
2015-03-26,52,1264,1,59,0.091253
2015-03-27,42,1267,1,42,0.123099
2015-03-28,33,1269,1,25,0.26819
2015-03-29,36,1272,0,7,0.280399
2015-03-30,45,1275,1,18,0.0984024
2015-03-31,41,1277,1,11,0.0976639
2015-04-01,42,1280,0,1,0.107337
2015-04-02,54,1283,0,3,0.126161
2015-04-03,62,1286,1,28,0.174045
2015-04-04,51,1289,1,13,0.281475
2015-04-05,52,1292,0,9,0.356225
2015-04-06,52,1294,0,1,0.138293
2015-04-07,52,1297,1,30,0.119124
2015-04-08,41,1299,1,32,0.109234
2015-04-09,40,1302,1,34,0.115344
2015-04-10,48,1305,1,37,0.156622
2015-04-11,50,1307,0,0,0.343343
2015-04-12,54,1310,0,0,0.345048
2015-04-13,59,1312,0,0,0.115054
2015-04-14,60,1315,0,16,0.119351
2015-04-15,62,1317,0,0,0.137337
2015-04-16,58,1320,0,0,0.137733
2015-04-17,63,1323,1,21,0.189447
2015-04-18,70,1325,0,0,0.42678
2015-04-19,56,1328,0,0,0.36154
2015-04-20,52,1330,1,57,0.0951588
2015-04-21,58,1333,1,22,0.11229
2015-04-22,58,1335,1,11,0.118934
2015-04-23,46,1338,0,8,0.0962099
2015-04-24,46,1341,0,9,0.126382
2015-04-25,50,1343,0,0,0.341561
2015-04-26,55,1346,0,7,0.367612
2015-04-27,56,1348,0,15,0.114582
2015-04-28,60,1390,0,2,0.145149
2015-04-29,64,1393,0,3,0.145231
2015-04-30,58,1395,0,7,0.133617
2015-05-01,56,1397,0,12,0.174823
2015-05-02,61,1400,1,7,0.37453
2015-05-03,66,1402,0,0,0.438408
2015-05-04,71,1404,0,2,0.155334
2015-05-05,76,1406,0,4,0.154012
2015-05-06,66,1408,0,16,0.156555
2015-05-07,68,1411,1,0,0.165523
2015-05-08,69,1413,1,0,0.229237
2015-05-09,64,1455,1,39,0.432577
2015-05-10,72,1457,1,17,0.516135
2015-05-11,77,1459,1,19,0.144924
2015-05-12,75,1461,1,8,0.135488
2015-05-13,62,1463,0,6,0.120769
2015-05-14,62,1465,0,0,0.153251
2015-05-15,65,1467,0,5,0.213255
2015-05-16,66,1469,1,28,0.411778
2015-05-17,74,1471,1,12,0.414188
2015-05-18,68,1473,1,35,0.136491
2015-05-19,70,1475,1,25,0.135606
2015-05-20,60,1477,0,2,0.1203
2015-05-21,57,1478,0,20,0.13248
2015-05-22,64,1480,0,10,0.206766
2015-05-23,60,1482,0,0,0.431187
2015-05-24,68,1483,0,0,0.565801
2015-05-25,74,1484,0,0,0.52025
2015-05-26,78,1486,0,0,0.140192
2015-05-27,78,1488,1,8,0.114398
2015-05-28,78,1489,1,11,0.132796
2015-05-29,75,1491,0,0,0.196697
2015-05-30,76,1491,0,0,0.431537
2015-05-31,72,1493,1,28,0.303603
2015-06-01,54,1494,1,38,0.0840303
2015-06-02,52,1496,1,45,0.0999405
2015-06-03,61,1496,0,18,0.123617
2015-06-04,60,1497,0,11,0.151675
2015-06-05,62,1499,1,47,0.197345
2015-06-06,68,1499,1,23,0.476173
2015-06-07,64,1500,0,1,0.466094
2015-06-08,71,1500,1,12,0.131131
2015-06-09,76,1502,1,16,0.126754
2015-06-10,74,1503,0,0,0.150248
2015-06-11,80,1503,1,3,0.121658
2015-06-12,80,1504,1,0,0.146411
2015-06-13,79,1504,0,2,0.379335
2015-06-14,77,1504,1,9,0.360008
2015-06-15,74,1505,1,63,0.0794843
2015-06-16,72,1505,1,30,0.083184
2015-06-17,74,1506,1,3,0.114456
2015-06-18,68,1506,0,25,0.137582
2015-06-19,78,1506,0,18,0.175038
2015-06-20,70,1506,1,29,0.412677
2015-06-21,80,1506,1,41,0.443966
2015-06-22,78,1506,0,0,0.119672
2015-06-23,82,1506,0,0,0.0951119
2015-06-24,76,1506,0,0,0.119611
2015-06-25,74,1505,0,5,0.132024
2015-06-26,76,1505,0,9,0.191057
2015-06-27,64,1505,1,39,0.360071
2015-06-28,68,1504,1,43,0.353161
2015-06-29,70,1504,0,8,0.136928
2015-06-30,75,1503,1,16,0.132492
2015-07-01,76,1503,1,13,0.131945
2015-07-02,74,1502,0,0,0.16272
2015-07-03,74,1502,0,0,0.331652
2015-07-04,72,1501,1,13,0.53832
2015-07-05,76,1500,0,4,0.499019
2015-07-06,78,1499,1,8,0.119392
2015-07-07,82,1499,1,17,0.0935521
2015-07-08,82,1497,1,7,0.100894
2015-07-09,74,1496,1,36,0.101698
2015-07-10,78,1496,1,9,0.173143
2015-07-11,78,1494,0,0,0.4061
2015-07-12,80,1493,0,0,0.398298
2015-07-13,80,1491,0,0,0.109546
2015-07-14,78,1491,1,18,0.0991336
2015-07-15,77,1489,1,26,0.103453
2015-07-16,72,1488,0,4,0.149503
2015-07-17,74,1486,0,2,0.193093
2015-07-18,78,1484,1,17,0.409922
2015-07-19,86,1484,0,0,0.318666
2015-07-20,88,1482,0,0,0.0729206
2015-07-21,82,1480,0,8,0.0806956
2015-07-22,77,1478,0,0,0.117976
2015-07-23,77,1476,0,0,0.137098
2015-07-24,78,1475,0,2,0.181698
2015-07-25,78,1473,0,1,0.435375
2015-07-26,82,1472,0,9,0.403493
2015-07-27,78,1470,1,10,0.128187
2015-07-28,85,1468,1,1,0.0996076
2015-07-29,87,1466,0,0,0.0950815
2015-07-30,82,1464,1,33,0.089809
2015-07-31,80,1462,1,0,0.145665
2015-08-01,82,1460,0,6,0.356107
2015-08-02,80,1458,0,0,0.339611
2015-08-03,82,1455,0,1,0.101923
2015-08-04,79,1453,1,7,0.108477
2015-08-05,80,1451,0,1,0.108464
2015-08-06,75,1449,0,0,0.131278
2015-08-07,76,1447,0,0,0.172644
2015-08-08,75,1445,0,1,0.432438
2015-08-09,76,1402,0,1,0.429942
2015-08-10,77,1400,0,16,0.118476
2015-08-11,76,1398,1,43,0.0942215
2015-08-12,78,1355,0,4,0.119857
2015-08-13,75,1353,0,1,0.141511
2015-08-14,78,1351,0,0,0.20084
2015-08-15,82,1348,0,0,0.42942
2015-08-16,84,1346,0,2,0.385614
2015-08-17,86,1343,0,6,0.10107
2015-08-18,82,1341,1,9,0.101928
2015-08-19,82,1339,0,1,0.0968586
2015-08-20,82,1336,0,10,0.127721
2015-08-21,79,1334,1,21,0.166256
2015-08-22,78,1331,1,0,0.460832
2015-08-23,78,1329,0,3,0.435848
2015-08-24,80,1326,0,3,0.116476
2015-08-25,82,1324,0,5,0.120866
2015-08-26,76,1321,0,0,0.133206
2015-08-27,74,1319,0,1,0.152928
2015-08-28,72,1316,0,0,0.217916
2015-08-29,77,1313,0,0,0.461625
2015-08-30,81,1311,1,4,0.457464
2015-08-31,84,1308,0,1,0.103732
2015-09-01,83,1306,0,0,0.0876741
2015-09-02,82,1304,1,0,0.114451
2015-09-03,84,1301,1,0,0.108921
2015-09-04,79,1299,1,4,0.171536
2015-09-05,75,1296,0,0,0.430851
2015-09-06,76,1293,0,0,0.512017
2015-09-07,81,1291,0,0,0.427838
2015-09-08,86,1288,0,0,0.0848829
2015-09-09,83,1285,1,8,0.0819985
2015-09-10,74,1283,1,59,0.0733708
2015-09-11,74,1280,1,18,0.155741
2015-09-12,74,1277,1,20,0.353556
2015-09-13,71,1275,1,14,0.342295
2015-09-14,68,1272,0,0,0.133039
2015-09-15,73,1269,0,0,0.143057
2015-09-16,77,1267,0,0,0.135919
2015-09-17,78,1264,0,0,0.129173
2015-09-18,78,1261,0,0,0.178678
2015-09-19,76,1219,1,0,0.414886
2015-09-20,72,1216,0,7,0.42066
2015-09-21,66,1213,0,2,0.124839
2015-09-22,66,1210,0,7,0.145785
2015-09-23,70,1208,0,0,0.175441
2015-09-24,71,1205,0,0,0.18195
2015-09-25,70,1202,0,0,0.226162
2015-09-26,66,1200,0,0,0.484542
2015-09-27,64,1197,0,7,0.451069
2015-09-28,72,1194,0,16,0.136816
2015-09-29,78,1192,1,22,0.118644
2015-09-30,69,1189,1,40,0.0968212
2015-10-01,60,1186,1,21,0.124279
2015-10-02,52,1184,1,44,0.106289
2015-10-03,52,1181,1,37,0.18474
2015-10-04,58,1178,0,16,0.27329
2015-10-05,60,1176,0,8,0.112101
2015-10-06,62,1173,0,1,0.137888
2015-10-07,66,1170,0,3,0.129567
2015-10-08,66,1168,0,3,0.143453
2015-10-09,70,1125,1,23,0.162806
2015-10-10,58,1123,0,0,0.374918
2015-10-11,61,1119,0,0,0.410655
2015-10-12,66,1117,0,0,0.213193
2015-10-13,66,1114,0,15,0.121366
2015-10-14,63,1111,0,8,0.142284
2015-10-15,58,1109,0,0,0.11598
2015-10-16,58,1106,0,2,0.16927
2015-10-17,49,1104,0,1,0.254224
2015-10-18,44,1101,0,0,0.180534
2015-10-19,44,1099,0,1,0.0736907
2015-10-20,59,1096,0,6,0.108378
2015-10-21,66,1094,0,0,0.146941
2015-10-22,66,1091,0,1,0.165979
2015-10-23,55,1088,1,0,0.161767
2015-10-24,48,1086,0,14,0.296391
2015-10-25,58,1083,1,21,0.354331
2015-10-26,52,1081,0,0,0.103322
2015-10-27,52,1039,0,1,0.104033
2015-10-28,61,1036,1,56,0.0917693
2015-10-29,65,1033,1,9,0.121758
2015-10-30,54,1031,0,0,0.160089
2015-10-31,49,1029,0,0,0.324796
2015-11-01,60,1026,0,10,0.364297
2015-11-02,58,1024,0,0,0.116321
2015-11-03,60,1022,0,0,0.152787
2015-11-04,63,1019,1,0,0.127869
2015-11-05,64,1017,1,40,0.136571
2015-11-06,70,1015,1,20,0.203888
2015-11-07,62,1013,0,10,0.372676
2015-11-08,51,1010,0,0,0.304589
2015-11-09,51,1007,0,0,0.102139
2015-11-10,54,1005,1,37,0.106229
2015-11-11,54,1003,1,39,0.167319
2015-11-12,56,1002,1,32,0.139454
2015-11-13,52,1000,0,1,0.091048
2015-11-14,46,998,0,0,0.239649
2015-11-15,48,995,0,0,0.274544
2015-11-16,59,993,0,0,0.119347
2015-11-17,46,991,0,1,0.106781
2015-11-18,52,990,0,26,0.114178
2015-11-19,60,988,1,44,0.116608
2015-11-20,55,986,0,5,0.13353
2015-11-21,48,984,0,5,0.283631
2015-11-22,48,982,1,17,0.258555
2015-11-23,38,980,0,0,0.0711232
2015-11-24,39,979,0,7,0.089295
2015-11-25,43,977,0,0,0.130005
2015-11-26,50,976,0,0,0.333979
2015-11-27,58,974,1,0,0.248177
2015-11-28,54,973,0,0,0.286134
2015-11-29,44,972,0,0,0.239374
2015-11-30,53,970,0,8,0.081986
2015-12-01,48,929,1,33,0.0867407
2015-12-02,52,927,1,35,0.112598
2015-12-03,50,926,0,8,0.106703
2015-12-04,46,925,0,2,0.13461
2015-12-05,46,924,0,0,0.304955
2015-12-06,46,923,0,0,0.303849
2015-12-07,48,922,0,0,0.109438
2015-12-08,45,921,0,8,0.112544
2015-12-09,48,920,0,22,0.121676
2015-12-10,56,919,0,3,0.127915
2015-12-11,56,918,0,0,0.176865
2015-12-12,60,917,1,7,0.408237
2015-12-13,61,918,1,5,0.4009
2015-12-14,60,917,1,42,0.110936
2015-12-15,60,916,1,12,0.109632
2015-12-16,50,915,1,23,0.12606
2015-12-17,54,916,1,48,0.127963
2015-12-18,48,915,1,23,0.145988
2015-12-19,38,915,0,10,0.225051
2015-12-20,38,915,0,6,0.24577
2015-12-21,48,914,0,6,0.0975911
2015-12-22,58,915,1,33,0.13209
2015-12-23,58,914,1,58,0.134306
2015-12-24,68,915,1,16,0.244037
2015-12-25,62,916,1,24,0.54374
2015-12-26,53,915,1,26,0.319856
2015-12-27,54,916,1,46,0.288272
2015-12-28,40,917,1,9,0.110911
2015-12-29,40,916,1,45,0.104126
2015-12-30,43,917,1,34,0.132643
2015-12-31,45,918,0,28,0.194825
2016-01-01,38,919,0,15,0.364246
2016-01-02,36,920,0,6,0.228748
2016-01-03,40,921,0,1,0.223422
2016-01-04,25,922,0,8,0.0683148
2016-01-05,20,923,0,0,0.0478688
2016-01-06,33,924,0,0,0.0747386
2016-01-07,38,924,0,8,0.090309
2016-01-08,38,925,0,16,0.110764
2016-01-09,44,926,1,33,0.268293
2016-01-10,50,927,1,41,0.23069
2016-01-11,33,929,0,2,0.0794979
2016-01-12,34,931,0,8,0.0756504
2016-01-13,26,932,0,2,0.0637651
2016-01-14,30,933,0,22,0.0827038
2016-01-15,42,935,0,7,0.130705
2016-01-16,47,936,1,32,0.280661
2016-01-17,36,938,1,36,0.285876
2016-01-18,24,939,1,3,0.123303
2016-01-19,22,941,0,2,0.0571677
2016-01-20,32,943,0,6,0.0798828
2016-01-21,31,985,0,4,0.0815565
2016-01-22,26,986,1,10,0.0866159
2016-01-23,26,988,1,50,0.141898
2016-01-24,28,990,1,12,0.143174
2016-01-25,34,993,0,5,0.0684429
2016-01-26,43,994,0,4,0.0740083
2016-01-27,40,996,1,7,0.0880243
2016-01-28,37,998,0,4,0.08737
2016-01-29,36,1001,0,10,0.130875
2016-01-30,34,1003,0,0,0.261112
2016-01-31,46,1005,0,0,0.275488
2016-02-01,52,1007,1,7,0.102248
2016-02-02,44,1009,0,0,0.104931
2016-02-03,50,1012,1,38,0.101843
2016-02-04,52,1014,1,31,0.105309
2016-02-05,38,1016,1,33,0.12014
2016-02-06,35,1018,0,0,0.25887
2016-02-07,40,1021,0,0,0.28163
2016-02-08,34,1063,1,40,0.108046
2016-02-09,32,1065,1,24,0.0845456
2016-02-10,35,1067,1,40,0.0905438
2016-02-11,24,1071,1,12,0.068219
2016-02-12,21,1073,0,10,0.0985659
2016-02-13,14,1075,0,3,0.139025
2016-02-14,7,1077,0,0,0.109115
2016-02-15,24,1080,1,45,0.0894002
2016-02-16,44,1083,1,55,0.073347
2016-02-17,37,1085,0,18,0.106656
2016-02-18,32,1088,0,0,0.107937
2016-02-19,32,1090,0,12,0.121969
2016-02-20,50,1092,0,7,0.283056
2016-02-21,50,1096,1,10,0.300221
2016-02-22,45,1098,0,1,0.1028
2016-02-23,38,1101,1,31,0.0848285
2016-02-24,48,1103,1,78,0.0800586
2016-02-25,49,1106,1,27,0.0886027
2016-02-26,34,1108,0,6,0.104875
2016-02-27,34,1112,0,0,0.250703
2016-02-28,49,1114,0,0,0.286762
2016-02-29,54,1117,1,3,0.0941498
2016-03-01,46,1119,0,6,0.0916176
2016-03-02,42,1122,1,11,0.0978388
2016-03-03,31,1124,0,6,0.0948459
2016-03-04,34,1127,1,48,0.114933
2016-03-05,34,1130,0,7,0.268719
2016-03-06,38,1133,0,8,0.288058
2016-03-07,48,1136,1,0,0.111568
2016-03-08,57,1138,1,3,0.113734
2016-03-09,60,1141,1,0,0.150458
2016-03-10,71,1143,0,8,0.175294
2016-03-11,58,1146,1,14,0.165144
2016-03-12,50,1189,0,0,0.327793
2016-03-13,56,1191,1,7,0.31278
2016-03-14,46,1194,1,36,0.0961621
2016-03-15,50,1197,1,21,0.104164
2016-03-16,56,1200,1,6,0.131952
2016-03-17,54,1203,0,7,0.122969
2016-03-18,50,1206,0,5,0.141765
2016-03-19,41,1208,0,3,0.289293
2016-03-20,38,1251,1,35,0.269546
2016-03-21,41,1254,1,22,0.102216
2016-03-22,46,1256,0,1,0.115362
2016-03-23,60,1259,0,0,0.151737
2016-03-24,50,1262,1,15,0.148873
2016-03-25,58,1264,1,22,0.203056
2016-03-26,46,1267,0,3,0.308312
2016-03-27,49,1269,0,16,0.311717
2016-03-28,52,1272,1,42,0.106394
2016-03-29,46,1275,0,1,0.0895776
2016-03-30,46,1277,0,0,0.110669
2016-03-31,61,1280,0,3,0.129899
2016-04-01,70,1283,1,26,0.203623
2016-04-02,55,1286,1,25,0.358871
2016-04-03,42,1289,1,19,0.216659
2016-04-04,38,1292,1,44,0.0922435
2016-04-05,34,1294,0,8,0.0966627
2016-04-06,39,1297,0,2,0.116799
2016-04-07,53,1299,1,19,0.126866
2016-04-08,45,1302,0,12,0.145865
2016-04-09,40,1305,1,17,0.311795
2016-04-10,40,1307,0,4,0.279371
2016-04-11,54,1310,1,16,0.11239
2016-04-12,52,1312,1,17,0.118294
2016-04-13,49,1315,0,1,0.138692
2016-04-14,52,1317,1,4,0.152464
2016-04-15,54,1320,0,0,0.174366
2016-04-16,56,1323,0,0,0.364854
2016-04-17,60,1325,0,0,0.427345
2016-04-18,66,1328,0,0,0.163666
2016-04-19,64,1330,0,1,0.165809
2016-04-20,59,1333,0,0,0.141533
2016-04-21,61,1335,0,0,0.162221
2016-04-22,70,1338,1,5,0.24125
2016-04-23,63,1341,1,18,0.424985
2016-04-24,58,1343,0,0,0.413066
2016-04-25,60,1346,0,7,0.170639
2016-04-26,54,1348,1,38,0.164952
2016-04-27,54,1390,0,15,0.159262
2016-04-28,54,1393,0,8,0.163867
2016-04-29,52,1395,1,24,0.183511
2016-04-30,56,1397,0,10,0.403881
2016-05-01,48,1400,1,40,0.343248
2016-05-02,52,1402,1,39,0.11859
2016-05-03,54,1404,1,57,0.177264
2016-05-04,50,1406,1,39,0.138608
2016-05-05,52,1408,1,34,0.14689
2016-05-06,51,1411,1,52,0.149745
2016-05-07,54,1413,1,36,0.317978
2016-05-08,58,1455,1,19,0.41822
2016-05-09,62,1457,0,3,0.132871
2016-05-10,56,1459,0,1,0.148709
2016-05-11,63,1461,0,0,0.18467
2016-05-12,68,1463,0,0,0.17978
2016-05-13,61,1465,0,0,0.186946
2016-05-14,64,1467,0,0,0.421906
2016-05-15,52,1469,0,0,0.37147
2016-05-16,61,1471,0,0,0.11938
2016-05-17,58,1473,0,6,0.139644
2016-05-18,56,1475,0,6,0.136647
2016-05-19,64,1477,0,14,0.18923
2016-05-20,64,1478,0,0,0.246273
2016-05-21,60,1480,1,14,0.427225
2016-05-22,61,1482,1,20,0.434319
2016-05-23,67,1483,1,5,0.160899
2016-05-24,66,1484,1,20,0.15476
2016-05-25,74,1486,0,0,0.203019
2016-05-26,80,1488,0,0,0.18271
2016-05-27,80,1489,1,1,0.218966
2016-05-28,82,1491,1,2,0.413051
2016-05-29,78,1491,0,4,0.5102
2016-05-30,75,1493,1,34,0.329942
2016-05-31,78,1494,1,5,0.116606
2016-06-01,74,1496,0,0,0.139127
2016-06-02,70,1496,1,8,0.133418
2016-06-03,66,1497,1,35,0.186943
2016-06-04,74,1499,1,19,0.407291
2016-06-05,68,1499,1,35,0.338125
2016-06-06,74,1500,1,8,0.122981
2016-06-07,74,1500,0,3,0.120852
2016-06-08,60,1502,1,17,0.117682
2016-06-09,62,1503,0,0,0.161014
2016-06-10,67,1503,0,3,0.226488
2016-06-11,74,1504,0,0,0.425158
2016-06-12,72,1504,1,0,0.393781
2016-06-13,66,1504,0,4,0.126303
2016-06-14,68,1505,0,1,0.179332
2016-06-15,74,1505,0,1,0.145625
2016-06-16,70,1506,1,27,0.140295
2016-06-17,70,1506,0,2,0.202611
2016-06-18,74,1506,0,3,0.481601
2016-06-19,77,1506,0,2,0.514435
2016-06-20,74,1506,0,0,0.141465
2016-06-21,80,1506,1,7,0.128386
2016-06-22,77,1506,0,2,0.14385
2016-06-23,76,1506,0,10,0.142033
2016-06-24,76,1505,1,2,0.203645
2016-06-25,75,1505,0,0,0.477392
2016-06-26,77,1505,0,0,0.447634
2016-06-27,75,1504,1,12,0.124569
2016-06-28,72,1504,1,42,0.115664
2016-06-29,75,1503,1,10,0.127218
2016-06-30,76,1503,0,0,0.174638
2016-07-01,72,1502,1,20,0.141405
2016-07-02,70,1502,1,0,0.408553
2016-07-03,71,1501,0,0,0.577309
2016-07-04,75,1500,1,16,0.55613
2016-07-05,78,1499,1,35,0.160833
2016-07-06,83,1499,0,0,0.121612
2016-07-07,83,1497,1,4,0.10487
2016-07-08,76,1496,1,18,0.113081
2016-07-09,68,1496,1,39,0.394717
2016-07-10,73,1494,1,17,0.414597
2016-07-11,73,1493,0,0,0.135045
2016-07-12,75,1491,0,0,0.136225
2016-07-13,78,1491,0,5,0.120539
2016-07-14,80,1489,1,19,0.106154
2016-07-15,84,1488,0,1,0.150706
2016-07-16,82,1486,0,1,0.357527
2016-07-17,82,1484,0,0,0.377307
2016-07-18,82,1484,1,4,0.0970786
2016-07-19,78,1482,0,7,0.107218
2016-07-20,76,1480,0,1,0.131606
2016-07-21,80,1478,0,0,0.129558
2016-07-22,84,1476,1,0,0.150214
2016-07-23,88,1475,0,3,0.31711
2016-07-24,84,1473,0,0,0.367513
2016-07-25,84,1472,1,18,0.0663879
2016-07-26,80,1470,0,0,0.091199
2016-07-27,82,1468,0,1,0.0979651
2016-07-28,86,1466,1,5,0.0976987
2016-07-29,77,1464,1,37,0.127286
2016-07-30,78,1462,1,36,0.288275
2016-07-31,74,1460,1,55,0.291448
2016-08-01,74,1458,0,35,0.10864
2016-08-02,74,1455,0,13,0.124948
2016-08-03,73,1453,0,2,0.150494
2016-08-04,74,1451,0,1,0.143028
2016-08-05,76,1449,0,2,0.187729
2016-08-06,80,1447,1,14,0.378472
2016-08-07,78,1445,0,0,0.392387
2016-08-08,78,1402,0,0,0.117696
2016-08-09,79,1400,0,0,0.113363
2016-08-10,80,1398,1,18,0.0971306
2016-08-11,82,1355,1,10,0.103408
2016-08-12,83,1353,1,6,0.128156
2016-08-13,88,1351,0,3,0.272216
2016-08-14,86,1348,1,1,0.280844
2016-08-15,84,1346,0,0,0.0855254
2016-08-16,82,1343,1,10,0.080085
2016-08-17,81,1341,0,4,0.0902342
2016-08-18,78,1339,1,14,0.112933
2016-08-19,81,1336,0,5,0.151277
2016-08-20,76,1334,1,10,0.369095
2016-08-21,80,1331,1,21,0.346894
2016-08-22,72,1329,0,0,0.112615
2016-08-23,72,1326,0,0,0.138304
2016-08-24,78,1324,0,0,0.135135
2016-08-25,78,1321,0,0,0.132819
2016-08-26,82,1319,0,0,0.172073
2016-08-27,82,1316,0,0,0.406051
2016-08-28,80,1313,0,0,0.424082
2016-08-29,82,1311,0,0,0.141494
2016-08-30,78,1308,0,3,0.131482
2016-08-31,82,1306,1,2,0.104203
2016-09-01,74,1304,1,26,0.119216
2016-09-02,74,1301,0,0,0.196158
2016-09-03,70,1299,0,0,0.474106
2016-09-04,72,1296,0,0,0.553673
2016-09-05,74,1293,0,3,0.439118
2016-09-06,76,1291,1,25,0.112781
2016-09-07,78,1288,0,14,0.125292
2016-09-08,80,1285,1,0,0.131222
2016-09-09,83,1283,1,13,0.158025
2016-09-10,82,1280,1,5,0.334047
2016-09-11,76,1277,0,8,0.394338
2016-09-12,70,1275,0,0,0.140003
2016-09-13,74,1272,0,0,0.135182
2016-09-14,79,1269,1,14,0.121028
2016-09-15,68,1267,0,5,0.148494
2016-09-16,67,1264,0,4,0.199507
2016-09-17,68,1261,0,1,0.467801
2016-09-18,76,1219,0,11,0.424589
2016-09-19,72,1216,1,35,0.121414
2016-09-20,75,1213,1,14,0.180061
2016-09-21,76,1210,0,0,0.18494
2016-09-22,76,1208,0,0,0.130625
2016-09-23,76,1205,1,3,0.194896
2016-09-24,64,1202,1,21,0.422364
2016-09-25,62,1200,0,0,0.444488
2016-09-26,64,1197,0,8,0.130604
2016-09-27,69,1194,1,17,0.127314
2016-09-28,62,1192,1,20,0.123959
2016-09-29,60,1189,1,25,0.129203
2016-09-30,58,1186,1,38,0.15456
2016-10-01,59,1184,1,30,0.378574
2016-10-02,60,1181,1,32,0.406582
2016-10-03,66,1178,1,26,0.162854
2016-10-04,64,1176,0,23,0.168402
2016-10-05,60,1173,0,0,0.152561
2016-10-06,64,1170,1,0,0.163552
2016-10-07,66,1168,1,0,0.212814
2016-10-08,63,1125,1,28,0.401248
2016-10-09,58,1123,1,31,0.338262
2016-10-10,56,1119,0,0,0.162873
2016-10-11,54,1117,0,0,0.113236
2016-10-12,60,1114,0,4,0.165591
2016-10-13,60,1111,1,5,0.142598
2016-10-14,54,1109,0,0,0.162217
2016-10-15,55,1106,0,0,0.392023
2016-10-16,61,1104,0,5,0.412451
2016-10-17,72,1101,1,5,0.120951
2016-10-18,74,1099,1,0,0.132084
2016-10-19,75,1096,0,2,0.137814
2016-10-20,66,1094,1,17,0.140041
2016-10-21,63,1091,1,45,0.165729
2016-10-22,52,1088,1,35,0.250299
2016-10-23,53,1086,0,1,0.261692
2016-10-24,54,1083,0,4,0.102212
2016-10-25,48,1081,0,7,0.0864046
2016-10-26,44,1039,0,1,0.0748681
2016-10-27,48,1036,1,57,0.0837048
2016-10-28,46,1033,1,7,0.133493
2016-10-29,52,1031,0,2,0.347952
2016-10-30,65,1029,1,33,0.380004
2016-10-31,49,1026,0,4,0.110744
2016-11-01,49,1024,0,4,0.12981
2016-11-02,62,1022,0,2,0.132608
2016-11-03,64,1019,1,4,0.130922
2016-11-04,54,1017,0,0,0.148284
2016-11-05,53,1015,0,0,0.312636
2016-11-06,52,1013,0,0,0.312851
2016-11-07,47,1010,0,0,0.115714
2016-11-08,54,1007,0,0,0.149637
2016-11-09,54,1005,1,26,0.109652
2016-11-10,48,1003,0,2,0.110125
2016-11-11,52,1002,1,0,0.159648
2016-11-12,44,1000,0,0,0.267339
2016-11-13,51,998,0,0,0.29392
2016-11-14,54,995,0,4,0.107829
2016-11-15,52,993,1,54,0.103563
2016-11-16,53,991,0,1,0.117029
2016-11-17,55,990,0,1,0.136337
2016-11-18,54,988,0,0,0.177683
2016-11-19,50,986,1,16,0.334022
2016-11-20,38,984,1,34,0.178155
2016-11-21,38,982,0,17,0.0644751
2016-11-22,39,980,0,10,0.0815124
2016-11-23,40,979,0,2,0.12472
2016-11-24,43,977,0,22,0.30214
2016-11-25,50,976,1,24,0.255015
2016-11-26,46,974,1,8,0.28081
2016-11-27,44,973,0,2,0.285232
2016-11-28,45,972,0,1,0.0951649
2016-11-29,56,970,1,52,0.0965508
2016-11-30,54,929,1,41,0.0973614
2016-12-01,48,927,1,23,0.0994112
2016-12-02,46,926,0,5,0.13687
2016-12-03,44,925,0,8,0.274792
2016-12-04,43,924,0,5,0.2655
2016-12-05,44,923,1,20,0.102543
2016-12-06,42,922,1,12,0.103267
2016-12-07,43,921,1,23,0.0968618
2016-12-08,40,920,0,1,0.0887891
2016-12-09,36,919,0,2,0.116996
2016-12-10,32,918,0,3,0.237355
2016-12-11,32,917,1,25,0.236449
2016-12-12,40,918,1,29,0.0932039
2016-12-13,39,917,0,4,0.0987383
2016-12-14,38,916,0,7,0.100182
2016-12-15,26,915,1,4,0.0761361
2016-12-16,22,916,0,6,0.090597
2016-12-17,32,915,1,47,0.211634
2016-12-18,44,915,1,36,0.267444
2016-12-19,27,915,0,0,0.08633
2016-12-20,26,914,0,0,0.0885686
2016-12-21,35,915,0,1,0.0923487
2016-12-22,43,914,0,10,0.109568
2016-12-23,42,915,0,0,0.145728
2016-12-24,42,916,1,31,0.27437
2016-12-25,43,915,0,0,0.392437
2016-12-26,42,916,1,26,0.178725
2016-12-27,50,917,0,19,0.11587
2016-12-28,37,916,0,12,0.120369
2016-12-29,40,917,1,32,0.132859
2016-12-30,36,918,1,10,0.166392
2016-12-31,38,919,0,11,0.254528
2017-01-01,44,919,0,3,0.405114
2017-01-02,39,920,1,26,0.172398
2017-01-03,41,921,1,50,0.0849043
2017-01-04,43,922,1,23,0.101325
2017-01-05,30,923,0,6,0.0871207
2017-01-06,29,924,1,23,0.122688
2017-01-07,23,924,1,39,0.209436
2017-01-08,20,925,0,3,0.167674
2017-01-09,18,926,0,6,0.0576148
2017-01-10,34,927,0,13,0.0726351
2017-01-11,47,929,1,23,0.0973149
2017-01-12,56,931,1,18,0.115793
2017-01-13,47,932,0,1,0.147551
2017-01-14,31,933,1,31,0.265571
2017-01-15,34,935,0,4,0.279482
2017-01-16,36,936,0,5,0.165229
2017-01-17,40,938,1,55,0.0961178
2017-01-18,40,939,1,38,0.111891
2017-01-19,44,941,0,14,0.107994
2017-01-20,42,943,1,32,0.148037
2017-01-21,45,985,1,29,0.299333
2017-01-22,46,986,1,45,0.30243
2017-01-23,40,988,1,36,0.0824395
2017-01-24,36,990,1,66,0.0728952
2017-01-25,44,993,0,7,0.0990957
2017-01-26,50,994,1,15,0.111143
2017-01-27,40,996,0,16,0.133782
2017-01-28,36,998,0,22,0.266075
2017-01-29,39,1001,0,6,0.288063
2017-01-30,34,1003,0,11,0.0962052
2017-01-31,30,1005,1,35,0.0967875
2017-02-01,40,1007,0,11,0.0981467
2017-02-02,39,1009,0,6,0.0946846
2017-02-03,30,1012,0,5,0.128582
2017-02-04,28,1014,0,0,0.243189
2017-02-05,37,1016,0,13,0.259951
2017-02-06,42,1018,0,3,0.097936
2017-02-07,39,1021,1,41,0.0938239
2017-02-08,50,1063,1,17,0.110635
2017-02-09,32,1065,1,25,0.110248
2017-02-10,26,1067,1,8,0.0895914
2017-02-11,39,1071,0,10,0.24396
2017-02-12,35,1073,1,60,0.261339
2017-02-13,35,1075,1,15,0.0774153
2017-02-14,34,1077,0,0,0.102635
2017-02-15,41,1080,0,12,0.0937113
2017-02-16,32,1083,0,6,0.0878083
2017-02-17,34,1085,0,0,0.113357
2017-02-18,49,1088,0,0,0.307751
2017-02-19,59,1090,0,3,0.342892
2017-02-20,47,1092,0,0,0.187731
2017-02-21,40,1096,0,0,0.110055
2017-02-22,50,1098,0,8,0.130758
2017-02-23,54,1101,1,5,0.150229
2017-02-24,64,1103,0,1,0.1823
2017-02-25,54,1106,1,31,0.314705
2017-02-26,40,1108,0,7,0.231881
2017-02-27,44,1112,0,5,0.116593
2017-02-28,53,1114,0,18,0.113609
2017-03-01,62,1117,1,26,0.11755
2017-03-02,50,1119,0,3,0.0960414
2017-03-03,32,1122,0,2,0.112848
2017-03-04,24,1124,0,5,0.198591
2017-03-05,26,1127,0,0,0.201983
2017-03-06,36,1130,0,10,0.101237
2017-03-07,49,1133,1,21,0.102818
2017-03-08,53,1136,1,13,0.118936
2017-03-09,54,1138,0,7,0.0969973
2017-03-10,35,1141,1,28,0.13536
2017-03-11,23,1143,0,9,0.208974
2017-03-12,24,1146,0,0,0.237019
2017-03-13,28,1189,0,5,0.0917048
2017-03-14,26,1191,1,42,0.127246
2017-03-15,23,1194,0,15,0.0556138
2017-03-16,32,1197,0,0,0.0733925
2017-03-17,38,1200,0,0,0.123263
2017-03-18,36,1203,1,32,0.241826
2017-03-19,40,1206,0,9,0.264264
2017-03-20,42,1208,0,7,0.105046
2017-03-21,50,1251,0,11,0.127364
2017-03-22,37,1254,0,0,0.101163
2017-03-23,32,1256,0,0,0.0712261
2017-03-24,46,1259,0,11,0.154307
2017-03-25,52,1262,0,17,0.302052
2017-03-26,40,1264,1,41,0.290712
2017-03-27,45,1267,1,38,0.112793
2017-03-28,44,1269,1,61,0.1123
2017-03-29,51,1272,0,11,0.124212
2017-03-30,45,1275,1,10,0.120299
2017-03-31,40,1277,1,60,0.10624
2017-04-01,42,1280,1,30,0.256669
2017-04-02,52,1283,0,2,0.316874
2017-04-03,56,1286,1,8,0.106597
2017-04-04,48,1289,1,41,0.104679
2017-04-05,55,1292,1,26,0.137318
2017-04-06,46,1294,1,45,0.111288
2017-04-07,46,1297,0,23,0.123877
2017-04-08,48,1299,0,4,0.30156
2017-04-09,56,1302,0,0,0.364077
2017-04-10,64,1305,0,0,0.176293
2017-04-11,70,1307,0,0,0.216615
2017-04-12,67,1310,1,4,0.190756
2017-04-13,56,1312,0,1,0.173764
2017-04-14,57,1315,0,5,0.241548
2017-04-15,58,1317,0,10,0.376137
2017-04-16,73,1320,1,6,0.45536
2017-04-17,66,1323,0,3,0.180554
2017-04-18,57,1325,0,0,0.140388
2017-04-19,50,1328,1,17,0.116057
2017-04-20,58,1330,1,31,0.143002
2017-04-21,50,1333,1,39,0.163352
2017-04-22,53,1335,1,37,0.341952
2017-04-23,56,1338,0,0,0.354101
2017-04-24,54,1341,0,12,0.127636
2017-04-25,52,1343,1,42,0.0970161
2017-04-26,56,1346,1,52,0.115741
2017-04-27,64,1348,1,61,0.150405
2017-04-28,72,1390,1,18,0.258974
2017-04-29,74,1393,1,9,0.445778
2017-04-30,60,1395,0,20,0.407238
2017-05-01,62,1397,1,17,0.141605
2017-05-02,69,1400,0,11,0.133565
2017-05-03,58,1402,0,6,0.132424
2017-05-04,56,1404,0,1,0.141635
2017-05-05,55,1406,1,50,0.127662
2017-05-06,60,1408,1,31,0.329774
2017-05-07,52,1411,1,25,0.321862
2017-05-08,50,1413,0,8,0.113596
2017-05-09,55,1455,0,4,0.131993
2017-05-10,56,1457,0,7,0.136558
2017-05-11,56,1459,0,1,0.132075
2017-05-12,56,1461,0,5,0.190476
2017-05-13,49,1463,1,52,0.289637
2017-05-14,56,1465,1,17,0.358805
2017-05-15,60,1467,0,5,0.13184
2017-05-16,68,1469,0,1,0.16831
2017-05-17,78,1471,0,0,0.187928
2017-05-18,84,1473,0,2,0.190644
2017-05-19,78,1475,0,0,0.183227
2017-05-20,60,1477,1,12,0.420724
2017-05-21,60,1478,0,5,0.410089
2017-05-22,57,1480,1,55,0.114711
2017-05-23,62,1482,1,4,0.149131
2017-05-24,62,1483,1,16,0.152789
2017-05-25,58,1484,1,62,0.134359
2017-05-26,64,1486,1,27,0.259321
2017-05-27,65,1488,0,13,0.441346
2017-05-28,64,1489,1,14,0.504014
2017-05-29,58,1491,1,35,0.388175
2017-05-30,58,1491,1,42,0.125706
2017-05-31,66,1493,1,18,0.15162
2017-06-01,69,1494,0,3,0.177836
2017-06-02,66,1496,0,4,0.210654
2017-06-03,64,1496,1,2,0.466009
2017-06-04,63,1497,1,11,0.422786
2017-06-05,62,1499,1,40,0.128114
2017-06-06,55,1499,1,42,0.126158
2017-06-07,59,1500,0,21,0.168108
2017-06-08,62,1500,0,0,0.174212
2017-06-09,66,1502,0,2,0.231315
2017-06-10,76,1503,0,1,0.459181
2017-06-11,81,1503,0,0,0.432887
2017-06-12,84,1504,0,0,0.11661
2017-06-13,86,1504,0,2,0.0913411
2017-06-14,76,1504,1,12,0.120197
2017-06-15,70,1505,0,1,0.155962
2017-06-16,66,1505,1,25,0.177359
2017-06-17,70,1506,1,47,0.389282
2017-06-18,78,1506,1,24,0.476133
2017-06-19,79,1506,1,21,0.0946838
2017-06-20,77,1506,1,7,0.115755
2017-06-21,77,1506,0,5,0.129932
2017-06-22,76,1506,0,0,0.145185
2017-06-23,80,1506,1,8,0.15922
2017-06-24,78,1506,1,21,0.365109
2017-06-25,76,1505,0,14,0.44883
2017-06-26,72,1505,0,3,0.154875
2017-06-27,68,1505,1,10,0.142725
2017-06-28,70,1504,0,0,0.160748
2017-06-29,75,1504,0,0,0.168978
2017-06-30,80,1503,0,7,0.182443
2017-07-01,78,1503,1,16,0.383966
2017-07-02,80,1502,1,4,0.435888
2017-07-03,80,1502,1,7,0.199645
2017-07-04,78,1501,1,7,0.484146
2017-07-05,78,1500,0,3,0.179146
2017-07-06,74,1499,0,14,0.121261
2017-07-07,74,1499,1,35,0.133223
2017-07-08,76,1497,1,4,0.376259
2017-07-09,74,1496,0,1,0.437824
2017-07-10,76,1496,1,6,0.115419
2017-07-11,80,1494,0,7,0.113147
2017-07-12,82,1493,0,4,0.0918593
2017-07-13,82,1491,1,15,0.0957816
2017-07-14,69,1491,1,46,0.137849
2017-07-15,76,1489,1,27,0.401008
2017-07-16,78,1488,0,1,0.435824
2017-07-17,79,1486,0,0,0.120369
2017-07-18,80,1484,0,0,0.0652141
2017-07-19,84,1484,0,0,0.114
2017-07-20,86,1482,1,2,0.0967999
2017-07-21,84,1480,0,5,0.143015
2017-07-22,82,1478,1,17,0.302738
2017-07-23,75,1476,1,60,0.300692
2017-07-24,68,1475,1,45,0.0997853
2017-07-25,66,1473,0,39,0.135651
2017-07-26,71,1472,0,7,0.171252
2017-07-27,72,1470,1,14,0.148994
2017-07-28,78,1468,1,3,0.182259
2017-07-29,72,1466,0,9,0.423371
2017-07-30,73,1464,0,0,0.480728
2017-07-31,77,1462,0,1,0.131374
2017-08-01,82,1460,0,0,0.122787
2017-08-02,78,1458,1,7,0.105998
2017-08-03,78,1455,1,4,0.135637
2017-08-04,76,1453,1,9,0.174354
2017-08-05,74,1451,1,25,0.376093
2017-08-06,70,1449,0,0,0.475218
2017-08-07,68,1447,1,64,0.123316
2017-08-08,72,1445,1,13,0.0785308
2017-08-09,74,1402,0,0,0.166623
2017-08-10,76,1400,0,2,0.150553
2017-08-11,76,1398,1,7,0.195048
2017-08-12,70,1355,1,21,0.404962
2017-08-13,77,1353,0,2,0.48733
2017-08-14,75,1351,0,1,0.123038
2017-08-15,71,1348,1,48,0.110352
2017-08-16,78,1346,1,5,0.129502
2017-08-17,76,1343,1,4,0.145863
2017-08-18,78,1341,1,38,0.136406
2017-08-19,80,1339,1,6,0.406927
2017-08-20,75,1336,0,0,0.445495
2017-08-21,79,1334,0,1,0.134637
2017-08-22,80,1331,1,8,0.100983
2017-08-23,76,1329,1,9,0.125865
2017-08-24,72,1326,0,0,0.151851
2017-08-25,70,1324,0,4,0.225291
2017-08-26,70,1321,0,0,0.487928
2017-08-27,70,1319,0,0,0.493671
2017-08-28,70,1316,1,0,0.16027
2017-08-29,64,1313,1,19,0.124439
2017-08-30,69,1311,0,8,0.141495
2017-08-31,72,1308,0,6,0.161224
2017-09-01,63,1306,0,0,0.226389
2017-09-02,61,1304,1,20,0.421366
2017-09-03,64,1301,1,42,0.481675
2017-09-04,70,1299,0,0,0.472533
2017-09-05,77,1296,0,1,0.125408
2017-09-06,66,1293,1,43,0.104434
2017-09-07,65,1291,1,11,0.130532
2017-09-08,64,1288,0,3,0.199171
2017-09-09,62,1285,0,1,0.448065
2017-09-10,64,1283,0,0,0.429631
2017-09-11,66,1280,0,0,0.14067
2017-09-12,68,1277,0,0,0.136507
2017-09-13,74,1275,1,18,0.134514
2017-09-14,76,1272,1,16,0.116333
2017-09-15,74,1269,0,5,0.160677
2017-09-16,76,1267,1,7,0.402062
2017-09-17,74,1264,1,23,0.396101
2017-09-18,70,1261,1,31,0.111255
2017-09-19,74,1219,1,31,0.0993521
2017-09-20,75,1216,0,9,0.127381
2017-09-21,76,1213,0,0,0.152427
2017-09-22,74,1210,0,0,0.212113
2017-09-23,78,1208,0,1,0.442305
2017-09-24,80,1205,0,0,0.413836
2017-09-25,79,1202,0,0,0.111311
2017-09-26,76,1200,1,6,0.10665
2017-09-27,78,1197,0,5,0.104857
2017-09-28,69,1194,0,11,0.119504
2017-09-29,62,1192,0,4,0.19154
2017-09-30,60,1189,0,23,0.398488
2017-10-01,59,1186,0,2,0.397963
2017-10-02,62,1184,0,0,0.135635
2017-10-03,64,1181,0,0,0.131221
2017-10-04,66,1178,0,1,0.136035
2017-10-05,74,1176,1,12,0.129375
2017-10-06,75,1173,0,1,0.18841
2017-10-07,74,1170,1,5,0.385046
2017-10-08,74,1168,1,29,0.3896
2017-10-09,74,1125,1,43,0.149471
2017-10-10,74,1123,0,1,0.114036
2017-10-11,69,1119,1,13,0.111482
2017-10-12,60,1117,1,19,0.138239
2017-10-13,60,1114,1,27,0.196271
2017-10-14,66,1111,1,37,0.403119
2017-10-15,70,1109,1,34,0.395765
2017-10-16,58,1106,1,8,0.112975
2017-10-17,50,1104,0,0,0.103394
2017-10-18,61,1101,1,0,0.127448
2017-10-19,64,1099,0,0,0.143032
2017-10-20,65,1096,0,0,0.197127
2017-10-21,67,1094,0,0,0.410231
2017-10-22,66,1091,1,0,0.415934
2017-10-23,68,1088,0,19,0.128656
2017-10-24,70,1086,1,52,0.106257
2017-10-25,62,1083,1,10,0.131255
2017-10-26,54,1081,0,14,0.105924
2017-10-27,54,1039,1,0,0.164768
2017-10-28,62,1036,0,2,0.392715
2017-10-29,64,1033,1,68,0.350118
2017-10-30,54,1031,1,15,0.0729212
2017-10-31,51,1029,0,1,0.104987
2017-11-01,51,1026,0,18,0.104643
2017-11-02,65,1024,1,7,0.13164
2017-11-03,62,1022,0,2,0.157472
2017-11-04,51,1019,0,5,0.283654
2017-11-05,56,1017,1,37,0.305085
2017-11-06,56,1015,1,21,0.111474
2017-11-07,44,1013,1,21,0.0979496
2017-11-08,44,1010,0,25,0.0841851
2017-11-09,47,1007,1,12,0.0948589
2017-11-10,38,1005,0,6,0.099345
2017-11-11,31,1003,0,0,0.183307
2017-11-12,39,1002,0,0,0.216133
2017-11-13,43,1000,1,13,0.0943074
2017-11-14,42,998,0,22,0.0949551
2017-11-15,44,995,0,13,0.0899511
2017-11-16,50,993,1,23,0.0976047
2017-11-17,42,991,0,1,0.106504
2017-11-18,,990,1,8,0.236515
2017-11-19,,988,0,2,0.256657
