date,avg_temp,daylight_hours,bad_weather,hours_overcast,gloomy_today,gloomy_past_two_days,gloomy_past_three_days
2009-01-01,20,9,,0,0,0,0
2009-01-02,28,9,1,12,1,0,0
2009-01-03,34,9,,0,0,0,0
2009-01-04,34,9,,5,0,0,0
2009-01-05,40,9,,12,1,0,0
2009-01-06,34,9,1,11,1,1,0
2009-01-07,34,9,1,24,1,1,1
2009-01-08,34,9,,7,0,0,0
2009-01-09,29,9,,4,0,0,0
2009-01-10,26,9,1,15,1,0,0
2009-01-11,28,9,1,14,1,1,0
2009-01-12,27,10,,1,0,0,0
2009-01-13,34,10,,2,0,0,0
2009-01-14,26,10,,9,0,0,0
2009-01-15,18,10,1,15,1,0,0
2009-01-16,12,10,,1,0,0,0
2009-01-17,14,10,,8,0,0,0
2009-01-18,28,10,1,22,1,0,0
2009-01-19,30,10,1,17,1,1,0
2009-01-20,24,10,,0,0,0,0
2009-01-21,22,10,,3,0,0,0
2009-01-22,28,10,,3,0,0,0
2009-01-23,39,10,,0,0,0,0
2009-01-24,32,10,,0,0,0,0
2009-01-25,20,10,,7,0,0,0
2009-01-26,24,10,,4,0,0,0
2009-01-27,27,10,,18,1,0,0
2009-01-28,32,10,1,22,1,1,0
2009-01-29,31,10,,0,0,0,0
2009-01-30,30,10,1,9,0,0,0
2009-01-31,24,10,,2,0,0,0
2009-02-01,39,10,,3,0,0,0
2009-02-02,44,10,,11,1,0,0
2009-02-03,30,10,1,24,1,1,0
2009-02-04,24,10,,6,0,0,0
2009-02-05,18,10,,0,0,0,0
2009-02-06,24,10,,10,1,0,0
2009-02-07,39,10,,8,0,0,0
2009-02-08,48,10,,2,0,0,0
2009-02-09,39,10,,0,0,0,0
2009-02-10,42,10,,6,0,0,0
2009-02-11,55,11,1,8,0,0,0
2009-02-12,50,11,1,18,1,0,0
2009-02-13,38,11,,8,0,0,0
2009-02-14,34,11,,14,1,0,0
2009-02-15,35,11,,2,0,0,0
2009-02-16,34,11,,0,0,0,0
2009-02-17,32,11,,0,0,0,0
2009-02-18,38,11,1,15,1,0,0
2009-02-19,38,11,1,9,0,0,0
2009-02-20,28,11,,7,0,0,0
2009-02-21,34,11,,0,0,0,0
2009-02-22,38,11,1,14,1,0,0
2009-02-23,29,11,,0,0,0,0
2009-02-24,30,11,,1,0,0,0
2009-02-25,33,11,,1,0,0,0
2009-02-26,42,11,,8,0,0,0
2009-02-27,52,11,1,10,1,0,0
2009-02-28,42,11,,2,0,0,0
2009-03-01,32,11,1,23,1,0,0
2009-03-02,22,11,1,22,1,1,0
2009-03-03,19,11,,3,0,0,0
2009-03-04,26,11,,0,0,0,0
2009-03-05,36,11,,0,0,0,0
2009-03-06,46,12,,10,1,0,0
2009-03-07,60,12,1,0,0,0,0
2009-03-08,56,12,1,10,1,0,0
2009-03-09,44,12,1,24,1,1,0
2009-03-10,42,12,1,19,1,1,1
2009-03-11,50,12,1,14,1,1,1
2009-03-12,38,12,,0,0,0,0
2009-03-13,34,12,,5,0,0,0
2009-03-14,42,12,,2,0,0,0
2009-03-15,46,12,1,22,1,0,0
2009-03-16,44,12,,6,0,0,0
2009-03-17,46,12,,5,0,0,0
2009-03-18,52,12,,0,0,0,0
2009-03-19,48,12,1,14,1,0,0
2009-03-20,40,12,1,16,1,1,0
2009-03-21,40,12,,0,0,0,0
2009-03-22,44,12,,5,0,0,0
2009-03-23,36,12,,0,0,0,0
2009-03-24,38,12,,0,0,0,0
2009-03-25,44,12,,0,0,0,0
2009-03-26,44,12,1,22,1,0,0
2009-03-27,54,12,1,2,0,0,0
2009-03-28,51,12,1,15,1,0,0
2009-03-29,47,13,1,24,1,1,0
2009-03-30,47,13,,9,0,0,0
2009-03-31,49,13,,0,0,0,0
2009-04-01,46,13,1,22,1,0,0
2009-04-02,54,13,1,17,1,1,0
2009-04-03,54,13,1,22,1,1,1
2009-04-04,50,13,,22,1,1,1
2009-04-05,55,13,,4,0,0,0
2009-04-06,50,13,1,19,1,0,0
2009-04-07,44,13,,22,1,1,0
2009-04-08,42,13,,12,1,1,1
2009-04-09,52,13,,0,0,0,0
2009-04-10,52,13,1,14,1,0,0
2009-04-11,46,13,1,16,1,1,0
2009-04-12,42,13,,0,0,0,0
2009-04-13,46,13,,1,0,0,0
2009-04-14,47,13,1,24,1,0,0
2009-04-15,50,13,1,12,1,1,0
2009-04-16,54,13,,0,0,0,0
2009-04-17,56,13,,0,0,0,0
2009-04-18,66,13,,4,0,0,0
2009-04-19,55,13,,3,0,0,0
2009-04-20,46,14,1,18,1,0,0
2009-04-21,54,14,1,22,1,1,0
2009-04-22,52,14,1,10,1,1,1
2009-04-23,50,14,,5,0,0,0
2009-04-24,60,14,,0,0,0,0
2009-04-25,70,14,,0,0,0,0
2009-04-26,80,14,,0,0,0,0
2009-04-27,71,14,,0,0,0,0
2009-04-28,80,14,,4,0,0,0
2009-04-29,59,14,1,5,0,0,0
2009-04-30,54,14,1,14,1,0,0
2009-05-01,62,14,1,16,1,1,0
2009-05-02,61,14,1,7,0,0,0
2009-05-03,56,14,1,19,1,0,0
2009-05-04,54,14,1,24,1,1,0
2009-05-05,52,14,1,24,1,1,1
2009-05-06,57,14,1,18,1,1,1
2009-05-07,60,14,1,15,1,1,1
2009-05-08,65,14,,5,0,0,0
2009-05-09,67,14,1,10,1,0,0
2009-05-10,62,14,,1,0,0,0
2009-05-11,58,14,,2,0,0,0
2009-05-12,60,14,,8,0,0,0
2009-05-13,58,14,,0,0,0,0
2009-05-14,62,14,1,17,1,0,0
2009-05-15,68,14,1,8,0,0,0
2009-05-16,64,14,1,14,1,0,0
2009-05-17,59,15,1,9,0,0,0
2009-05-18,54,15,,9,0,0,0
2009-05-19,56,15,,0,0,0,0
2009-05-20,67,15,,0,0,0,0
2009-05-21,73,15,,0,0,0,0
2009-05-22,73,15,,0,0,0,0
2009-05-23,66,15,,0,0,0,0
2009-05-24,72,15,1,6,0,0,0
2009-05-25,72,15,,2,0,0,0
2009-05-26,60,15,1,8,0,0,0
2009-05-27,59,15,1,16,1,0,0
2009-05-28,58,15,1,24,1,1,0
2009-05-29,64,15,1,15,1,1,1
2009-05-30,68,15,,2,0,0,0
2009-05-31,69,15,,2,0,0,0
2009-06-01,60,15,,6,0,0,0
2009-06-02,70,15,1,6,0,0,0
2009-06-03,63,15,1,16,1,0,0
2009-06-04,62,15,1,14,1,1,0
2009-06-05,58,15,1,22,1,1,1
2009-06-06,66,15,1,9,0,0,0
2009-06-07,72,15,1,1,0,0,0
2009-06-08,68,15,1,11,1,0,0
2009-06-09,66,15,1,22,1,1,0
2009-06-10,63,15,1,24,1,1,1
2009-06-11,62,15,1,24,1,1,1
2009-06-12,71,15,1,12,1,1,1
2009-06-13,67,15,1,19,1,1,1
2009-06-14,66,15,1,11,1,1,1
2009-06-15,64,15,1,11,1,1,1
2009-06-16,63,15,,11,1,1,1
2009-06-17,62,15,1,4,0,0,0
2009-06-18,62,15,1,24,1,0,0
2009-06-19,70,15,1,15,1,1,0
2009-06-20,67,15,1,15,1,1,1
2009-06-21,70,15,1,18,1,1,1
2009-06-22,70,15,,21,1,1,1
2009-06-23,73,15,1,21,1,1,1
2009-06-24,70,15,1,22,1,1,1
2009-06-25,72,15,1,10,1,1,1
2009-06-26,74,15,1,8,0,0,0
2009-06-27,72,15,1,2,0,0,0
2009-06-28,73,15,,7,0,0,0
2009-06-29,73,15,,3,0,0,0
2009-06-30,74,15,1,5,0,0,0
2009-07-01,74,15,1,8,0,0,0
2009-07-02,71,15,1,16,1,0,0
2009-07-03,72,15,,9,0,0,0
2009-07-04,72,15,,0,0,0,0
2009-07-05,70,15,,0,0,0,0
2009-07-06,73,15,,0,0,0,0
2009-07-07,70,15,1,6,0,0,0
2009-07-08,68,15,,0,0,0,0
2009-07-09,67,15,,7,0,0,0
2009-07-10,69,15,,0,0,0,0
2009-07-11,70,15,1,6,0,0,0
2009-07-12,72,15,1,7,0,0,0
2009-07-13,70,15,,5,0,0,0
2009-07-14,70,15,,0,0,0,0
2009-07-15,72,15,,0,0,0,0
2009-07-16,77,15,,3,0,0,0
2009-07-17,77,15,1,5,0,0,0
2009-07-18,76,15,1,7,0,0,0
2009-07-19,72,15,,0,0,0,0
2009-07-20,74,15,,1,0,0,0
2009-07-21,68,15,1,24,1,0,0
2009-07-22,73,15,1,3,0,0,0
2009-07-23,70,15,1,14,1,0,0
2009-07-24,70,15,1,9,0,0,0
2009-07-25,74,15,,1,0,0,0
2009-07-26,76,15,1,7,0,0,0
2009-07-27,76,15,1,5,0,0,0
2009-07-28,78,14,,5,0,0,0
2009-07-29,76,14,1,14,1,0,0
2009-07-30,78,14,,6,0,0,0
2009-07-31,76,14,1,13,1,0,0
2009-08-01,74,14,,2,0,0,0
2009-08-02,70,14,1,11,1,0,0
2009-08-03,77,14,,1,0,0,0
2009-08-04,76,14,,0,0,0,0
2009-08-05,79,14,1,0,0,0,0
2009-08-06,72,14,,0,0,0,0
2009-08-07,72,14,,0,0,0,0
2009-08-08,70,14,,2,0,0,0
2009-08-09,74,14,1,16,1,0,0
2009-08-10,80,14,1,3,0,0,0
2009-08-11,82,14,,0,0,0,0
2009-08-12,75,14,,11,1,0,0
2009-08-13,70,14,1,22,1,1,0
2009-08-14,76,14,,0,0,0,0
2009-08-15,79,14,1,0,0,0,0
2009-08-16,82,14,,0,0,0,0
2009-08-17,84,14,,0,0,0,0
2009-08-18,79,14,1,1,0,0,0
2009-08-19,80,14,,3,0,0,0
2009-08-20,82,14,1,0,0,0,0
2009-08-21,80,14,1,2,0,0,0
2009-08-22,76,14,1,11,1,0,0
2009-08-23,78,13,1,4,0,0,0
2009-08-24,76,13,,0,0,0,0
2009-08-25,76,13,,0,0,0,0
2009-08-26,78,13,1,3,0,0,0
2009-08-27,72,13,,14,1,0,0
2009-08-28,68,13,1,21,1,1,0
2009-08-29,70,13,1,24,1,1,1
2009-08-30,74,13,1,10,1,1,1
2009-08-31,67,13,,1,0,0,0
2009-09-01,66,13,,0,0,0,0
2009-09-02,67,13,,0,0,0,0
2009-09-03,70,13,,5,0,0,0
2009-09-04,72,13,,10,1,0,0
2009-09-05,76,13,,4,0,0,0
2009-09-06,69,13,,3,0,0,0
2009-09-07,67,13,,2,0,0,0
2009-09-08,68,13,,1,0,0,0
2009-09-09,70,13,,3,0,0,0
2009-09-10,64,13,,8,0,0,0
2009-09-11,61,13,1,24,1,0,0
2009-09-12,65,13,1,24,1,1,0
2009-09-13,72,13,,10,1,1,1
2009-09-14,68,13,,0,0,0,0
2009-09-15,70,12,,2,0,0,0
2009-09-16,66,12,,22,1,0,0
2009-09-17,59,12,1,13,1,1,0
2009-09-18,65,12,,5,0,0,0
2009-09-19,62,12,,0,0,0,0
2009-09-20,64,12,,0,0,0,0
2009-09-21,66,12,,0,0,0,0
2009-09-22,68,12,,6,0,0,0
2009-09-23,74,12,,7,0,0,0
2009-09-24,74,12,1,1,0,0,0
2009-09-25,62,12,,0,0,0,0
2009-09-26,60,12,1,4,0,0,0
2009-09-27,64,12,1,18,1,0,0
2009-09-28,65,12,1,7,0,0,0
2009-09-29,60,12,,8,0,0,0
2009-09-30,54,12,,7,0,0,0
2009-10-01,51,12,,13,1,0,0
2009-10-02,56,12,1,7,0,0,0
2009-10-03,66,12,1,17,1,0,0
2009-10-04,66,12,1,4,0,0,0
2009-10-05,60,12,,3,0,0,0
2009-10-06,58,12,,4,0,0,0
2009-10-07,63,12,1,11,1,0,0
2009-10-08,58,11,,4,0,0,0
2009-10-09,64,11,1,19,1,0,0
2009-10-10,58,11,1,8,0,0,0
2009-10-11,55,11,,0,0,0,0
2009-10-12,48,11,,5,0,0,0
2009-10-13,55,11,,12,1,0,0
2009-10-14,47,11,,5,0,0,0
2009-10-15,42,11,1,21,1,0,0
2009-10-16,42,11,1,24,1,1,0
2009-10-17,45,11,1,13,1,1,1
2009-10-18,43,11,1,22,1,1,1
2009-10-19,46,11,,0,0,0,0
2009-10-20,55,11,,0,0,0,0
2009-10-21,60,11,,4,0,0,0
2009-10-22,64,11,,0,0,0,0
2009-10-23,56,11,1,15,1,0,0
2009-10-24,59,11,1,17,1,1,0
2009-10-25,56,11,,0,0,0,0
2009-10-26,53,11,,0,0,0,0
2009-10-27,52,11,1,21,1,0,0
2009-10-28,54,11,1,24,1,1,0
2009-10-29,53,11,,19,1,1,1
2009-10-30,56,11,,18,1,1,1
2009-10-31,63,10,1,24,1,1,1
2009-11-01,54,10,,7,0,0,0
2009-11-02,50,10,,14,1,0,0
2009-11-03,52,10,,1,0,0,0
2009-11-04,46,10,,4,0,0,0
2009-11-05,48,10,1,15,1,0,0
2009-11-06,44,10,,3,0,0,0
2009-11-07,44,10,,0,0,0,0
2009-11-08,58,10,,2,0,0,0
2009-11-09,58,10,1,0,0,0,0
2009-11-10,60,10,1,1,0,0,0
2009-11-11,52,10,,8,0,0,0
2009-11-12,48,10,1,10,1,0,0
2009-11-13,52,10,1,24,1,1,0
2009-11-14,54,10,1,24,1,1,1
2009-11-15,60,10,1,14,1,1,1
2009-11-16,54,10,,1,0,0,0
2009-11-17,50,10,,8,0,0,0
2009-11-18,48,10,,7,0,0,0
2009-11-19,53,10,1,22,1,0,0
2009-11-20,54,10,1,7,0,0,0
2009-11-21,52,10,,0,0,0,0
2009-11-22,50,10,,3,0,0,0
2009-11-23,47,10,1,24,1,0,0
2009-11-24,53,10,,16,1,1,0
2009-11-25,50,10,1,24,1,1,1
2009-11-26,54,10,1,13,1,1,1
2009-11-27,46,10,,22,1,1,1
2009-11-28,46,10,,4,0,0,0
2009-11-29,49,10,,0,0,0,0
2009-11-30,48,10,1,18,1,0,0
2009-12-01,41,9,,3,0,0,0
2009-12-02,48,9,1,8,0,0,0
2009-12-03,58,9,1,13,1,0,0
2009-12-04,48,9,,0,0,0,0
2009-12-05,39,9,1,19,1,0,0
2009-12-06,36,9,,2,0,0,0
2009-12-07,36,9,,7,0,0,0
2009-12-08,39,9,,3,0,0,0
2009-12-09,43,9,1,18,1,0,0
2009-12-10,36,9,,3,0,0,0
2009-12-11,25,9,,0,0,0,0
2009-12-12,31,9,,0,0,0,0
2009-12-13,43,9,1,14,1,0,0
2009-12-14,43,9,,6,0,0,0
2009-12-15,47,9,1,17,1,0,0
2009-12-16,35,9,,0,0,0,0
2009-12-17,26,9,,4,0,0,0
2009-12-18,23,9,,1,0,0,0
2009-12-19,26,9,1,22,1,0,0
2009-12-20,28,9,1,13,1,1,0
2009-12-21,32,9,,0,0,0,0
2009-12-22,30,9,,1,0,0,0
2009-12-23,25,9,,3,0,0,0
2009-12-24,32,9,,1,0,0,0
2009-12-25,36,9,1,24,1,0,0
2009-12-26,46,9,1,24,1,1,0
2009-12-27,48,9,1,7,0,0,0
2009-12-28,36,9,,10,1,0,0
2009-12-29,24,9,,1,0,0,0
2009-12-30,26,9,,1,0,0,0
2009-12-31,32,9,,21,1,0,0
2010-01-01,36,9,1,24,1,1,0
2010-01-02,26,9,1,17,1,1,1
2010-01-03,20,9,1,13,1,1,1
2010-01-04,24,9,,1,0,0,0
2010-01-05,25,9,,9,0,0,0
2010-01-06,30,9,1,11,1,0,0
2010-01-07,34,9,,7,0,0,0
2010-01-08,28,9,1,17,1,0,0
2010-01-09,24,9,,0,0,0,0
2010-01-10,21,9,,0,0,0,0
2010-01-11,26,9,,5,0,0,0
2010-01-12,30,10,,9,0,0,0
2010-01-13,30,10,,7,0,0,0
2010-01-14,36,10,,0,0,0,0
2010-01-15,42,10,,11,1,0,0
2010-01-16,44,10,,8,0,0,0
2010-01-17,40,10,1,12,1,0,0
2010-01-18,44,10,1,16,1,1,0
2010-01-19,44,10,,17,1,1,1
2010-01-20,38,10,,1,0,0,0
2010-01-21,36,10,,0,0,0,0
2010-01-22,38,10,,0,0,0,0
2010-01-23,34,10,,0,0,0,0
2010-01-24,41,10,1,19,1,0,0
2010-01-25,53,10,1,19,1,1,0
2010-01-26,42,10,1,12,1,1,1
2010-01-27,35,10,,3,0,0,0
2010-01-28,31,10,1,11,1,0,0
2010-01-29,20,10,,0,0,0,0
2010-01-30,16,10,,10,1,0,0
2010-01-31,22,10,,1,0,0,0
2010-02-01,30,10,,0,0,0,0
2010-02-02,30,10,1,9,0,0,0
2010-02-03,34,10,1,14,1,0,0
2010-02-04,32,10,,0,0,0,0
2010-02-05,32,10,,5,0,0,0
2010-02-06,26,10,1,13,1,0,0
2010-02-07,26,10,,0,0,0,0
2010-02-08,30,10,,0,0,0,0
2010-02-09,35,10,1,8,0,0,0
2010-02-10,32,10,1,18,1,0,0
2010-02-11,32,11,,0,0,0,0
2010-02-12,32,11,,0,0,0,0
2010-02-13,28,11,,5,0,0,0
2010-02-14,34,11,,10,1,0,0
2010-02-15,34,11,1,7,0,0,0
2010-02-16,31,11,1,20,1,0,0
2010-02-17,30,11,,14,1,1,0
2010-02-18,36,11,,15,1,1,1
2010-02-19,39,11,,19,1,1,1
2010-02-20,40,11,,1,0,0,0
2010-02-21,40,11,,0,0,0,0
2010-02-22,37,11,1,10,1,0,0
2010-02-23,36,11,1,24,1,1,0
2010-02-24,39,11,1,24,1,1,1
2010-02-25,32,11,1,24,1,1,1
2010-02-26,30,11,1,16,1,1,1
2010-02-27,34,11,1,16,1,1,1
2010-02-28,36,11,,13,1,1,1
2010-03-01,42,11,,1,0,0,0
2010-03-02,42,11,1,9,0,0,0
2010-03-03,38,11,1,24,1,0,0
2010-03-04,41,11,,19,1,1,0
2010-03-05,42,11,1,15,1,1,1
2010-03-06,43,12,,0,0,0,0
2010-03-07,47,12,,0,0,0,0
2010-03-08,51,12,,0,0,0,0
2010-03-09,52,12,,0,0,0,0
2010-03-10,50,12,,8,0,0,0
2010-03-11,48,12,,20,1,0,0
2010-03-12,41,12,1,24,1,1,0
2010-03-13,42,12,1,24,1,1,1
2010-03-14,46,12,1,24,1,1,1
2010-03-15,44,12,1,24,1,1,1
2010-03-16,52,12,,7,0,0,0
2010-03-17,54,12,,0,0,0,0
2010-03-18,60,12,,0,0,0,0
2010-03-19,60,12,,0,0,0,0
2010-03-20,64,12,,0,0,0,0
2010-03-21,58,12,,4,0,0,0
2010-03-22,54,12,1,18,1,0,0
2010-03-23,49,12,1,23,1,1,0
2010-03-24,52,12,,3,0,0,0
2010-03-25,55,12,1,6,0,0,0
2010-03-26,43,12,1,9,0,0,0
2010-03-27,36,12,,0,0,0,0
2010-03-28,42,12,1,19,1,0,0
2010-03-29,50,13,1,22,1,1,0
2010-03-30,46,13,1,24,1,1,1
2010-03-31,51,13,1,19,1,1,1
2010-04-01,59,13,,6,0,0,0
2010-04-02,58,13,,0,0,0,0
2010-04-03,57,13,1,2,0,0,0
2010-04-04,62,13,1,2,0,0,0
2010-04-05,66,13,,0,0,0,0
2010-04-06,68,13,,3,0,0,0
2010-04-07,74,13,1,0,0,0,0
2010-04-08,72,13,,0,0,0,0
2010-04-09,56,13,1,23,1,0,0
2010-04-10,52,13,,7,0,0,0
2010-04-11,64,13,,8,0,0,0
2010-04-12,60,13,,0,0,0,0
2010-04-13,52,13,,10,1,0,0
2010-04-14,56,13,,0,0,0,0
2010-04-15,62,13,,6,0,0,0
2010-04-16,52,13,1,20,1,0,0
2010-04-17,50,13,1,23,1,1,0
2010-04-18,50,13,,9,0,0,0
2010-04-19,54,13,,3,0,0,0
2010-04-20,58,14,,0,0,0,0
2010-04-21,61,14,1,4,0,0,0
2010-04-22,62,14,1,4,0,0,0
2010-04-23,56,14,,0,0,0,0
2010-04-24,57,14,,4,0,0,0
2010-04-25,49,14,1,24,1,0,0
2010-04-26,50,14,1,24,1,1,0
2010-04-27,50,14,1,12,1,1,1
2010-04-28,48,14,,7,0,0,0
2010-04-29,57,14,,0,0,0,0
2010-04-30,67,14,,1,0,0,0
2010-05-01,74,14,,0,0,0,0
2010-05-02,77,14,,1,0,0,0
2010-05-03,74,14,1,12,1,0,0
2010-05-04,72,14,,2,0,0,0
2010-05-05,69,14,,0,0,0,0
2010-05-06,68,14,,0,0,0,0
2010-05-07,62,14,,0,0,0,0
2010-05-08,62,14,1,3,0,0,0
2010-05-09,48,14,,10,1,0,0
2010-05-10,51,14,,0,0,0,0
2010-05-11,50,14,1,6,0,0,0
2010-05-12,46,14,1,24,1,0,0
2010-05-13,55,14,,3,0,0,0
2010-05-14,68,14,1,9,0,0,0
2010-05-15,66,14,,0,0,0,0
2010-05-16,63,14,,1,0,0,0
2010-05-17,64,15,,1,0,0,0
2010-05-18,56,15,1,24,1,0,0
2010-05-19,57,15,1,24,1,1,0
2010-05-20,67,15,,5,0,0,0
2010-05-21,73,15,,0,0,0,0
2010-05-22,66,15,,7,0,0,0
2010-05-23,64,15,1,17,1,0,0
2010-05-24,66,15,1,17,1,1,0
2010-05-25,72,15,1,0,0,0,0
2010-05-26,78,15,,0,0,0,0
2010-05-27,69,15,1,14,1,0,0
2010-05-28,63,15,,10,1,1,0
2010-05-29,69,15,,8,0,0,0
2010-05-30,76,15,,0,0,0,0
2010-05-31,78,15,1,0,0,0,0
2010-06-01,76,15,1,5,0,0,0
2010-06-02,77,15,,1,0,0,0
2010-06-03,77,15,1,1,0,0,0
2010-06-04,80,15,,1,0,0,0
2010-06-05,82,15,,2,0,0,0
2010-06-06,75,15,1,1,0,0,0
2010-06-07,66,15,,1,0,0,0
2010-06-08,66,15,,3,0,0,0
2010-06-09,62,15,1,14,1,0,0
2010-06-10,66,15,1,16,1,1,0
2010-06-11,64,15,,1,0,0,0
2010-06-12,70,15,1,5,0,0,0
2010-06-13,72,15,1,15,1,0,0
2010-06-14,72,15,1,15,1,1,0
2010-06-15,72,15,,0,0,0,0
2010-06-16,70,15,,12,1,0,0
2010-06-17,70,15,1,11,1,1,0
2010-06-18,73,15,,0,0,0,0
2010-06-19,72,15,,0,0,0,0
2010-06-20,80,15,1,3,0,0,0
2010-06-21,79,15,,0,0,0,0
2010-06-22,79,15,1,4,0,0,0
2010-06-23,80,15,1,0,0,0,0
2010-06-24,84,15,,2,0,0,0
2010-06-25,79,15,,0,0,0,0
2010-06-26,80,15,,4,0,0,0
2010-06-27,81,15,1,0,0,0,0
2010-06-28,84,15,1,2,0,0,0
2010-06-29,80,15,,5,0,0,0
2010-06-30,70,15,,0,0,0,0
2010-07-01,70,15,,3,0,0,0
2010-07-02,72,15,,1,0,0,0
2010-07-03,77,15,,0,0,0,0
2010-07-04,84,15,,0,0,0,0
2010-07-05,88,15,,0,0,0,0
2010-07-06,92,15,,2,0,0,0
2010-07-07,90,15,,2,0,0,0
2010-07-08,83,15,1,5,0,0,0
2010-07-09,82,15,1,3,0,0,0
2010-07-10,78,15,,3,0,0,0
2010-07-11,82,15,1,1,0,0,0
2010-07-12,84,15,,1,0,0,0
2010-07-13,78,15,1,12,1,0,0
2010-07-14,76,15,1,19,1,1,0
2010-07-15,80,15,1,9,0,0,0
2010-07-16,84,15,1,6,0,0,0
2010-07-17,85,15,,0,0,0,0
2010-07-18,86,15,,0,0,0,0
2010-07-19,82,15,1,3,0,0,0
2010-07-20,82,15,,0,0,0,0
2010-07-21,84,15,,2,0,0,0
2010-07-22,82,15,,0,0,0,0
2010-07-23,80,15,1,3,0,0,0
2010-07-24,88,15,,1,0,0,0
2010-07-25,82,15,1,2,0,0,0
2010-07-26,78,15,,0,0,0,0
2010-07-27,80,15,,0,0,0,0
2010-07-28,82,14,,2,0,0,0
2010-07-29,82,14,1,3,0,0,0
2010-07-30,76,14,,2,0,0,0
2010-07-31,76,14,,1,0,0,0
2010-08-01,75,14,,5,0,0,0
2010-08-02,77,14,1,2,0,0,0
2010-08-03,79,14,,8,0,0,0
2010-08-04,83,14,1,3,0,0,0
2010-08-05,86,14,1,1,0,0,0
2010-08-06,80,14,1,2,0,0,0
2010-08-07,78,14,1,4,0,0,0
2010-08-08,81,14,,10,1,0,0
2010-08-09,84,14,1,0,0,0,0
2010-08-10,85,14,1,2,0,0,0
2010-08-11,84,14,1,2,0,0,0
2010-08-12,72,14,1,16,1,0,0
2010-08-13,75,14,,11,1,1,0
2010-08-14,74,14,1,0,0,0,0
2010-08-15,72,14,1,17,1,0,0
2010-08-16,78,14,1,14,1,1,0
2010-08-17,82,14,1,0,0,0,0
2010-08-18,79,14,1,0,0,0,0
2010-08-19,80,14,1,1,0,0,0
2010-08-20,82,14,1,0,0,0,0
2010-08-21,76,14,1,2,0,0,0
2010-08-22,74,14,1,22,1,0,0
2010-08-23,68,13,1,24,1,1,0
2010-08-24,67,13,1,24,1,1,1
2010-08-25,66,13,1,22,1,1,1
2010-08-26,74,13,,2,0,0,0
2010-08-27,70,13,1,0,0,0,0
2010-08-28,72,13,,0,0,0,0
2010-08-29,80,13,1,0,0,0,0
2010-08-30,82,13,1,0,0,0,0
2010-08-31,86,13,1,0,0,0,0
2010-09-01,86,13,1,0,0,0,0
2010-09-02,86,13,1,0,0,0,0
2010-09-03,80,13,1,3,0,0,0
2010-09-04,72,13,1,3,0,0,0
2010-09-05,70,13,,0,0,0,0
2010-09-06,70,13,,0,0,0,0
2010-09-07,78,13,,0,0,0,0
2010-09-08,78,13,1,0,0,0,0
2010-09-09,66,13,,9,0,0,0
2010-09-10,68,13,1,9,0,0,0
2010-09-11,69,13,,1,0,0,0
2010-09-12,63,13,1,15,1,0,0
2010-09-13,68,13,1,12,1,1,0
2010-09-14,68,13,1,1,0,0,0
2010-09-15,64,12,,0,0,0,0
2010-09-16,64,12,1,14,1,0,0
2010-09-17,65,12,1,14,1,1,0
2010-09-18,64,12,1,15,1,1,1
2010-09-19,71,12,1,6,0,0,0
2010-09-20,66,12,1,0,0,0,0
2010-09-21,64,12,,0,0,0,0
2010-09-22,76,12,1,2,0,0,0
2010-09-23,74,12,1,2,0,0,0
2010-09-24,76,12,1,3,0,0,0
2010-09-25,78,12,1,2,0,0,0
2010-09-26,68,12,1,5,0,0,0
2010-09-27,66,12,1,24,1,0,0
2010-09-28,72,12,1,18,1,1,0
2010-09-29,70,12,1,7,0,0,0
2010-09-30,72,12,1,24,1,0,0
2010-10-01,66,12,1,19,1,1,0
2010-10-02,59,12,,0,0,0,0
2010-10-03,57,12,1,9,0,0,0
2010-10-04,54,12,1,24,1,0,0
2010-10-05,57,12,1,24,1,1,0
2010-10-06,59,12,1,13,1,1,1
2010-10-07,62,12,,4,0,0,0
2010-10-08,64,11,,0,0,0,0
2010-10-09,63,11,,0,0,0,0
2010-10-10,58,11,,0,0,0,0
2010-10-11,66,11,1,5,0,0,0
2010-10-12,62,11,1,8,0,0,0
2010-10-13,56,11,,0,0,0,0
2010-10-14,56,11,1,11,1,0,0
2010-10-15,53,11,1,23,1,1,0
2010-10-16,54,11,,6,0,0,0
2010-10-17,58,11,,1,0,0,0
2010-10-18,55,11,,6,0,0,0
2010-10-19,53,11,1,12,1,0,0
2010-10-20,53,11,1,0,0,0,0
2010-10-21,56,11,1,5,0,0,0
2010-10-22,50,11,,9,0,0,0
2010-10-23,54,11,,9,0,0,0
2010-10-24,60,11,1,3,0,0,0
2010-10-25,64,11,1,6,0,0,0
2010-10-26,68,11,1,15,1,0,0
2010-10-27,70,11,1,20,1,1,0
2010-10-28,65,11,1,6,0,0,0
2010-10-29,52,11,,9,0,0,0
2010-10-30,50,11,,0,0,0,0
2010-10-31,50,10,,4,0,0,0
2010-11-01,43,10,,0,0,0,0
2010-11-02,43,10,,0,0,0,0
2010-11-03,48,10,,2,0,0,0
2010-11-04,49,10,1,24,1,0,0
2010-11-05,48,10,1,16,1,1,0
2010-11-06,46,10,,3,0,0,0
2010-11-07,44,10,1,0,0,0,0
2010-11-08,42,10,1,9,0,0,0
2010-11-09,48,10,1,7,0,0,0
2010-11-10,51,10,1,9,0,0,0
2010-11-11,49,10,,0,0,0,0
2010-11-12,54,10,,0,0,0,0
2010-11-13,55,10,,0,0,0,0
2010-11-14,54,10,,2,0,0,0
2010-11-15,54,10,1,19,1,0,0
2010-11-16,56,10,1,24,1,1,0
2010-11-17,56,10,1,9,0,0,0
2010-11-18,50,10,,8,0,0,0
2010-11-19,44,10,,0,0,0,0
2010-11-20,48,10,,1,0,0,0
2010-11-21,44,10,,1,0,0,0
2010-11-22,55,10,1,9,0,0,0
2010-11-23,56,10,1,1,0,0,0
2010-11-24,46,10,,1,0,0,0
2010-11-25,42,10,1,16,1,0,0
2010-11-26,46,10,1,10,1,1,0
2010-11-27,38,10,,1,0,0,0
2010-11-28,40,10,,0,0,0,0
2010-11-29,42,10,,1,0,0,0
2010-11-30,50,10,1,22,1,0,0
2010-12-01,50,9,1,24,1,1,0
2010-12-02,38,9,,1,0,0,0
2010-12-03,36,9,,7,0,0,0
2010-12-04,36,9,,8,0,0,0
2010-12-05,32,9,,14,1,0,0
2010-12-06,32,9,,18,1,1,0
2010-12-07,33,9,,16,1,1,1
2010-12-08,30,9,,0,0,0,0
2010-12-09,26,9,,2,0,0,0
2010-12-10,30,9,,15,1,0,0
2010-12-11,40,9,,2,0,0,0
2010-12-12,48,9,1,23,1,0,0
2010-12-13,35,9,1,24,1,1,0
2010-12-14,21,9,1,19,1,1,1
2010-12-15,24,9,,2,0,0,0
2010-12-16,26,9,,5,0,0,0
2010-12-17,30,9,,1,0,0,0
2010-12-18,32,9,,2,0,0,0
2010-12-19,34,9,1,15,1,0,0
2010-12-20,31,9,1,0,0,0,0
2010-12-21,33,9,1,1,0,0,0
2010-12-22,33,9,1,9,0,0,0
2010-12-23,32,9,,10,1,0,0
2010-12-24,34,9,,0,0,0,0
2010-12-25,28,9,,15,1,0,0
2010-12-26,26,9,1,21,1,1,0
2010-12-27,24,9,1,11,1,1,1
2010-12-28,31,9,,6,0,0,0
2010-12-29,34,9,,11,1,0,0
2010-12-30,34,9,1,0,0,0,0
2010-12-31,40,9,,1,0,0,0
2011-01-01,46,9,1,7,0,0,0
2011-01-02,44,9,1,22,1,0,0
2011-01-03,32,9,,0,0,0,0
2011-01-04,35,9,,4,0,0,0
2011-01-05,34,9,,0,0,0,0
2011-01-06,30,9,,14,1,0,0
2011-01-07,29,9,1,17,1,1,0
2011-01-08,27,9,1,13,1,1,1
2011-01-09,29,9,,2,0,0,0
2011-01-10,30,9,,0,0,0,0
2011-01-11,27,9,1,10,1,0,0
2011-01-12,28,10,1,14,1,1,0
2011-01-13,24,10,,0,0,0,0
2011-01-14,24,10,,1,0,0,0
2011-01-15,30,10,,15,1,0,0
2011-01-16,32,10,,3,0,0,0
2011-01-17,23,10,,19,1,0,0
2011-01-18,32,10,1,23,1,1,0
2011-01-19,38,10,1,23,1,1,1
2011-01-20,32,10,,10,1,1,1
2011-01-21,25,10,1,11,1,1,1
2011-01-22,18,10,,0,0,0,0
2011-01-23,18,10,,0,0,0,0
2011-01-24,15,10,,6,0,0,0
2011-01-25,30,10,1,21,1,0,0
2011-01-26,32,10,1,20,1,1,0
2011-01-27,32,10,1,12,1,1,1
2011-01-28,31,10,1,19,1,1,1
2011-01-29,32,10,1,14,1,1,1
2011-01-30,33,10,1,5,0,0,0
2011-01-31,26,10,1,5,0,0,0
2011-02-01,28,10,1,24,1,0,0
2011-02-02,32,10,1,19,1,1,0
2011-02-03,29,10,,6,0,0,0
2011-02-04,28,10,,0,0,0,0
2011-02-05,37,10,1,22,1,0,0
2011-02-06,41,10,,3,0,0,0
2011-02-07,40,10,1,14,1,0,0
2011-02-08,30,10,1,12,1,1,0
2011-02-09,22,10,,7,0,0,0
2011-02-10,26,10,,3,0,0,0
2011-02-11,28,11,,0,0,0,0
2011-02-12,35,11,,11,1,0,0
2011-02-13,37,11,,5,0,0,0
2011-02-14,48,11,,5,0,0,0
2011-02-15,31,11,,2,0,0,0
2011-02-16,37,11,,7,0,0,0
2011-02-17,54,11,,13,1,0,0
2011-02-18,56,11,,0,0,0,0
2011-02-19,38,11,,11,1,0,0
2011-02-20,30,11,,4,0,0,0
2011-02-21,30,11,1,19,1,0,0
2011-02-22,26,11,,6,0,0,0
2011-02-23,30,11,,0,0,0,0
2011-02-24,37,11,1,12,1,0,0
2011-02-25,46,11,1,19,1,1,0
2011-02-26,37,11,,8,0,0,0
2011-02-27,44,11,,6,0,0,0
2011-02-28,50,11,1,16,1,0,0
2011-03-01,40,11,,0,0,0,0
2011-03-02,39,11,,2,0,0,0
2011-03-03,26,11,,0,0,0,0
2011-03-04,34,11,,6,0,0,0
2011-03-05,51,11,,20,1,0,0
2011-03-06,52,12,1,22,1,1,0
2011-03-07,44,12,1,9,0,0,0
2011-03-08,38,12,,0,0,0,0
2011-03-09,40,12,1,8,0,0,0
2011-03-10,46,12,1,24,1,0,0
2011-03-11,48,12,1,16,1,1,0
2011-03-12,47,12,,9,0,0,0
2011-03-13,47,12,,13,1,0,0
2011-03-14,41,12,,13,1,1,0
2011-03-15,40,12,,7,0,0,0
2011-03-16,48,12,1,21,1,0,0
2011-03-17,54,12,,1,0,0,0
2011-03-18,64,12,,1,0,0,0
2011-03-19,48,12,,3,0,0,0
2011-03-20,42,12,,0,0,0,0
2011-03-21,40,12,1,20,1,0,0
2011-03-22,45,12,1,12,1,1,0
2011-03-23,36,12,1,24,1,1,1
2011-03-24,37,12,1,11,1,1,1
2011-03-25,35,12,,0,0,0,0
2011-03-26,33,12,,0,0,0,0
2011-03-27,36,12,,0,0,0,0
2011-03-28,36,12,,0,0,0,0
2011-03-29,40,13,,0,0,0,0
2011-03-30,44,13,1,7,0,0,0
2011-03-31,40,13,1,24,1,0,0
2011-04-01,40,13,1,23,1,1,0
2011-04-02,46,13,,2,0,0,0
2011-04-03,50,13,1,3,0,0,0
2011-04-04,53,13,1,12,1,0,0
2011-04-05,54,13,1,12,1,1,0
2011-04-06,46,13,1,8,0,0,0
2011-04-07,47,13,1,17,1,0,0
2011-04-08,46,13,1,8,0,0,0
2011-04-09,49,13,1,1,0,0,0
2011-04-10,51,13,,20,1,0,0
2011-04-11,66,13,1,13,1,1,0
2011-04-12,58,13,1,19,1,1,1
2011-04-13,46,13,1,24,1,1,1
2011-04-14,58,13,,5,0,0,0
2011-04-15,48,13,,9,0,0,0
2011-04-16,48,13,1,21,1,0,0
2011-04-17,56,13,1,9,0,0,0
2011-04-18,55,13,,5,0,0,0
2011-04-19,50,13,1,11,1,0,0
2011-04-20,55,14,1,13,1,1,0
2011-04-21,53,14,,0,0,0,0
2011-04-22,46,14,,8,0,0,0
2011-04-23,52,14,1,21,1,0,0
2011-04-24,67,14,1,15,1,1,0
2011-04-25,66,14,1,20,1,1,1
2011-04-26,68,14,1,6,0,0,0
2011-04-27,68,14,,7,0,0,0
2011-04-28,66,14,1,14,1,0,0
2011-04-29,62,14,,8,0,0,0
2011-04-30,58,14,,11,1,0,0
2011-05-01,60,14,,0,0,0,0
2011-05-02,56,14,,15,1,0,0
2011-05-03,65,14,,6,0,0,0
2011-05-04,55,14,1,23,1,0,0
2011-05-05,56,14,,6,0,0,0
2011-05-06,61,14,,0,0,0,0
2011-05-07,64,14,,4,0,0,0
2011-05-08,63,14,,10,1,0,0
2011-05-09,62,14,,4,0,0,0
2011-05-10,64,14,,0,0,0,0
2011-05-11,62,14,,5,0,0,0
2011-05-12,63,14,,3,0,0,0
2011-05-13,60,14,,18,1,0,0
2011-05-14,60,14,,24,1,1,0
2011-05-15,64,14,1,22,1,1,1
2011-05-16,58,14,1,24,1,1,1
2011-05-17,56,15,1,24,1,1,1
2011-05-18,60,15,1,24,1,1,1
2011-05-19,68,15,1,12,1,1,1
2011-05-20,60,15,1,12,1,1,1
2011-05-21,66,15,1,3,0,0,0
2011-05-22,56,15,1,24,1,0,0
2011-05-23,61,15,1,24,1,1,0
2011-05-24,74,15,1,11,1,1,1
2011-05-25,74,15,,0,0,0,0
2011-05-26,71,15,1,3,0,0,0
2011-05-27,74,15,1,0,0,0,0
2011-05-28,76,15,,0,0,0,0
2011-05-29,74,15,1,3,0,0,0
2011-05-30,78,15,1,2,0,0,0
2011-05-31,79,15,1,0,0,0,0
2011-06-01,80,15,1,0,0,0,0
2011-06-02,71,15,,0,0,0,0
2011-06-03,66,15,,0,0,0,0
2011-06-04,67,15,,5,0,0,0
2011-06-05,63,15,,8,0,0,0
2011-06-06,70,15,,4,0,0,0
2011-06-07,76,15,1,0,0,0,0
2011-06-08,84,15,1,0,0,0,0
2011-06-09,82,15,1,1,0,0,0
2011-06-10,78,15,1,2,0,0,0
2011-06-11,66,15,1,24,1,0,0
2011-06-12,66,15,1,22,1,1,0
2011-06-13,66,15,1,11,1,1,1
2011-06-14,65,15,1,8,0,0,0
2011-06-15,70,15,,1,0,0,0
2011-06-16,,15,,6,0,0,0
2011-06-17,,15,1,15,1,0,0
2011-06-18,74,15,1,1,0,0,0
2011-06-19,76,15,,0,0,0,0
2011-06-20,74,15,,0,0,0,0
2011-06-21,76,15,,3,0,0,0
2011-06-22,76,15,1,3,0,0,0
2011-06-23,68,15,1,22,1,0,0
2011-06-24,68,15,1,24,1,1,0
2011-06-25,72,15,1,17,1,1,1
2011-06-26,72,15,,6,0,0,0
2011-06-27,74,15,,3,0,0,0
2011-06-28,78,15,1,5,0,0,0
2011-06-29,76,15,1,4,0,0,0
2011-06-30,74,15,,0,0,0,0
2011-07-01,73,15,,1,0,0,0
2011-07-02,77,15,,0,0,0,0
2011-07-03,72,15,1,13,1,0,0
2011-07-04,78,15,1,5,0,0,0
2011-07-05,78,15,,0,0,0,0
2011-07-06,81,15,1,0,0,0,0
2011-07-07,83,15,1,3,0,0,0
2011-07-08,76,15,1,7,0,0,0
2011-07-09,78,15,1,2,0,0,0
2011-07-10,77,15,,0,0,0,0
2011-07-11,82,15,,0,0,0,0
2011-07-12,86,15,,0,0,0,0
2011-07-13,78,15,1,2,0,0,0
2011-07-14,74,15,,2,0,0,0
2011-07-15,76,15,,0,0,0,0
2011-07-16,80,15,,4,0,0,0
2011-07-17,82,15,,0,0,0,0
2011-07-18,85,15,1,6,0,0,0
2011-07-19,84,15,1,0,0,0,0
2011-07-20,82,15,1,0,0,0,0
2011-07-21,86,15,1,0,0,0,0
2011-07-22,94,15,1,0,0,0,0
2011-07-23,92,15,,0,0,0,0
2011-07-24,84,15,1,3,0,0,0
2011-07-25,74,15,1,11,1,0,0
2011-07-26,80,15,1,11,1,1,0
2011-07-27,76,15,,0,0,0,0
2011-07-28,79,14,,4,0,0,0
2011-07-29,78,14,1,17,1,0,0
2011-07-30,82,14,1,0,0,0,0
2011-07-31,81,14,,5,0,0,0
2011-08-01,82,14,,1,0,0,0
2011-08-02,82,14,,0,0,0,0
2011-08-03,78,14,1,10,1,0,0
2011-08-04,76,14,1,9,0,0,0
2011-08-05,78,14,,0,0,0,0
2011-08-06,78,14,1,11,1,0,0
2011-08-07,81,14,1,10,1,1,0
2011-08-08,82,14,1,1,0,0,0
2011-08-09,77,14,1,5,0,0,0
2011-08-10,78,14,,3,0,0,0
2011-08-11,76,14,,1,0,0,0
2011-08-12,74,14,,0,0,0,0
2011-08-13,77,14,,3,0,0,0
2011-08-14,70,14,1,23,1,0,0
2011-08-15,72,14,1,17,1,1,0
2011-08-16,72,14,1,13,1,1,1
2011-08-17,76,14,,1,0,0,0
2011-08-18,75,14,1,3,0,0,0
2011-08-19,74,14,1,4,0,0,0
2011-08-20,74,14,1,0,0,0,0
2011-08-21,77,14,1,7,0,0,0
2011-08-22,71,14,1,4,0,0,0
2011-08-23,70,13,,0,0,0,0
2011-08-24,74,13,,1,0,0,0
2011-08-25,75,13,1,5,0,0,0
2011-08-26,77,13,1,7,0,0,0
2011-08-27,74,13,1,21,1,0,0
2011-08-28,70,13,1,19,1,1,0
2011-08-29,68,13,,0,0,0,0
2011-08-30,72,13,,0,0,0,0
2011-08-31,74,13,,0,0,0,0
2011-09-01,74,13,,0,0,0,0
2011-09-02,72,13,,2,0,0,0
2011-09-03,74,13,,3,0,0,0
2011-09-04,79,13,1,8,0,0,0
2011-09-05,76,13,,4,0,0,0
2011-09-06,68,13,1,24,1,0,0
2011-09-07,65,13,1,24,1,1,0
2011-09-08,71,13,1,14,1,1,1
2011-09-09,76,13,,5,0,0,0
2011-09-10,74,13,,12,1,0,0
2011-09-11,68,13,1,15,1,1,0
2011-09-12,73,13,1,1,0,0,0
2011-09-13,74,13,1,0,0,0,0
2011-09-14,78,13,1,1,0,0,0
2011-09-15,64,12,1,7,0,0,0
2011-09-16,58,12,,0,0,0,0
2011-09-17,59,12,,3,0,0,0
2011-09-18,60,12,,4,0,0,0
2011-09-19,60,12,,0,0,0,0
2011-09-20,64,12,1,18,1,0,0
2011-09-21,68,12,1,13,1,1,0
2011-09-22,74,12,1,17,1,1,1
2011-09-23,71,12,1,22,1,1,1
2011-09-24,73,12,1,9,0,0,0
2011-09-25,75,12,,9,0,0,0
2011-09-26,74,12,1,3,0,0,0
2011-09-27,73,12,1,15,1,0,0
2011-09-28,71,12,1,23,1,1,0
2011-09-29,67,12,1,16,1,1,1
2011-09-30,67,12,1,9,0,0,0
2011-10-01,58,12,1,22,1,0,0
2011-10-02,57,12,1,9,0,0,0
2011-10-03,53,12,1,12,1,0,0
2011-10-04,56,12,,10,1,1,0
2011-10-05,62,12,,0,0,0,0
2011-10-06,57,12,,0,0,0,0
2011-10-07,57,12,,0,0,0,0
2011-10-08,66,11,,0,0,0,0
2011-10-09,72,11,,0,0,0,0
2011-10-10,71,11,,0,0,0,0
2011-10-11,68,11,,0,0,0,0
2011-10-12,60,11,1,11,1,0,0
2011-10-13,62,11,1,22,1,1,0
2011-10-14,64,11,1,18,1,1,1
2011-10-15,60,11,,5,0,0,0
2011-10-16,60,11,,9,0,0,0
2011-10-17,61,11,,6,0,0,0
2011-10-18,61,11,,7,0,0,0
2011-10-19,61,11,1,24,1,0,0
2011-10-20,60,11,1,10,1,1,0
2011-10-21,53,11,,13,1,1,1
2011-10-22,54,11,,4,0,0,0
2011-10-23,54,11,,10,1,0,0
2011-10-24,56,11,,8,0,0,0
2011-10-25,56,11,,0,0,0,0
2011-10-26,56,11,,9,0,0,0
2011-10-27,50,11,1,22,1,0,0
2011-10-28,42,11,,6,0,0,0
2011-10-29,39,11,1,24,1,0,0
2011-10-30,40,11,1,1,0,0,0
2011-10-31,45,10,,0,0,0,0
2011-11-01,50,10,,0,0,0,0
2011-11-02,50,10,,0,0,0,0
2011-11-03,52,10,,0,0,0,0
2011-11-04,47,10,,0,0,0,0
2011-11-05,42,10,,0,0,0,0
2011-11-06,46,10,,0,0,0,0
2011-11-07,54,10,,0,0,0,0
2011-11-08,60,10,,0,0,0,0
2011-11-09,58,10,1,4,0,0,0
2011-11-10,57,10,1,15,1,0,0
2011-11-11,44,10,1,4,0,0,0
2011-11-12,48,10,,0,0,0,0
2011-11-13,54,10,,1,0,0,0
2011-11-14,62,10,,1,0,0,0
2011-11-15,62,10,1,17,1,0,0
2011-11-16,56,10,1,24,1,1,0
2011-11-17,46,10,1,21,1,1,1
2011-11-18,41,10,,0,0,0,0
2011-11-19,44,10,,1,0,0,0
2011-11-20,57,10,,3,0,0,0
2011-11-21,52,10,1,21,1,0,0
2011-11-22,46,10,1,24,1,1,0
2011-11-23,46,10,1,18,1,1,1
2011-11-24,46,10,,3,0,0,0
2011-11-25,54,10,,0,0,0,0
2011-11-26,58,10,,0,0,0,0
2011-11-27,55,10,,0,0,0,0
2011-11-28,63,10,,3,0,0,0
2011-11-29,58,10,1,23,1,0,0
2011-11-30,48,10,,15,1,1,0
2011-12-01,44,9,,0,0,0,0
2011-12-02,46,9,,2,0,0,0
2011-12-03,42,9,,0,0,0,0
2011-12-04,48,9,,7,0,0,0
2011-12-05,53,9,1,11,1,0,0
2011-12-06,59,9,1,14,1,1,0
2011-12-07,52,9,1,24,1,1,1
2011-12-08,40,9,1,4,0,0,0
2011-12-09,44,9,,9,0,0,0
2011-12-10,39,9,,2,0,0,0
2011-12-11,34,9,,0,0,0,0
2011-12-12,38,9,,0,0,0,0
2011-12-13,40,9,,0,0,0,0
2011-12-14,43,9,1,10,1,0,0
2011-12-15,53,9,1,17,1,1,0
2011-12-16,50,9,,1,0,0,0
2011-12-17,36,9,,1,0,0,0
2011-12-18,26,9,,0,0,0,0
2011-12-19,38,9,,10,1,0,0
2011-12-20,44,9,1,17,1,1,0
2011-12-21,52,9,1,23,1,1,1
2011-12-22,53,9,1,5,0,0,0
2011-12-23,42,9,1,13,1,0,0
2011-12-24,32,9,,0,0,0,0
2011-12-25,38,9,,11,1,0,0
2011-12-26,42,9,,4,0,0,0
2011-12-27,48,9,1,10,1,0,0
2011-12-28,40,9,,11,1,1,0
2011-12-29,31,9,,8,0,0,0
2011-12-30,44,9,,6,0,0,0
2011-12-31,50,9,,13,1,0,0
2012-01-01,46,9,1,6,0,0,0
2012-01-02,42,9,,1,0,0,0
2012-01-03,24,9,,2,0,0,0
2012-01-04,20,9,,5,0,0,0
2012-01-05,34,9,,15,1,0,0
2012-01-06,44,9,,3,0,0,0
2012-01-07,54,9,1,0,0,0,0
2012-01-08,40,9,,2,0,0,0
2012-01-09,36,9,,4,0,0,0
2012-01-10,40,9,1,8,0,0,0
2012-01-11,42,9,1,5,0,0,0
2012-01-12,43,10,1,24,1,0,0
2012-01-13,39,10,1,11,1,1,0
2012-01-14,30,10,,17,1,1,1
2012-01-15,21,10,,2,0,0,0
2012-01-16,26,10,1,5,0,0,0
2012-01-17,44,10,1,14,1,0,0
2012-01-18,39,10,1,1,0,0,0
2012-01-19,28,10,,7,0,0,0
2012-01-20,30,10,1,5,0,0,0
2012-01-21,26,10,1,22,1,0,0
2012-01-22,26,10,,13,1,1,0
2012-01-23,44,10,1,24,1,1,1
2012-01-24,48,10,1,11,1,1,1
2012-01-25,40,10,,9,0,0,0
2012-01-26,36,10,1,23,1,0,0
2012-01-27,50,10,1,19,1,1,0
2012-01-28,42,10,,3,0,0,0
2012-01-29,39,10,,0,0,0,0
2012-01-30,37,10,,0,0,0,0
2012-01-31,48,10,1,0,0,0,0
2012-02-01,55,10,1,7,0,0,0
2012-02-02,42,10,,9,0,0,0
2012-02-03,37,10,1,1,0,0,0
2012-02-04,40,10,,4,0,0,0
2012-02-05,36,10,,0,0,0,0
2012-02-06,42,10,,0,0,0,0
2012-02-07,44,10,,1,0,0,0
2012-02-08,34,10,1,11,1,0,0
2012-02-09,38,10,1,1,0,0,0
2012-02-10,40,10,1,6,0,0,0
2012-02-11,35,11,1,24,1,0,0
2012-02-12,26,11,1,11,1,1,0
2012-02-13,36,11,,3,0,0,0
2012-02-14,42,11,1,18,1,0,0
2012-02-15,42,11,1,18,1,1,0
2012-02-16,40,11,1,18,1,1,1
2012-02-17,46,11,1,9,0,0,0
2012-02-18,42,11,1,8,0,0,0
2012-02-19,40,11,,0,0,0,0
2012-02-20,38,11,,0,0,0,0
2012-02-21,39,11,,4,0,0,0
2012-02-22,50,11,,8,0,0,0
2012-02-23,52,11,1,6,0,0,0
2012-02-24,41,11,1,22,1,0,0
2012-02-25,39,11,,4,0,0,0
2012-02-26,37,11,,0,0,0,0
2012-02-27,48,11,,6,0,0,0
2012-02-28,45,11,,1,0,0,0
2012-02-29,40,11,1,18,1,0,0
2012-03-01,39,11,1,23,1,1,0
2012-03-02,38,11,1,24,1,1,1
2012-03-03,49,11,1,13,1,1,1
2012-03-04,40,11,1,14,1,1,1
2012-03-05,36,12,,0,0,0,0
2012-03-06,34,12,,0,0,0,0
2012-03-07,50,12,,0,0,0,0
2012-03-08,62,12,1,3,0,0,0
2012-03-09,50,12,1,8,0,0,0
2012-03-10,36,12,1,0,0,0,0
2012-03-11,48,12,,0,0,0,0
2012-03-12,59,12,,2,0,0,0
2012-03-13,64,12,1,10,1,0,0
2012-03-14,60,12,1,1,0,0,0
2012-03-15,48,12,1,21,1,0,0
2012-03-16,47,12,1,18,1,1,0
2012-03-17,54,12,1,2,0,0,0
2012-03-18,55,12,1,13,1,0,0
2012-03-19,64,12,1,0,0,0,0
2012-03-20,64,12,1,10,1,0,0
2012-03-21,62,12,1,22,1,1,0
2012-03-22,67,12,1,10,1,1,1
2012-03-23,67,12,,3,0,0,0
2012-03-24,56,12,1,10,1,0,0
2012-03-25,48,12,1,16,1,1,0
2012-03-26,44,12,,1,0,0,0
2012-03-27,40,12,,0,0,0,0
2012-03-28,56,13,1,10,1,0,0
2012-03-29,52,13,,17,1,1,0
2012-03-30,48,13,1,7,0,0,0
2012-03-31,40,13,1,24,1,0,0
2012-04-01,47,13,1,24,1,1,0
2012-04-02,48,13,1,4,0,0,0
2012-04-03,52,13,,2,0,0,0
2012-04-04,58,13,,6,0,0,0
2012-04-05,50,13,,0,0,0,0
2012-04-06,48,13,,0,0,0,0
2012-04-07,50,13,,3,0,0,0
2012-04-08,56,13,,4,0,0,0
2012-04-09,56,13,1,7,0,0,0
2012-04-10,52,13,,9,0,0,0
2012-04-11,48,13,1,19,1,0,0
2012-04-12,52,13,1,9,0,0,0
2012-04-13,54,13,,0,0,0,0
2012-04-14,61,13,1,5,0,0,0
2012-04-15,68,13,1,7,0,0,0
2012-04-16,76,13,1,0,0,0,0
2012-04-17,70,13,1,0,0,0,0
2012-04-18,56,13,1,10,1,0,0
2012-04-19,58,14,1,8,0,0,0
2012-04-20,62,14,1,8,0,0,0
2012-04-21,62,14,1,9,0,0,0
2012-04-22,50,14,1,17,1,0,0
2012-04-23,48,14,1,22,1,1,0
2012-04-24,50,14,,14,1,1,1
2012-04-25,52,14,,9,0,0,0
2012-04-26,53,14,1,17,1,0,0
2012-04-27,48,14,1,3,0,0,0
2012-04-28,49,14,,0,0,0,0
2012-04-29,54,14,,0,0,0,0
2012-04-30,52,14,,7,0,0,0
2012-05-01,60,14,1,13,1,0,0
2012-05-02,52,14,1,24,1,1,0
2012-05-03,54,14,1,24,1,1,1
2012-05-04,64,14,1,13,1,1,1
2012-05-05,60,14,1,24,1,1,1
2012-05-06,59,14,1,12,1,1,1
2012-05-07,58,14,1,18,1,1,1
2012-05-08,60,14,1,18,1,1,1
2012-05-09,63,14,1,21,1,1,1
2012-05-10,58,14,1,10,1,1,1
2012-05-11,58,14,,0,0,0,0
2012-05-12,66,14,,0,0,0,0
2012-05-13,72,14,,2,0,0,0
2012-05-14,66,14,1,18,1,0,0
2012-05-15,63,14,1,23,1,1,0
2012-05-16,70,15,1,13,1,1,1
2012-05-17,62,15,1,3,0,0,0
2012-05-18,63,15,,0,0,0,0
2012-05-19,66,15,,0,0,0,0
2012-05-20,68,15,,5,0,0,0
2012-05-21,60,15,1,24,1,0,0
2012-05-22,65,15,1,24,1,1,0
2012-05-23,70,15,1,14,1,1,1
2012-05-24,64,15,1,24,1,1,1
2012-05-25,68,15,1,17,1,1,1
2012-05-26,76,15,1,3,0,0,0
2012-05-27,72,15,1,10,1,0,0
2012-05-28,80,15,1,3,0,0,0
2012-05-29,78,15,1,5,0,0,0
2012-05-30,72,15,1,9,0,0,0
2012-05-31,72,15,1,1,0,0,0
2012-06-01,68,15,1,9,0,0,0
2012-06-02,68,15,1,8,0,0,0
2012-06-03,67,15,1,3,0,0,0
2012-06-04,58,15,1,19,1,0,0
2012-06-05,58,15,1,14,1,1,0
2012-06-06,63,15,1,7,0,0,0
2012-06-07,68,15,1,10,1,0,0
2012-06-08,70,15,1,5,0,0,0
2012-06-09,71,15,1,8,0,0,0
2012-06-10,75,15,1,9,0,0,0
2012-06-11,70,15,1,10,1,0,0
2012-06-12,68,15,1,23,1,1,0
2012-06-13,66,15,1,23,1,1,1
2012-06-14,70,15,,8,0,0,0
2012-06-15,70,15,1,1,0,0,0
2012-06-16,70,15,,3,0,0,0
2012-06-17,66,15,,11,1,0,0
2012-06-18,64,15,,2,0,0,0
2012-06-19,70,15,1,12,1,0,0
2012-06-20,82,15,1,0,0,0,0
2012-06-21,86,15,1,0,0,0,0
2012-06-22,80,15,1,6,0,0,0
2012-06-23,76,15,1,4,0,0,0
2012-06-24,75,15,1,3,0,0,0
2012-06-25,68,15,1,13,1,0,0
2012-06-26,65,15,,4,0,0,0
2012-06-27,72,15,,2,0,0,0
2012-06-28,78,15,,2,0,0,0
2012-06-29,80,15,1,4,0,0,0
2012-06-30,85,15,1,0,0,0,0
2012-07-01,84,15,1,0,0,0,0
2012-07-02,80,15,,1,0,0,0
2012-07-03,80,15,,0,0,0,0
2012-07-04,81,15,1,7,0,0,0
2012-07-05,86,15,1,0,0,0,0
2012-07-06,82,15,1,0,0,0,0
2012-07-07,84,15,1,4,0,0,0
2012-07-08,82,15,1,6,0,0,0
2012-07-09,80,15,,2,0,0,0
2012-07-10,78,15,,6,0,0,0
2012-07-11,78,15,,9,0,0,0
2012-07-12,80,15,,1,0,0,0
2012-07-13,82,15,1,3,0,0,0
2012-07-14,79,15,1,11,1,0,0
2012-07-15,80,15,1,11,1,1,0
2012-07-16,80,15,1,2,0,0,0
2012-07-17,85,15,1,0,0,0,0
2012-07-18,86,15,1,7,0,0,0
2012-07-19,72,15,1,18,1,0,0
2012-07-20,66,15,1,24,1,1,0
2012-07-21,70,15,,13,1,1,1
2012-07-22,74,15,,2,0,0,0
2012-07-23,78,15,1,4,0,0,0
2012-07-24,82,15,1,3,0,0,0
2012-07-25,76,15,,0,0,0,0
2012-07-26,78,15,1,9,0,0,0
2012-07-27,79,14,,0,0,0,0
2012-07-28,74,14,1,20,1,0,0
2012-07-29,74,14,1,13,1,1,0
2012-07-30,74,14,,7,0,0,0
2012-07-31,75,14,1,7,0,0,0
2012-08-01,74,14,1,12,1,0,0
2012-08-02,78,14,1,3,0,0,0
2012-08-03,82,14,1,0,0,0,0
2012-08-04,82,14,1,0,0,0,0
2012-08-05,82,14,1,9,0,0,0
2012-08-06,79,14,,6,0,0,0
2012-08-07,76,14,,0,0,0,0
2012-08-08,80,14,1,0,0,0,0
2012-08-09,80,14,,0,0,0,0
2012-08-10,75,14,1,7,0,0,0
2012-08-11,81,14,,3,0,0,0
2012-08-12,80,14,,3,0,0,0
2012-08-13,78,14,,0,0,0,0
2012-08-14,76,14,,7,0,0,0
2012-08-15,74,14,1,11,1,0,0
2012-08-16,76,14,1,0,0,0,0
2012-08-17,76,14,1,3,0,0,0
2012-08-18,71,14,1,12,1,0,0
2012-08-19,68,14,,5,0,0,0
2012-08-20,72,14,,7,0,0,0
2012-08-21,74,14,,5,0,0,0
2012-08-22,75,13,,4,0,0,0
2012-08-23,77,13,,0,0,0,0
2012-08-24,78,13,1,1,0,0,0
2012-08-25,78,13,1,0,0,0,0
2012-08-26,76,13,,2,0,0,0
2012-08-27,76,13,1,9,0,0,0
2012-08-28,80,13,1,4,0,0,0
2012-08-29,73,13,,0,0,0,0
2012-08-30,72,13,,0,0,0,0
2012-08-31,80,13,,0,0,0,0
2012-09-01,82,13,,3,0,0,0
2012-09-02,76,13,,10,1,0,0
2012-09-03,75,13,,22,1,1,0
2012-09-04,75,13,1,20,1,1,1
2012-09-05,76,13,1,13,1,1,1
2012-09-06,74,13,,1,0,0,0
2012-09-07,79,13,,1,0,0,0
2012-09-08,72,13,1,15,1,0,0
2012-09-09,70,13,,4,0,0,0
2012-09-10,65,13,,0,0,0,0
2012-09-11,64,13,,0,0,0,0
2012-09-12,70,13,,0,0,0,0
2012-09-13,72,13,,0,0,0,0
2012-09-14,72,12,,0,0,0,0
2012-09-15,66,12,,3,0,0,0
2012-09-16,66,12,,0,0,0,0
2012-09-17,68,12,,2,0,0,0
2012-09-18,71,12,1,24,1,0,0
2012-09-19,64,12,1,7,0,0,0
2012-09-20,62,12,,8,0,0,0
2012-09-21,68,12,,6,0,0,0
2012-09-22,68,12,1,10,1,0,0
2012-09-23,62,12,,1,0,0,0
2012-09-24,60,12,,5,0,0,0
2012-09-25,63,12,,2,0,0,0
2012-09-26,70,12,,20,1,0,0
2012-09-27,69,12,1,10,1,1,0
2012-09-28,64,12,1,22,1,1,1
2012-09-29,61,12,1,23,1,1,1
2012-09-30,62,12,,9,0,0,0
2012-10-01,61,12,,1,0,0,0
2012-10-02,66,12,1,23,1,0,0
2012-10-03,68,12,1,22,1,1,0
2012-10-04,70,12,1,10,1,1,1
2012-10-05,70,12,1,0,0,0,0
2012-10-06,66,12,,3,0,0,0
2012-10-07,50,11,1,16,1,0,0
2012-10-08,50,11,,7,0,0,0
2012-10-09,54,11,1,24,1,0,0
2012-10-10,60,11,1,14,1,1,0
2012-10-11,53,11,,0,0,0,0
2012-10-12,49,11,,3,0,0,0
2012-10-13,46,11,,0,0,0,0
2012-10-14,62,11,,7,0,0,0
2012-10-15,65,11,1,11,1,0,0
2012-10-16,54,11,,0,0,0,0
2012-10-17,52,11,,0,0,0,0
2012-10-18,58,11,,8,0,0,0
2012-10-19,64,11,1,22,1,0,0
2012-10-20,62,11,1,2,0,0,0
2012-10-21,57,11,,0,0,0,0
2012-10-22,58,11,,0,0,0,0
2012-10-23,60,11,1,10,1,0,0
2012-10-24,58,11,1,24,1,1,0
2012-10-25,58,11,,24,1,1,1
2012-10-26,61,11,,24,1,1,1
2012-10-27,62,11,,14,1,1,1
2012-10-28,57,11,,18,1,1,1
2012-10-29,57,11,1,24,1,1,1
2012-10-30,50,10,1,23,1,1,1
2012-10-31,47,10,1,20,1,1,1
2012-11-01,47,10,,11,1,1,1
2012-11-02,48,10,,20,1,1,1
2012-11-03,46,10,,6,0,0,0
2012-11-04,45,10,,8,0,0,0
2012-11-05,40,10,,8,0,0,0
2012-11-06,36,10,,0,0,0,0
2012-11-07,36,10,1,16,1,0,0
2012-11-08,40,10,1,18,1,1,0
2012-11-09,44,10,,0,0,0,0
2012-11-10,48,10,1,11,1,0,0
2012-11-11,57,10,1,2,0,0,0
2012-11-12,57,10,1,6,0,0,0
2012-11-13,51,10,1,21,1,0,0
2012-11-14,42,10,,0,0,0,0
2012-11-15,40,10,,0,0,0,0
2012-11-16,42,10,,0,0,0,0
2012-11-17,45,10,,0,0,0,0
2012-11-18,44,10,,1,0,0,0
2012-11-19,42,10,,6,0,0,0
2012-11-20,46,10,,0,0,0,0
2012-11-21,46,10,,0,0,0,0
2012-11-22,48,10,,0,0,0,0
2012-11-23,50,10,1,6,0,0,0
2012-11-24,42,10,,4,0,0,0
2012-11-25,36,10,,9,0,0,0
2012-11-26,42,10,,1,0,0,0
2012-11-27,38,10,1,24,1,0,0
2012-11-28,38,10,,4,0,0,0
2012-11-29,38,10,,0,0,0,0
2012-11-30,42,9,,14,1,0,0
2012-12-01,38,9,1,24,1,1,0
2012-12-02,46,9,1,17,1,1,1
2012-12-03,54,9,1,4,0,0,0
2012-12-04,54,9,1,12,1,0,0
2012-12-05,46,9,1,7,0,0,0
2012-12-06,34,9,,0,0,0,0
2012-12-07,40,9,1,17,1,0,0
2012-12-08,47,9,1,22,1,1,0
2012-12-09,46,9,1,19,1,1,1
2012-12-10,52,9,1,24,1,1,1
2012-12-11,50,9,1,19,1,1,1
2012-12-12,40,9,1,0,0,0,0
2012-12-13,41,9,,0,0,0,0
2012-12-14,42,9,,0,0,0,0
2012-12-15,42,9,,2,0,0,0
2012-12-16,44,9,1,23,1,0,0
2012-12-17,42,9,1,24,1,1,0
2012-12-18,48,9,1,17,1,1,1
2012-12-19,43,9,,3,0,0,0
2012-12-20,41,9,1,8,0,0,0
2012-12-21,46,9,1,24,1,0,0
2012-12-22,37,9,1,16,1,1,0
2012-12-23,38,9,,3,0,0,0
2012-12-24,36,9,1,6,0,0,0
2012-12-25,36,9,1,16,1,0,0
2012-12-26,34,9,1,13,1,1,0
2012-12-27,34,9,1,23,1,1,1
2012-12-28,34,9,,6,0,0,0
2012-12-29,32,9,1,17,1,0,0
2012-12-30,31,9,,2,0,0,0
2012-12-31,33,9,,10,1,0,0
2013-01-01,33,9,,13,1,1,0
2013-01-02,28,9,1,0,0,0,0
2013-01-03,28,9,,6,0,0,0
2013-01-04,34,9,,5,0,0,0
2013-01-05,37,9,,1,0,0,0
2013-01-06,40,9,1,13,1,0,0
2013-01-07,41,9,,0,0,0,0
2013-01-08,42,9,,0,0,0,0
2013-01-09,44,9,1,6,0,0,0
2013-01-10,44,9,,0,0,0,0
2013-01-11,42,9,1,13,1,0,0
2013-01-12,44,10,1,24,1,1,0
2013-01-13,46,10,1,24,1,1,1
2013-01-14,47,10,1,21,1,1,1
2013-01-15,36,10,1,24,1,1,1
2013-01-16,34,10,1,21,1,1,1
2013-01-17,39,10,,7,0,0,0
2013-01-18,30,10,,7,0,0,0
2013-01-19,40,10,,1,0,0,0
2013-01-20,42,10,,0,0,0,0
2013-01-21,29,10,,14,1,0,0
2013-01-22,20,10,,3,0,0,0
2013-01-23,16,10,,3,0,0,0
2013-01-24,17,10,,4,0,0,0
2013-01-25,18,10,1,8,0,0,0
2013-01-26,21,10,,2,0,0,0
2013-01-27,26,10,,0,0,0,0
2013-01-28,32,10,1,20,1,0,0
2013-01-29,42,10,1,22,1,1,0
2013-01-30,49,10,1,23,1,1,1
2013-01-31,46,10,1,9,0,0,0
2013-02-01,28,10,,6,0,0,0
2013-02-02,24,10,1,10,1,0,0
2013-02-03,27,10,1,14,1,1,0
2013-02-04,26,10,,3,0,0,0
2013-02-05,30,10,1,24,1,0,0
2013-02-06,34,10,1,9,0,0,0
2013-02-07,29,10,,7,0,0,0
2013-02-08,30,10,1,24,1,0,0
2013-02-09,26,10,1,7,0,0,0
2013-02-10,27,10,,0,0,0,0
2013-02-11,40,11,1,21,1,0,0
2013-02-12,40,11,,8,0,0,0
2013-02-13,38,11,1,8,0,0,0
2013-02-14,40,11,1,4,0,0,0
2013-02-15,46,11,1,5,0,0,0
2013-02-16,36,11,1,24,1,0,0
2013-02-17,25,11,,5,0,0,0
2013-02-18,26,11,,1,0,0,0
2013-02-19,41,11,1,10,1,0,0
2013-02-20,32,11,,7,0,0,0
2013-02-21,29,11,,4,0,0,0
2013-02-22,32,11,,8,0,0,0
2013-02-23,39,11,1,24,1,0,0
2013-02-24,40,11,1,20,1,1,0
2013-02-25,38,11,,11,1,1,1
2013-02-26,40,11,1,14,1,1,1
2013-02-27,42,11,1,21,1,1,1
2013-02-28,45,11,1,20,1,1,1
2013-03-01,40,11,,15,1,1,1
2013-03-02,36,11,1,22,1,1,1
2013-03-03,34,11,1,14,1,1,1
2013-03-04,34,11,1,2,0,0,0
2013-03-05,40,11,,3,0,0,0
2013-03-06,40,12,,22,1,0,0
2013-03-07,36,12,1,24,1,1,0
2013-03-08,36,12,1,21,1,1,1
2013-03-09,45,12,,0,0,0,0
2013-03-10,43,12,,0,0,0,0
2013-03-11,47,12,1,19,1,0,0
2013-03-12,50,12,1,19,1,1,0
2013-03-13,45,12,,3,0,0,0
2013-03-14,35,12,,9,0,0,0
2013-03-15,38,12,,13,1,0,0
2013-03-16,36,12,1,17,1,1,0
2013-03-17,34,12,,0,0,0,0
2013-03-18,32,12,1,12,1,0,0
2013-03-19,38,12,1,17,1,1,0
2013-03-20,38,12,1,7,0,0,0
2013-03-21,35,12,,21,1,0,0
2013-03-22,34,12,,7,0,0,0
2013-03-23,39,12,,4,0,0,0
2013-03-24,40,12,,0,0,0,0
2013-03-25,38,12,1,20,1,0,0
2013-03-26,45,12,,13,1,1,0
2013-03-27,44,12,,6,0,0,0
2013-03-28,44,12,,9,0,0,0
2013-03-29,48,13,,5,0,0,0
2013-03-30,50,13,,0,0,0,0
2013-03-31,49,13,1,12,1,0,0
2013-04-01,50,13,1,9,0,0,0
2013-04-02,38,13,,0,0,0,0
2013-04-03,40,13,,0,0,0,0
2013-04-04,43,13,,0,0,0,0
2013-04-05,52,13,,4,0,0,0
2013-04-06,44,13,,0,0,0,0
2013-04-07,48,13,,3,0,0,0
2013-04-08,62,13,,0,0,0,0
2013-04-09,66,13,1,0,0,0,0
2013-04-10,64,13,1,8,0,0,0
2013-04-11,54,13,1,23,1,0,0
2013-04-12,44,13,1,24,1,1,0
2013-04-13,50,13,1,16,1,1,1
2013-04-14,52,13,,6,0,0,0
2013-04-15,52,13,,7,0,0,0
2013-04-16,55,13,,10,1,0,0
2013-04-17,63,13,1,9,0,0,0
2013-04-18,55,13,1,17,1,0,0
2013-04-19,63,13,1,17,1,1,0
2013-04-20,52,14,1,7,0,0,0
2013-04-21,46,14,,0,0,0,0
2013-04-22,48,14,,2,0,0,0
2013-04-23,47,14,1,18,1,0,0
2013-04-24,56,14,,2,0,0,0
2013-04-25,56,14,,5,0,0,0
2013-04-26,58,14,,0,0,0,0
2013-04-27,60,14,,2,0,0,0
2013-04-28,60,14,,0,0,0,0
2013-04-29,54,14,1,24,1,0,0
2013-04-30,60,14,,10,1,1,0
2013-05-01,58,14,,0,0,0,0
2013-05-02,60,14,,0,0,0,0
2013-05-03,58,14,,5,0,0,0
2013-05-04,58,14,,0,0,0,0
2013-05-05,55,14,,3,0,0,0
2013-05-06,58,14,,13,1,0,0
2013-05-07,63,14,,6,0,0,0
2013-05-08,59,14,1,17,1,0,0
2013-05-09,61,14,1,17,1,1,0
2013-05-10,69,14,1,0,0,0,0
2013-05-11,66,14,1,17,1,0,0
2013-05-12,60,14,1,5,0,0,0
2013-05-13,52,14,,2,0,0,0
2013-05-14,52,14,,0,0,0,0
2013-05-15,66,14,,11,1,0,0
2013-05-16,70,14,,4,0,0,0
2013-05-17,65,15,,0,0,0,0
2013-05-18,60,15,,18,1,0,0
2013-05-19,57,15,1,24,1,1,0
2013-05-20,68,15,1,10,1,1,1
2013-05-21,77,15,1,0,0,0,0
2013-05-22,68,15,1,11,1,0,0
2013-05-23,72,15,1,18,1,1,0
2013-05-24,55,15,1,23,1,1,1
2013-05-25,50,15,1,21,1,1,1
2013-05-26,57,15,,2,0,0,0
2013-05-27,62,15,,0,0,0,0
2013-05-28,62,15,1,14,1,0,0
2013-05-29,70,15,1,10,1,1,0
2013-05-30,81,15,1,0,0,0,0
2013-05-31,82,15,,0,0,0,0
2013-06-01,82,15,,0,0,0,0
2013-06-02,78,15,1,5,0,0,0
2013-06-03,72,15,1,19,1,0,0
2013-06-04,66,15,,0,0,0,0
2013-06-05,66,15,,0,0,0,0
2013-06-06,64,15,1,10,1,0,0
2013-06-07,61,15,1,24,1,1,0
2013-06-08,67,15,1,10,1,1,1
2013-06-09,72,15,,2,0,0,0
2013-06-10,66,15,1,20,1,0,0
2013-06-11,72,15,1,10,1,1,0
2013-06-12,70,15,,0,0,0,0
2013-06-13,62,15,1,22,1,0,0
2013-06-14,62,15,1,13,1,1,0
2013-06-15,70,15,,0,0,0,0
2013-06-16,72,15,,4,0,0,0
2013-06-17,76,15,1,3,0,0,0
2013-06-18,74,15,1,10,1,0,0
2013-06-19,68,15,,3,0,0,0
2013-06-20,71,15,,0,0,0,0
2013-06-21,73,15,,0,0,0,0
2013-06-22,74,15,,0,0,0,0
2013-06-23,79,15,,4,0,0,0
2013-06-24,83,15,,1,0,0,0
2013-06-25,82,15,,2,0,0,0
2013-06-26,80,15,1,3,0,0,0
2013-06-27,80,15,1,10,1,0,0
2013-06-28,79,15,1,7,0,0,0
2013-06-29,77,15,1,2,0,0,0
2013-06-30,80,15,1,7,0,0,0
2013-07-01,74,15,1,23,1,0,0
2013-07-02,77,15,1,15,1,1,0
2013-07-03,78,15,1,4,0,0,0
2013-07-04,81,15,1,8,0,0,0
2013-07-05,83,15,,0,0,0,0
2013-07-06,85,15,,0,0,0,0
2013-07-07,85,15,,0,0,0,0
2013-07-08,81,15,1,3,0,0,0
2013-07-09,81,15,1,6,0,0,0
2013-07-10,80,15,1,2,0,0,0
2013-07-11,80,15,,6,0,0,0
2013-07-12,72,15,1,17,1,0,0
2013-07-13,74,15,1,15,1,1,0
2013-07-14,82,15,1,3,0,0,0
2013-07-15,86,15,,1,0,0,0
2013-07-16,86,15,,1,0,0,0
2013-07-17,88,15,,1,0,0,0
2013-07-18,90,15,1,0,0,0,0
2013-07-19,90,15,1,0,0,0,0
2013-07-20,87,15,1,5,0,0,0
2013-07-21,82,15,,3,0,0,0
2013-07-22,80,15,1,16,1,0,0
2013-07-23,80,15,1,12,1,1,0
2013-07-24,76,15,,2,0,0,0
2013-07-25,66,15,1,22,1,0,0
2013-07-26,74,15,,11,1,1,0
2013-07-27,76,15,,1,0,0,0
2013-07-28,74,14,1,10,1,0,0
2013-07-29,77,14,1,5,0,0,0
2013-07-30,75,14,,0,0,0,0
2013-07-31,75,14,,1,0,0,0
2013-08-01,71,14,1,20,1,0,0
2013-08-02,75,14,1,6,0,0,0
2013-08-03,73,14,1,11,1,0,0
2013-08-04,73,14,,0,0,0,0
2013-08-05,70,14,,0,0,0,0
2013-08-06,73,14,,5,0,0,0
2013-08-07,75,14,,17,1,0,0
2013-08-08,76,14,1,17,1,1,0
2013-08-09,80,14,1,13,1,1,1
2013-08-10,76,14,,0,0,0,0
2013-08-11,73,14,,7,0,0,0
2013-08-12,76,14,1,8,0,0,0
2013-08-13,72,14,1,12,1,0,0
2013-08-14,68,14,,0,0,0,0
2013-08-15,68,14,,0,0,0,0
2013-08-16,73,14,,0,0,0,0
2013-08-17,74,14,,0,0,0,0
2013-08-18,72,14,,4,0,0,0
2013-08-19,72,14,,2,0,0,0
2013-08-20,78,14,,0,0,0,0
2013-08-21,81,14,,0,0,0,0
2013-08-22,74,14,1,9,0,0,0
2013-08-23,76,13,1,1,0,0,0
2013-08-24,72,13,,0,0,0,0
2013-08-25,74,13,,0,0,0,0
2013-08-26,76,13,1,9,0,0,0
2013-08-27,79,13,1,9,0,0,0
2013-08-28,78,13,1,8,0,0,0
2013-08-29,76,13,1,15,1,0,0
2013-08-30,78,13,,10,1,1,0
2013-08-31,80,13,1,7,0,0,0
2013-09-01,80,13,1,8,0,0,0
2013-09-02,78,13,1,14,1,0,0
2013-09-03,75,13,1,12,1,1,0
2013-09-04,74,13,,0,0,0,0
2013-09-05,72,13,,3,0,0,0
2013-09-06,64,13,,0,0,0,0
2013-09-07,70,13,,2,0,0,0
2013-09-08,74,13,,4,0,0,0
2013-09-09,65,13,,2,0,0,0
2013-09-10,78,13,,9,0,0,0
2013-09-11,86,13,1,0,0,0,0
2013-09-12,78,13,1,5,0,0,0
2013-09-13,68,13,1,7,0,0,0
2013-09-14,60,13,,2,0,0,0
2013-09-15,62,12,,0,0,0,0
2013-09-16,64,12,1,13,1,0,0
2013-09-17,58,12,,0,0,0,0
2013-09-18,62,12,,0,0,0,0
2013-09-19,66,12,,0,0,0,0
2013-09-20,70,12,,0,0,0,0
2013-09-21,69,12,1,11,1,0,0
2013-09-22,62,12,1,6,0,0,0
2013-09-23,58,12,,1,0,0,0
2013-09-24,60,12,,0,0,0,0
2013-09-25,62,12,,0,0,0,0
2013-09-26,64,12,,14,1,0,0
2013-09-27,63,12,,15,1,1,0
2013-09-28,64,12,,0,0,0,0
2013-09-29,64,12,,0,0,0,0
2013-09-30,66,12,,0,0,0,0
2013-10-01,70,12,,0,0,0,0
2013-10-02,74,12,,0,0,0,0
2013-10-03,70,12,,1,0,0,0
2013-10-04,76,12,1,4,0,0,0
2013-10-05,70,12,1,12,1,0,0
2013-10-06,68,12,1,24,1,1,0
2013-10-07,68,12,1,20,1,1,1
2013-10-08,60,11,,0,0,0,0
2013-10-09,58,11,,0,0,0,0
2013-10-10,60,11,1,21,1,0,0
2013-10-11,64,11,1,19,1,1,0
2013-10-12,66,11,,12,1,1,1
2013-10-13,60,11,,12,1,1,1
2013-10-14,59,11,,3,0,0,0
2013-10-15,62,11,,0,0,0,0
2013-10-16,62,11,1,15,1,0,0
2013-10-17,67,11,1,20,1,1,0
2013-10-18,62,11,,2,0,0,0
2013-10-19,58,11,,8,0,0,0
2013-10-20,56,11,,0,0,0,0
2013-10-21,58,11,,0,0,0,0
2013-10-22,59,11,,6,0,0,0
2013-10-23,50,11,,7,0,0,0
2013-10-24,48,11,,3,0,0,0
2013-10-25,46,11,,4,0,0,0
2013-10-26,48,11,,5,0,0,0
2013-10-27,52,11,,3,0,0,0
2013-10-28,52,11,,0,0,0,0
2013-10-29,50,11,,7,0,0,0
2013-10-30,54,11,1,10,1,0,0
2013-10-31,60,10,1,21,1,1,0
2013-11-01,64,10,1,11,1,1,1
2013-11-02,62,10,,6,0,0,0
2013-11-03,46,10,,10,1,0,0
2013-11-04,40,10,,0,0,0,0
2013-11-05,48,10,,5,0,0,0
2013-11-06,55,10,,5,0,0,0
2013-11-07,54,10,1,15,1,0,0
2013-11-08,45,10,,7,0,0,0
2013-11-09,44,10,,4,0,0,0
2013-11-10,52,10,,9,0,0,0
2013-11-11,48,10,,12,1,0,0
2013-11-12,42,10,1,11,1,1,0
2013-11-13,34,10,,0,0,0,0
2013-11-14,42,10,,0,0,0,0
2013-11-15,50,10,,0,0,0,0
2013-11-16,52,10,1,9,0,0,0
2013-11-17,56,10,1,24,1,0,0
2013-11-18,58,10,1,8,0,0,0
2013-11-19,44,10,,5,0,0,0
2013-11-20,38,10,,0,0,0,0
2013-11-21,44,10,,11,1,0,0
2013-11-22,54,10,1,18,1,1,0
2013-11-23,42,10,1,4,0,0,0
2013-11-24,26,10,,2,0,0,0
2013-11-25,29,10,,0,0,0,0
2013-11-26,40,10,1,21,1,0,0
2013-11-27,48,10,1,23,1,1,0
2013-11-28,32,10,,7,0,0,0
2013-11-29,34,10,,10,1,0,0
2013-11-30,32,10,,7,0,0,0
2013-12-01,42,9,,15,1,0,0
2013-12-02,45,9,1,12,1,1,0
2013-12-03,46,9,1,3,0,0,0
2013-12-04,46,9,1,11,1,0,0
2013-12-05,54,9,1,24,1,1,0
2013-12-06,50,9,1,24,1,1,1
2013-12-07,36,9,1,7,0,0,0
2013-12-08,31,9,1,14,1,0,0
2013-12-09,35,9,1,20,1,1,0
2013-12-10,34,9,1,9,0,0,0
2013-12-11,30,9,,0,0,0,0
2013-12-12,26,9,,1,0,0,0
2013-12-13,29,9,,5,0,0,0
2013-12-14,28,9,1,20,1,0,0
2013-12-15,35,9,1,19,1,1,0
2013-12-16,29,9,,3,0,0,0
2013-12-17,28,9,1,20,1,0,0
2013-12-18,30,9,,6,0,0,0
2013-12-19,38,9,,0,0,0,0
2013-12-20,47,9,,5,0,0,0
2013-12-21,58,9,,5,0,0,0
2013-12-22,66,9,,16,1,0,0
2013-12-23,53,9,1,22,1,1,0
2013-12-24,34,9,,6,0,0,0
2013-12-25,25,9,,3,0,0,0
2013-12-26,33,9,,11,1,0,0
2013-12-27,36,9,,4,0,0,0
2013-12-28,46,9,,3,0,0,0
2013-12-29,44,9,1,15,1,0,0
2013-12-30,34,9,,8,0,0,0
2013-12-31,26,9,,4,0,0,0
2014-01-01,28,9,,6,0,0,0
2014-01-02,26,9,1,24,1,0,0
2014-01-03,14,9,1,11,1,1,0
2014-01-04,18,9,,0,0,0,0
2014-01-05,34,9,1,18,1,0,0
2014-01-06,37,9,1,20,1,1,0
2014-01-07,12,9,,0,0,0,0
2014-01-08,16,9,,4,0,0,0
2014-01-09,27,9,,2,0,0,0
2014-01-10,34,9,1,23,1,0,0
2014-01-11,48,9,1,24,1,1,0
2014-01-12,46,10,1,9,0,0,0
2014-01-13,44,10,,0,0,0,0
2014-01-14,48,10,1,18,1,0,0
2014-01-15,43,10,,0,0,0,0
2014-01-16,39,10,,1,0,0,0
2014-01-17,38,10,,0,0,0,0
2014-01-18,35,10,,0,0,0,0
2014-01-19,31,10,,0,0,0,0
2014-01-20,38,10,,0,0,0,0
2014-01-21,21,10,,0,0,0,0
2014-01-22,11,10,,0,0,0,0
2014-01-23,14,10,,0,0,0,0
2014-01-24,15,10,,0,0,0,0
2014-01-25,24,10,1,8,0,0,0
2014-01-26,26,10,,10,1,0,0
2014-01-27,32,10,,10,1,1,0
2014-01-28,16,10,,9,0,0,0
2014-01-29,18,10,1,7,0,0,0
2014-01-30,23,10,,0,0,0,0
2014-01-31,32,10,,12,1,0,0
2014-02-01,40,10,1,0,0,0,0
2014-02-02,48,10,1,11,1,0,0
2014-02-03,35,10,1,20,1,1,0
2014-02-04,28,10,1,6,0,0,0
2014-02-05,32,10,1,24,1,0,0
2014-02-06,26,10,,3,0,0,0
2014-02-07,28,10,,0,0,0,0
2014-02-08,25,10,,8,0,0,0
2014-02-09,26,10,1,9,0,0,0
2014-02-10,25,10,,0,0,0,0
2014-02-11,21,11,,0,0,0,0
2014-02-12,19,11,,4,0,0,0
2014-02-13,30,11,1,24,1,0,0
2014-02-14,36,11,1,6,0,0,0
2014-02-15,32,11,1,20,1,0,0
2014-02-16,26,11,,8,0,0,0
2014-02-17,25,11,,0,0,0,0
2014-02-18,32,11,1,13,1,0,0
2014-02-19,40,11,1,8,0,0,0
2014-02-20,44,11,1,10,1,0,0
2014-02-21,42,11,1,19,1,1,0
2014-02-22,47,11,,0,0,0,0
2014-02-23,48,11,,6,0,0,0
2014-02-24,36,11,,6,0,0,0
2014-02-25,28,11,,7,0,0,0
2014-02-26,26,11,1,9,0,0,0
2014-02-27,24,11,1,8,0,0,0
2014-02-28,16,11,,0,0,0,0
2014-03-01,28,11,,9,0,0,0
2014-03-02,36,11,,21,1,0,0
2014-03-03,25,11,1,11,1,1,0
2014-03-04,21,11,,3,0,0,0
2014-03-05,32,11,,16,1,0,0
2014-03-06,24,12,,0,0,0,0
2014-03-07,32,12,,24,1,0,0
2014-03-08,46,12,,11,1,1,0
2014-03-09,40,12,,6,0,0,0
2014-03-10,44,12,1,18,1,0,0
2014-03-11,56,12,,1,0,0,0
2014-03-12,44,12,1,15,1,0,0
2014-03-13,25,12,,10,1,1,0
2014-03-14,34,12,,7,0,0,0
2014-03-15,50,12,,8,0,0,0
2014-03-16,36,12,,8,0,0,0
2014-03-17,29,12,,17,1,0,0
2014-03-18,36,12,,0,0,0,0
2014-03-19,39,12,1,20,1,0,0
2014-03-20,47,12,1,9,0,0,0
2014-03-21,45,12,,5,0,0,0
2014-03-22,52,12,,5,0,0,0
2014-03-23,34,12,,9,0,0,0
2014-03-24,28,12,,0,0,0,0
2014-03-25,32,12,,14,1,0,0
2014-03-26,30,12,,7,0,0,0
2014-03-27,33,12,,2,0,0,0
2014-03-28,50,12,1,17,1,0,0
2014-03-29,51,13,1,18,1,1,0
2014-03-30,44,13,1,24,1,1,1
2014-03-31,46,13,1,11,1,1,1
2014-04-01,50,13,,2,0,0,0
2014-04-02,48,13,,6,0,0,0
2014-04-03,56,13,1,4,0,0,0
2014-04-04,44,13,1,24,1,0,0
2014-04-05,47,13,1,9,0,0,0
2014-04-06,48,13,,0,0,0,0
2014-04-07,48,13,1,12,1,0,0
2014-04-08,55,13,1,9,0,0,0
2014-04-09,53,13,,0,0,0,0
2014-04-10,50,13,,0,0,0,0
2014-04-11,66,13,,6,0,0,0
2014-04-12,62,13,,3,0,0,0
2014-04-13,66,13,,3,0,0,0
2014-04-14,67,13,,0,0,0,0
2014-04-15,48,13,1,22,1,0,0
2014-04-16,40,13,,1,0,0,0
2014-04-17,42,13,,3,0,0,0
2014-04-18,42,13,,5,0,0,0
2014-04-19,54,13,,0,0,0,0
2014-04-20,52,14,,0,0,0,0
2014-04-21,54,14,,0,0,0,0
2014-04-22,61,14,1,6,0,0,0
2014-04-23,53,14,,14,1,0,0
2014-04-24,52,14,,0,0,0,0
2014-04-25,54,14,1,5,0,0,0
2014-04-26,56,14,1,17,1,0,0
2014-04-27,53,14,,9,0,0,0
2014-04-28,56,14,,0,0,0,0
2014-04-29,48,14,1,22,1,0,0
2014-04-30,46,14,1,24,1,1,0
2014-05-01,64,14,1,17,1,1,1
2014-05-02,63,14,,6,0,0,0
2014-05-03,62,14,1,9,0,0,0
2014-05-04,60,14,,13,1,0,0
2014-05-05,60,14,,1,0,0,0
2014-05-06,62,14,,6,0,0,0
2014-05-07,60,14,,0,0,0,0
2014-05-08,56,14,1,24,1,0,0
2014-05-09,59,14,1,24,1,1,0
2014-05-10,70,14,1,17,1,1,1
2014-05-11,71,14,1,2,0,0,0
2014-05-12,74,14,,9,0,0,0
2014-05-13,63,14,1,0,0,0,0
2014-05-14,62,14,1,18,1,0,0
2014-05-15,64,14,1,24,1,1,0
2014-05-16,64,14,1,24,1,1,1
2014-05-17,62,15,,2,0,0,0
2014-05-18,59,15,,6,0,0,0
2014-05-19,60,15,,4,0,0,0
2014-05-20,66,15,,6,0,0,0
2014-05-21,68,15,,16,1,0,0
2014-05-22,63,15,1,24,1,1,0
2014-05-23,64,15,1,20,1,1,1
2014-05-24,64,15,1,16,1,1,1
2014-05-25,68,15,1,1,0,0,0
2014-05-26,76,15,,0,0,0,0
2014-05-27,75,15,,4,0,0,0
2014-05-28,59,15,1,22,1,0,0
2014-05-29,58,15,,12,1,1,0
2014-05-30,65,15,,9,0,0,0
2014-05-31,65,15,1,3,0,0,0
2014-06-01,66,15,,0,0,0,0
2014-06-02,70,15,,0,0,0,0
2014-06-03,76,15,1,4,0,0,0
2014-06-04,72,15,1,6,0,0,0
2014-06-05,68,15,1,16,1,0,0
2014-06-06,68,15,,3,0,0,0
2014-06-07,71,15,,0,0,0,0
2014-06-08,76,15,,1,0,0,0
2014-06-09,68,15,1,22,1,0,0
2014-06-10,71,15,1,18,1,1,0
2014-06-11,66,15,1,21,1,1,1
2014-06-12,66,15,1,24,1,1,1
2014-06-13,72,15,1,18,1,1,1
2014-06-14,67,15,1,4,0,0,0
2014-06-15,70,15,,0,0,0,0
2014-06-16,72,15,,1,0,0,0
2014-06-17,80,15,,1,0,0,0
2014-06-18,82,15,,0,0,0,0
2014-06-19,72,15,1,10,1,0,0
2014-06-20,72,15,,0,0,0,0
2014-06-21,70,15,,0,0,0,0
2014-06-22,72,15,,3,0,0,0
2014-06-23,73,15,,0,0,0,0
2014-06-24,74,15,,3,0,0,0
2014-06-25,78,15,1,9,0,0,0
2014-06-26,78,15,1,4,0,0,0
2014-06-27,75,15,,8,0,0,0
2014-06-28,76,15,,0,0,0,0
2014-06-29,76,15,,0,0,0,0
2014-06-30,76,15,,1,0,0,0
2014-07-01,80,15,,0,0,0,0
2014-07-02,82,15,1,6,0,0,0
2014-07-03,78,15,1,6,0,0,0
2014-07-04,70,15,1,15,1,0,0
2014-07-05,72,15,,0,0,0,0
2014-07-06,75,15,,0,0,0,0
2014-07-07,81,15,1,5,0,0,0
2014-07-08,81,15,1,2,0,0,0
2014-07-09,80,15,1,7,0,0,0
2014-07-10,78,15,,7,0,0,0
2014-07-11,78,15,,6,0,0,0
2014-07-12,78,15,,2,0,0,0
2014-07-13,78,15,1,6,0,0,0
2014-07-14,78,15,1,12,1,0,0
2014-07-15,79,15,1,20,1,1,0
2014-07-16,74,15,1,8,0,0,0
2014-07-17,74,15,,4,0,0,0
2014-07-18,72,15,,0,0,0,0
2014-07-19,72,15,,0,0,0,0
2014-07-20,72,15,,0,0,0,0
2014-07-21,76,15,,3,0,0,0
2014-07-22,78,15,,0,0,0,0
2014-07-23,80,15,1,5,0,0,0
2014-07-24,75,15,,4,0,0,0
2014-07-25,74,15,,1,0,0,0
2014-07-26,75,15,,5,0,0,0
2014-07-27,78,15,1,5,0,0,0
2014-07-28,75,14,1,11,1,0,0
2014-07-29,70,14,,2,0,0,0
2014-07-30,72,14,,2,0,0,0
2014-07-31,75,14,,4,0,0,0
2014-08-01,78,14,1,3,0,0,0
2014-08-02,68,14,1,13,1,0,0
2014-08-03,71,14,1,17,1,1,0
2014-08-04,77,14,1,7,0,0,0
2014-08-05,80,14,,0,0,0,0
2014-08-06,76,14,,0,0,0,0
2014-08-07,74,14,,3,0,0,0
2014-08-08,74,14,,0,0,0,0
2014-08-09,76,14,,0,0,0,0
2014-08-10,78,14,,0,0,0,0
2014-08-11,79,14,,0,0,0,0
2014-08-12,74,14,1,11,1,0,0
2014-08-13,75,14,1,15,1,1,0
2014-08-14,70,14,,0,0,0,0
2014-08-15,67,14,,10,1,0,0
2014-08-16,70,14,,0,0,0,0
2014-08-17,74,14,,5,0,0,0
2014-08-18,72,14,,0,0,0,0
2014-08-19,73,14,1,1,0,0,0
2014-08-20,77,14,,4,0,0,0
2014-08-21,74,14,1,11,1,0,0
2014-08-22,72,14,1,15,1,1,0
2014-08-23,72,13,,15,1,1,1
2014-08-24,72,13,,0,0,0,0
2014-08-25,76,13,,0,0,0,0
2014-08-26,80,13,,0,0,0,0
2014-08-27,80,13,,2,0,0,0
2014-08-28,74,13,,1,0,0,0
2014-08-29,70,13,,0,0,0,0
2014-08-30,72,13,,12,1,0,0
2014-08-31,82,13,1,15,1,1,0
2014-09-01,82,13,,7,0,0,0
2014-09-02,84,13,,1,0,0,0
2014-09-03,79,13,,0,0,0,0
2014-09-04,78,13,,0,0,0,0
2014-09-05,80,13,1,4,0,0,0
2014-09-06,80,13,1,8,0,0,0
2014-09-07,73,13,,5,0,0,0
2014-09-08,70,13,,0,0,0,0
2014-09-09,68,13,,19,1,0,0
2014-09-10,72,13,,7,0,0,0
2014-09-11,76,13,,11,1,0,0
2014-09-12,70,13,,5,0,0,0
2014-09-13,64,13,1,18,1,0,0
2014-09-14,62,13,,0,0,0,0
2014-09-15,63,12,,0,0,0,0
2014-09-16,64,12,1,13,1,0,0
2014-09-17,64,12,,0,0,0,0
2014-09-18,66,12,,1,0,0,0
2014-09-19,60,12,,3,0,0,0
2014-09-20,66,12,,4,0,0,0
2014-09-21,71,12,1,16,1,0,0
2014-09-22,63,12,1,4,0,0,0
2014-09-23,62,12,,0,0,0,0
2014-09-24,64,12,,3,0,0,0
2014-09-25,60,12,1,18,1,0,0
2014-09-26,68,12,,0,0,0,0
2014-09-27,72,12,,0,0,0,0
2014-09-28,74,12,,0,0,0,0
2014-09-29,73,12,,5,0,0,0
2014-09-30,66,12,1,23,1,0,0
2014-10-01,63,12,1,24,1,1,0
2014-10-02,66,12,,23,1,1,1
2014-10-03,64,12,,5,0,0,0
2014-10-04,60,12,1,15,1,0,0
2014-10-05,54,12,,0,0,0,0
2014-10-06,60,12,,0,0,0,0
2014-10-07,67,12,1,12,1,0,0
2014-10-08,68,11,1,5,0,0,0
2014-10-09,62,11,,0,0,0,0
2014-10-10,58,11,,10,1,0,0
2014-10-11,55,11,1,18,1,1,0
2014-10-12,56,11,,0,0,0,0
2014-10-13,58,11,1,21,1,0,0
2014-10-14,70,11,1,15,1,1,0
2014-10-15,73,11,1,23,1,1,1
2014-10-16,66,11,1,14,1,1,1
2014-10-17,65,11,,6,0,0,0
2014-10-18,63,11,,18,1,0,0
2014-10-19,50,11,,10,1,1,0
2014-10-20,51,11,1,0,0,0,0
2014-10-21,61,11,1,8,0,0,0
2014-10-22,54,11,1,24,1,0,0
2014-10-23,52,11,1,24,1,1,0
2014-10-24,57,11,,8,0,0,0
2014-10-25,58,11,1,2,0,0,0
2014-10-26,58,11,,14,1,0,0
2014-10-27,56,11,,0,0,0,0
2014-10-28,62,11,,0,0,0,0
2014-10-29,62,11,1,7,0,0,0
2014-10-30,53,11,,1,0,0,0
2014-10-31,50,10,1,18,1,0,0
2014-11-01,44,10,1,24,1,1,0
2014-11-02,44,10,,8,0,0,0
2014-11-03,50,10,,6,0,0,0
2014-11-04,60,10,,6,0,0,0
2014-11-05,60,10,,3,0,0,0
2014-11-06,52,10,1,21,1,0,0
2014-11-07,46,10,,12,1,1,0
2014-11-08,42,10,,1,0,0,0
2014-11-09,52,10,,7,0,0,0
2014-11-10,52,10,,0,0,0,0
2014-11-11,56,10,1,9,0,0,0
2014-11-12,56,10,1,14,1,0,0
2014-11-13,42,10,1,13,1,1,0
2014-11-14,38,10,1,8,0,0,0
2014-11-15,38,10,,0,0,0,0
2014-11-16,40,10,1,20,1,0,0
2014-11-17,46,10,1,23,1,1,0
2014-11-18,34,10,,0,0,0,0
2014-11-19,29,10,,4,0,0,0
2014-11-20,38,10,,7,0,0,0
2014-11-21,32,10,,0,0,0,0
2014-11-22,36,10,,7,0,0,0
2014-11-23,50,10,,11,1,0,0
2014-11-24,61,10,1,13,1,1,0
2014-11-25,60,10,,0,0,0,0
2014-11-26,42,10,1,21,1,0,0
2014-11-27,36,10,1,23,1,1,0
2014-11-28,33,10,,2,0,0,0
2014-11-29,36,10,,14,1,0,0
2014-11-30,50,10,,21,1,1,0
2014-12-01,54,9,1,17,1,1,1
2014-12-02,39,9,1,16,1,1,1
2014-12-03,44,9,1,19,1,1,1
2014-12-04,41,9,,0,0,0,0
2014-12-05,39,9,1,15,1,0,0
2014-12-06,44,9,1,24,1,1,0
2014-12-07,36,9,1,2,0,0,0
2014-12-08,30,9,,16,1,0,0
2014-12-09,39,9,1,24,1,1,0
2014-12-10,36,9,1,24,1,1,1
2014-12-11,34,9,1,20,1,1,1
2014-12-12,35,9,,18,1,1,1
2014-12-13,39,9,,2,0,0,0
2014-12-14,42,9,,9,0,0,0
2014-12-15,42,9,,0,0,0,0
2014-12-16,44,9,1,18,1,0,0
2014-12-17,48,9,1,19,1,1,0
2014-12-18,40,9,,11,1,1,1
2014-12-19,34,9,,10,1,1,1
2014-12-20,32,9,,24,1,1,1
2014-12-21,34,9,1,24,1,1,1
2014-12-22,40,9,1,24,1,1,1
2014-12-23,44,9,1,24,1,1,1
2014-12-24,51,9,1,24,1,1,1
2014-12-25,53,9,1,12,1,1,1
2014-12-26,45,9,,0,0,0,0
2014-12-27,50,9,,1,0,0,0
2014-12-28,48,9,1,12,1,0,0
2014-12-29,39,9,,0,0,0,0
2014-12-30,31,9,,5,0,0,0
2014-12-31,30,9,,4,0,0,0
2015-01-01,33,9,,0,0,0,0
2015-01-02,38,9,,3,0,0,0
2015-01-03,38,9,1,14,1,0,0
2015-01-04,48,9,1,22,1,1,0
2015-01-05,36,9,,2,0,0,0
2015-01-06,20,9,1,12,1,0,0
2015-01-07,16,9,,0,0,0,0
2015-01-08,14,9,,0,0,0,0
2015-01-09,26,9,1,10,1,0,0
2015-01-10,20,9,,0,0,0,0
2015-01-11,28,9,,8,0,0,0
2015-01-12,37,10,1,24,1,0,0
2015-01-13,26,10,,6,0,0,0
2015-01-14,24,10,,13,1,0,0
2015-01-15,30,10,,8,0,0,0
2015-01-16,32,10,1,2,0,0,0
2015-01-17,24,10,,0,0,0,0
2015-01-18,36,10,1,19,1,0,0
2015-01-19,39,10,,19,1,1,0
2015-01-20,36,10,,12,1,1,1
2015-01-21,30,10,,12,1,1,1
2015-01-22,36,10,1,12,1,1,1
2015-01-23,34,10,,3,0,0,0
2015-01-24,36,10,1,19,1,0,0
2015-01-25,36,10,,8,0,0,0
2015-01-26,26,10,1,24,1,0,0
2015-01-27,25,10,1,14,1,1,0
2015-01-28,25,10,,0,0,0,0
2015-01-29,28,10,1,8,0,0,0
2015-01-30,28,10,1,15,1,0,0
2015-01-31,20,10,,0,0,0,0
2015-02-01,28,10,1,16,1,0,0
2015-02-02,24,10,1,20,1,1,0
2015-02-03,20,10,,0,0,0,0
2015-02-04,34,10,,13,1,0,0
2015-02-05,28,10,,8,0,0,0
2015-02-06,20,10,,3,0,0,0
2015-02-07,32,10,1,20,1,0,0
2015-02-08,33,10,1,20,1,1,0
2015-02-09,27,10,1,24,1,1,1
2015-02-10,33,10,1,15,1,1,1
2015-02-11,28,11,,1,0,0,0
2015-02-12,28,11,1,17,1,0,0
2015-02-13,14,11,,0,0,0,0
2015-02-14,24,11,1,20,1,0,0
2015-02-15,14,11,1,11,1,1,0
2015-02-16,12,11,,4,0,0,0
2015-02-17,20,11,1,13,1,0,0
2015-02-18,26,11,1,7,0,0,0
2015-02-19,18,11,,7,0,0,0
2015-02-20,10,11,,0,0,0,0
2015-02-21,22,11,1,13,1,0,0
2015-02-22,38,11,1,10,1,1,0
2015-02-23,23,11,,6,0,0,0
2015-02-24,14,11,,1,0,0,0
2015-02-25,28,11,,0,0,0,0
2015-02-26,26,11,1,14,1,0,0
2015-02-27,24,11,,3,0,0,0
2015-02-28,21,11,,0,0,0,0
2015-03-01,28,11,1,19,1,0,0
2015-03-02,33,11,1,10,1,1,0
2015-03-03,30,11,1,13,1,1,1
2015-03-04,40,11,1,23,1,1,1
2015-03-05,30,11,1,22,1,1,1
2015-03-06,20,12,,0,0,0,0
2015-03-07,28,12,,6,0,0,0
2015-03-08,43,12,,8,0,0,0
2015-03-09,47,12,1,6,0,0,0
2015-03-10,46,12,1,10,1,0,0
2015-03-11,52,12,1,4,0,0,0
2015-03-12,42,12,,0,0,0,0
2015-03-13,37,12,,1,0,0,0
2015-03-14,46,12,1,23,1,0,0
2015-03-15,40,12,,18,1,1,0
2015-03-16,44,12,,3,0,0,0
2015-03-17,46,12,1,10,1,0,0
2015-03-18,34,12,,5,0,0,0
2015-03-19,36,12,,1,0,0,0
2015-03-20,34,12,1,18,1,0,0
2015-03-21,38,12,1,17,1,1,0
2015-03-22,36,12,,0,0,0,0
2015-03-23,30,12,,0,0,0,0
2015-03-24,36,12,,7,0,0,0
2015-03-25,42,12,1,11,1,0,0
2015-03-26,52,12,1,24,1,1,0
2015-03-27,42,12,1,23,1,1,1
2015-03-28,33,12,1,23,1,1,1
2015-03-29,36,13,,7,0,0,0
2015-03-30,45,13,1,13,1,0,0
2015-03-31,41,13,1,8,0,0,0
2015-04-01,42,13,,1,0,0,0
2015-04-02,54,13,,3,0,0,0
2015-04-03,62,13,1,19,1,0,0
2015-04-04,51,13,1,7,0,0,0
2015-04-05,52,13,,9,0,0,0
2015-04-06,52,13,,1,0,0,0
2015-04-07,52,13,1,23,1,0,0
2015-04-08,41,13,1,24,1,1,0
2015-04-09,40,13,1,24,1,1,1
2015-04-10,48,13,1,18,1,1,1
2015-04-11,50,13,,0,0,0,0
2015-04-12,54,13,,0,0,0,0
2015-04-13,59,13,,0,0,0,0
2015-04-14,60,13,,12,1,0,0
2015-04-15,62,13,,0,0,0,0
2015-04-16,58,13,,0,0,0,0
2015-04-17,63,13,1,14,1,0,0
2015-04-18,70,13,,0,0,0,0
2015-04-19,56,13,,0,0,0,0
2015-04-20,52,14,1,24,1,0,0
2015-04-21,58,14,1,8,0,0,0
2015-04-22,58,14,1,11,1,0,0
2015-04-23,46,14,,8,0,0,0
2015-04-24,46,14,,9,0,0,0
2015-04-25,50,14,,0,0,0,0
2015-04-26,55,14,,7,0,0,0
2015-04-27,56,14,,15,1,0,0
2015-04-28,60,14,,2,0,0,0
2015-04-29,64,14,,3,0,0,0
2015-04-30,58,14,,7,0,0,0
2015-05-01,56,14,,12,1,0,0
2015-05-02,61,14,1,7,0,0,0
2015-05-03,66,14,,0,0,0,0
2015-05-04,71,14,,2,0,0,0
2015-05-05,76,14,,4,0,0,0
2015-05-06,66,14,,16,1,0,0
2015-05-07,68,14,1,0,0,0,0
2015-05-08,69,14,1,0,0,0,0
2015-05-09,64,14,1,23,1,0,0
2015-05-10,72,14,1,11,1,1,0
2015-05-11,77,14,1,9,0,0,0
2015-05-12,75,14,1,5,0,0,0
2015-05-13,62,14,,6,0,0,0
2015-05-14,62,14,,0,0,0,0
2015-05-15,65,14,,5,0,0,0
2015-05-16,66,14,1,16,1,0,0
2015-05-17,74,15,1,5,0,0,0
2015-05-18,68,15,1,20,1,0,0
2015-05-19,70,15,1,12,1,1,0
2015-05-20,60,15,,2,0,0,0
2015-05-21,57,15,,18,1,0,0
2015-05-22,64,15,,10,1,1,0
2015-05-23,60,15,,0,0,0,0
2015-05-24,68,15,,0,0,0,0
2015-05-25,74,15,,0,0,0,0
2015-05-26,78,15,,0,0,0,0
2015-05-27,78,15,1,7,0,0,0
2015-05-28,78,15,1,10,1,0,0
2015-05-29,75,15,,0,0,0,0
2015-05-30,76,15,,0,0,0,0
2015-05-31,72,15,1,11,1,0,0
2015-06-01,54,15,1,24,1,1,0
2015-06-02,52,15,1,24,1,1,1
2015-06-03,61,15,,9,0,0,0
2015-06-04,60,15,,10,1,0,0
2015-06-05,62,15,1,21,1,1,0
2015-06-06,68,15,1,10,1,1,1
2015-06-07,64,15,,1,0,0,0
2015-06-08,71,15,1,12,1,0,0
2015-06-09,76,15,1,9,0,0,0
2015-06-10,74,15,,0,0,0,0
2015-06-11,80,15,1,3,0,0,0
2015-06-12,80,15,1,0,0,0,0
2015-06-13,79,15,,2,0,0,0
2015-06-14,77,15,1,3,0,0,0
2015-06-15,74,15,1,23,1,0,0
2015-06-16,72,15,1,17,1,1,0
2015-06-17,74,15,1,2,0,0,0
2015-06-18,68,15,,20,1,0,0
2015-06-19,78,15,,13,1,1,0
2015-06-20,70,15,1,20,1,1,1
2015-06-21,80,15,1,13,1,1,1
2015-06-22,78,15,,0,0,0,0
2015-06-23,82,15,,0,0,0,0
2015-06-24,76,15,,0,0,0,0
2015-06-25,74,15,,5,0,0,0
2015-06-26,76,15,,9,0,0,0
2015-06-27,64,15,1,21,1,0,0
2015-06-28,68,15,1,22,1,1,0
2015-06-29,70,15,,8,0,0,0
2015-06-30,75,15,1,9,0,0,0
2015-07-01,76,15,1,7,0,0,0
2015-07-02,74,15,,0,0,0,0
2015-07-03,74,15,,0,0,0,0
2015-07-04,72,15,1,13,1,0,0
2015-07-05,76,15,,4,0,0,0
2015-07-06,78,15,1,6,0,0,0
2015-07-07,82,15,1,9,0,0,0
2015-07-08,82,15,1,7,0,0,0
2015-07-09,74,15,1,17,1,0,0
2015-07-10,78,15,1,6,0,0,0
2015-07-11,78,15,,0,0,0,0
2015-07-12,80,15,,0,0,0,0
2015-07-13,80,15,,0,0,0,0
2015-07-14,78,15,1,7,0,0,0
2015-07-15,77,15,1,17,1,0,0
2015-07-16,72,15,,4,0,0,0
2015-07-17,74,15,,2,0,0,0
2015-07-18,78,15,1,11,1,0,0
2015-07-19,86,15,,0,0,0,0
2015-07-20,88,15,,0,0,0,0
2015-07-21,82,15,,8,0,0,0
2015-07-22,77,15,,0,0,0,0
2015-07-23,77,15,,0,0,0,0
2015-07-24,78,15,,2,0,0,0
2015-07-25,78,15,,1,0,0,0
2015-07-26,82,15,,9,0,0,0
2015-07-27,78,15,1,6,0,0,0
2015-07-28,85,14,1,1,0,0,0
2015-07-29,87,14,,0,0,0,0
2015-07-30,82,14,1,16,1,0,0
2015-07-31,80,14,1,0,0,0,0
2015-08-01,82,14,,6,0,0,0
2015-08-02,80,14,,0,0,0,0
2015-08-03,82,14,,1,0,0,0
2015-08-04,79,14,1,2,0,0,0
2015-08-05,80,14,,1,0,0,0
2015-08-06,75,14,,0,0,0,0
2015-08-07,76,14,,0,0,0,0
2015-08-08,75,14,,1,0,0,0
2015-08-09,76,14,,1,0,0,0
2015-08-10,77,14,,11,1,0,0
2015-08-11,76,14,1,16,1,1,0
2015-08-12,78,14,,4,0,0,0
2015-08-13,75,14,,1,0,0,0
2015-08-14,78,14,,0,0,0,0
2015-08-15,82,14,,0,0,0,0
2015-08-16,84,14,,2,0,0,0
2015-08-17,86,14,,6,0,0,0
2015-08-18,82,14,1,4,0,0,0
2015-08-19,82,14,,1,0,0,0
2015-08-20,82,14,,6,0,0,0
2015-08-21,79,14,1,8,0,0,0
2015-08-22,78,14,1,0,0,0,0
2015-08-23,78,13,,3,0,0,0
2015-08-24,80,13,,3,0,0,0
2015-08-25,82,13,,4,0,0,0
2015-08-26,76,13,,0,0,0,0
2015-08-27,74,13,,1,0,0,0
2015-08-28,72,13,,0,0,0,0
2015-08-29,77,13,,0,0,0,0
2015-08-30,81,13,1,3,0,0,0
2015-08-31,84,13,,1,0,0,0
2015-09-01,83,13,,0,0,0,0
2015-09-02,82,13,1,0,0,0,0
2015-09-03,84,13,1,0,0,0,0
2015-09-04,79,13,1,3,0,0,0
2015-09-05,75,13,,0,0,0,0
2015-09-06,76,13,,0,0,0,0
2015-09-07,81,13,,0,0,0,0
2015-09-08,86,13,,0,0,0,0
2015-09-09,83,13,1,4,0,0,0
2015-09-10,74,13,1,24,1,0,0
2015-09-11,74,13,1,11,1,1,0
2015-09-12,74,13,1,11,1,1,1
2015-09-13,71,13,1,9,0,0,0
2015-09-14,68,13,,0,0,0,0
2015-09-15,73,12,,0,0,0,0
2015-09-16,77,12,,0,0,0,0
2015-09-17,78,12,,0,0,0,0
2015-09-18,78,12,,0,0,0,0
2015-09-19,76,12,1,0,0,0,0
2015-09-20,72,12,,5,0,0,0
2015-09-21,66,12,,2,0,0,0
2015-09-22,66,12,,5,0,0,0
2015-09-23,70,12,,0,0,0,0
2015-09-24,71,12,,0,0,0,0
2015-09-25,70,12,,0,0,0,0
2015-09-26,66,12,,0,0,0,0
2015-09-27,64,12,,5,0,0,0
2015-09-28,72,12,,13,1,0,0
2015-09-29,78,12,1,12,1,1,0
2015-09-30,69,12,1,22,1,1,1
2015-10-01,60,12,1,20,1,1,1
2015-10-02,52,12,1,24,1,1,1
2015-10-03,52,12,1,24,1,1,1
2015-10-04,58,12,,16,1,1,1
2015-10-05,60,12,,7,0,0,0
2015-10-06,62,12,,1,0,0,0
2015-10-07,66,12,,3,0,0,0
2015-10-08,66,11,,3,0,0,0
2015-10-09,70,11,1,13,1,0,0
2015-10-10,58,11,,0,0,0,0
2015-10-11,61,11,,0,0,0,0
2015-10-12,66,11,,0,0,0,0
2015-10-13,66,11,,14,1,0,0
2015-10-14,63,11,,8,0,0,0
2015-10-15,58,11,,0,0,0,0
2015-10-16,58,11,,2,0,0,0
2015-10-17,49,11,,1,0,0,0
2015-10-18,44,11,,0,0,0,0
2015-10-19,44,11,,1,0,0,0
2015-10-20,59,11,,6,0,0,0
2015-10-21,66,11,,0,0,0,0
2015-10-22,66,11,,1,0,0,0
2015-10-23,55,11,1,0,0,0,0
2015-10-24,48,11,,12,1,0,0
2015-10-25,58,11,1,13,1,1,0
2015-10-26,52,11,,0,0,0,0
2015-10-27,52,11,,1,0,0,0
2015-10-28,61,11,1,21,1,0,0
2015-10-29,65,11,1,7,0,0,0
2015-10-30,54,11,,0,0,0,0
2015-10-31,49,10,,0,0,0,0
2015-11-01,60,10,,10,1,0,0
2015-11-02,58,10,,0,0,0,0
2015-11-03,60,10,,0,0,0,0
2015-11-04,63,10,1,0,0,0,0
2015-11-05,64,10,1,21,1,0,0
2015-11-06,70,10,1,17,1,1,0
2015-11-07,62,10,,10,1,1,1
2015-11-08,51,10,,0,0,0,0
2015-11-09,51,10,,0,0,0,0
2015-11-10,54,10,1,22,1,0,0
2015-11-11,54,10,1,24,1,1,0
2015-11-12,56,10,1,21,1,1,1
2015-11-13,52,10,,1,0,0,0
2015-11-14,46,10,,0,0,0,0
2015-11-15,48,10,,0,0,0,0
2015-11-16,59,10,,0,0,0,0
2015-11-17,46,10,,1,0,0,0
2015-11-18,52,10,,19,1,0,0
2015-11-19,60,10,1,23,1,1,0
2015-11-20,55,10,,4,0,0,0
2015-11-21,48,10,,5,0,0,0
2015-11-22,48,10,1,12,1,0,0
2015-11-23,38,10,,0,0,0,0
2015-11-24,39,10,,7,0,0,0
2015-11-25,43,10,,0,0,0,0
2015-11-26,50,10,,0,0,0,0
2015-11-27,58,10,1,0,0,0,0
2015-11-28,54,10,,0,0,0,0
2015-11-29,44,10,,0,0,0,0
2015-11-30,53,10,,6,0,0,0
2015-12-01,48,9,1,24,1,0,0
2015-12-02,52,9,1,23,1,1,0
2015-12-03,50,9,,8,0,0,0
2015-12-04,46,9,,2,0,0,0
2015-12-05,46,9,,0,0,0,0
2015-12-06,46,9,,0,0,0,0
2015-12-07,48,9,,0,0,0,0
2015-12-08,45,9,,8,0,0,0
2015-12-09,48,9,,18,1,0,0
2015-12-10,56,9,,3,0,0,0
2015-12-11,56,9,,0,0,0,0
2015-12-12,60,9,1,7,0,0,0
2015-12-13,61,9,1,5,0,0,0
2015-12-14,60,9,1,22,1,0,0
2015-12-15,60,9,1,12,1,1,0
2015-12-16,50,9,1,13,1,1,1
2015-12-17,54,9,1,24,1,1,1
2015-12-18,48,9,1,17,1,1,1
2015-12-19,38,9,,10,1,1,1
2015-12-20,38,9,,6,0,0,0
2015-12-21,48,9,,6,0,0,0
2015-12-22,58,9,1,19,1,0,0
2015-12-23,58,9,1,17,1,1,0
2015-12-24,68,9,1,12,1,1,1
2015-12-25,62,9,1,15,1,1,1
2015-12-26,53,9,1,23,1,1,1
2015-12-27,54,9,1,23,1,1,1
2015-12-28,40,9,1,8,0,0,0
2015-12-29,40,9,1,22,1,0,0
2015-12-30,43,9,1,22,1,1,0
2015-12-31,45,9,,21,1,1,1
2016-01-01,38,9,,15,1,1,1
2016-01-02,36,9,,6,0,0,0
2016-01-03,40,9,,1,0,0,0
2016-01-04,25,9,,8,0,0,0
2016-01-05,20,9,,0,0,0,0
2016-01-06,33,9,,0,0,0,0
2016-01-07,38,9,,5,0,0,0
2016-01-08,38,9,,10,1,0,0
2016-01-09,44,9,1,22,1,1,0
2016-01-10,50,9,1,18,1,1,1
2016-01-11,33,9,,2,0,0,0
2016-01-12,34,10,,8,0,0,0
2016-01-13,26,10,,2,0,0,0
2016-01-14,30,10,,22,1,0,0
2016-01-15,42,10,,7,0,0,0
2016-01-16,47,10,1,21,1,0,0
2016-01-17,36,10,1,16,1,1,0
2016-01-18,24,10,1,1,0,0,0
2016-01-19,22,10,,2,0,0,0
2016-01-20,32,10,,6,0,0,0
2016-01-21,31,10,,4,0,0,0
2016-01-22,26,10,1,7,0,0,0
2016-01-23,26,10,1,24,1,0,0
2016-01-24,28,10,1,7,0,0,0
2016-01-25,34,10,,5,0,0,0
2016-01-26,43,10,,4,0,0,0
2016-01-27,40,10,1,7,0,0,0
2016-01-28,37,10,,4,0,0,0
2016-01-29,36,10,,10,1,0,0
2016-01-30,34,10,,0,0,0,0
2016-01-31,46,10,,0,0,0,0
2016-02-01,52,10,1,7,0,0,0
2016-02-02,44,10,,0,0,0,0
2016-02-03,50,10,1,19,1,0,0
2016-02-04,52,10,1,21,1,1,0
2016-02-05,38,10,1,14,1,1,1
2016-02-06,35,10,,0,0,0,0
2016-02-07,40,10,,0,0,0,0
2016-02-08,34,10,1,20,1,0,0
2016-02-09,32,10,1,21,1,1,0
2016-02-10,35,10,1,20,1,1,1
2016-02-11,24,11,1,9,0,0,0
2016-02-12,21,11,,10,1,0,0
2016-02-13,14,11,,3,0,0,0
2016-02-14,7,11,,0,0,0,0
2016-02-15,24,11,1,19,1,0,0
2016-02-16,44,11,1,20,1,1,0
2016-02-17,37,11,,16,1,1,1
2016-02-18,32,11,,0,0,0,0
2016-02-19,32,11,,8,0,0,0
2016-02-20,50,11,,7,0,0,0
2016-02-21,50,11,1,10,1,0,0
2016-02-22,45,11,,1,0,0,0
2016-02-23,38,11,1,18,1,0,0
2016-02-24,48,11,1,24,1,1,0
2016-02-25,49,11,1,17,1,1,1
2016-02-26,34,11,,6,0,0,0
2016-02-27,34,11,,0,0,0,0
2016-02-28,49,11,,0,0,0,0
2016-02-29,54,11,1,3,0,0,0
2016-03-01,46,11,,5,0,0,0
2016-03-02,42,11,1,7,0,0,0
2016-03-03,31,11,,6,0,0,0
2016-03-04,34,11,1,15,1,0,0
2016-03-05,34,12,,7,0,0,0
2016-03-06,38,12,,8,0,0,0
2016-03-07,48,12,1,0,0,0,0
2016-03-08,57,12,1,3,0,0,0
2016-03-09,60,12,1,0,0,0,0
2016-03-10,71,12,,8,0,0,0
2016-03-11,58,12,1,8,0,0,0
2016-03-12,50,12,,0,0,0,0
2016-03-13,56,12,1,7,0,0,0
2016-03-14,46,12,1,24,1,0,0
2016-03-15,50,12,1,19,1,1,0
2016-03-16,56,12,1,6,0,0,0
2016-03-17,54,12,,6,0,0,0
2016-03-18,50,12,,5,0,0,0
2016-03-19,41,12,,3,0,0,0
2016-03-20,38,12,1,18,1,0,0
2016-03-21,41,12,1,6,0,0,0
2016-03-22,46,12,,1,0,0,0
2016-03-23,60,12,,0,0,0,0
2016-03-24,50,12,1,11,1,0,0
2016-03-25,58,12,1,16,1,1,0
2016-03-26,46,12,,2,0,0,0
2016-03-27,49,12,,15,1,0,0
2016-03-28,52,13,1,19,1,1,0
2016-03-29,46,13,,1,0,0,0
2016-03-30,46,13,,0,0,0,0
2016-03-31,61,13,,3,0,0,0
2016-04-01,70,13,1,19,1,0,0
2016-04-02,55,13,1,17,1,1,0
2016-04-03,42,13,1,11,1,1,1
2016-04-04,38,13,1,23,1,1,1
2016-04-05,34,13,,6,0,0,0
2016-04-06,39,13,,2,0,0,0
2016-04-07,53,13,1,10,1,0,0
2016-04-08,45,13,,11,1,1,0
2016-04-09,40,13,1,14,1,1,1
2016-04-10,40,13,,4,0,0,0
2016-04-11,54,13,1,16,1,0,0
2016-04-12,52,13,1,10,1,1,0
2016-04-13,49,13,,1,0,0,0
2016-04-14,52,13,1,3,0,0,0
2016-04-15,54,13,,0,0,0,0
2016-04-16,56,13,,0,0,0,0
2016-04-17,60,13,,0,0,0,0
2016-04-18,66,13,,0,0,0,0
2016-04-19,64,14,,1,0,0,0
2016-04-20,59,14,,0,0,0,0
2016-04-21,61,14,,0,0,0,0
2016-04-22,70,14,1,5,0,0,0
2016-04-23,63,14,1,10,1,0,0
2016-04-24,58,14,,0,0,0,0
2016-04-25,60,14,,7,0,0,0
2016-04-26,54,14,1,21,1,0,0
2016-04-27,54,14,,12,1,1,0
2016-04-28,54,14,,8,0,0,0
2016-04-29,52,14,1,24,1,0,0
2016-04-30,56,14,,10,1,1,0
2016-05-01,48,14,1,22,1,1,1
2016-05-02,52,14,1,18,1,1,1
2016-05-03,54,14,1,24,1,1,1
2016-05-04,50,14,1,24,1,1,1
2016-05-05,52,14,1,24,1,1,1
2016-05-06,51,14,1,24,1,1,1
2016-05-07,54,14,1,19,1,1,1
2016-05-08,58,14,1,10,1,1,1
2016-05-09,62,14,,3,0,0,0
2016-05-10,56,14,,1,0,0,0
2016-05-11,63,14,,0,0,0,0
2016-05-12,68,14,,0,0,0,0
2016-05-13,61,14,,0,0,0,0
2016-05-14,64,14,,0,0,0,0
2016-05-15,52,14,,0,0,0,0
2016-05-16,61,15,,0,0,0,0
2016-05-17,58,15,,6,0,0,0
2016-05-18,56,15,,6,0,0,0
2016-05-19,64,15,,14,1,0,0
2016-05-20,64,15,,0,0,0,0
2016-05-21,60,15,1,14,1,0,0
2016-05-22,61,15,1,18,1,1,0
2016-05-23,67,15,1,5,0,0,0
2016-05-24,66,15,1,19,1,0,0
2016-05-25,74,15,,0,0,0,0
2016-05-26,80,15,,0,0,0,0
2016-05-27,80,15,1,1,0,0,0
2016-05-28,82,15,1,2,0,0,0
2016-05-29,78,15,,4,0,0,0
2016-05-30,75,15,1,11,1,0,0
2016-05-31,78,15,1,4,0,0,0
2016-06-01,74,15,,0,0,0,0
2016-06-02,70,15,1,6,0,0,0
2016-06-03,66,15,1,24,1,0,0
2016-06-04,74,15,1,13,1,1,0
2016-06-05,68,15,1,14,1,1,1
2016-06-06,74,15,1,8,0,0,0
2016-06-07,74,15,,3,0,0,0
2016-06-08,60,15,1,10,1,0,0
2016-06-09,62,15,,0,0,0,0
2016-06-10,67,15,,3,0,0,0
2016-06-11,74,15,,0,0,0,0
2016-06-12,72,15,1,0,0,0,0
2016-06-13,66,15,,4,0,0,0
2016-06-14,68,15,,1,0,0,0
2016-06-15,74,15,,1,0,0,0
2016-06-16,70,15,1,20,1,0,0
2016-06-17,70,15,,2,0,0,0
2016-06-18,74,15,,3,0,0,0
2016-06-19,77,15,,2,0,0,0
2016-06-20,74,15,,0,0,0,0
2016-06-21,80,15,1,7,0,0,0
2016-06-22,77,15,,2,0,0,0
2016-06-23,76,15,,10,1,0,0
2016-06-24,76,15,1,2,0,0,0
2016-06-25,75,15,,0,0,0,0
2016-06-26,77,15,,0,0,0,0
2016-06-27,75,15,1,6,0,0,0
2016-06-28,72,15,1,23,1,0,0
2016-06-29,75,15,1,6,0,0,0
2016-06-30,76,15,,0,0,0,0
2016-07-01,72,15,1,10,1,0,0
2016-07-02,70,15,1,0,0,0,0
2016-07-03,71,15,,0,0,0,0
2016-07-04,75,15,1,7,0,0,0
2016-07-05,78,15,1,12,1,0,0
2016-07-06,83,15,,0,0,0,0
2016-07-07,83,15,1,2,0,0,0
2016-07-08,76,15,1,11,1,0,0
2016-07-09,68,15,1,24,1,1,0
2016-07-10,73,15,1,10,1,1,1
2016-07-11,73,15,,0,0,0,0
2016-07-12,75,15,,0,0,0,0
2016-07-13,78,15,,5,0,0,0
2016-07-14,80,15,1,11,1,0,0
2016-07-15,84,15,,1,0,0,0
2016-07-16,82,15,,1,0,0,0
2016-07-17,82,15,,0,0,0,0
2016-07-18,82,15,1,2,0,0,0
2016-07-19,78,15,,7,0,0,0
2016-07-20,76,15,,1,0,0,0
2016-07-21,80,15,,0,0,0,0
2016-07-22,84,15,1,0,0,0,0
2016-07-23,88,15,,3,0,0,0
2016-07-24,84,15,,0,0,0,0
2016-07-25,84,15,1,10,1,0,0
2016-07-26,80,15,,0,0,0,0
2016-07-27,82,14,,1,0,0,0
2016-07-28,86,14,1,5,0,0,0
2016-07-29,77,14,1,12,1,0,0
2016-07-30,78,14,1,16,1,1,0
2016-07-31,74,14,1,24,1,1,1
2016-08-01,74,14,,19,1,1,1
2016-08-02,74,14,,10,1,1,1
2016-08-03,73,14,,2,0,0,0
2016-08-04,74,14,,1,0,0,0
2016-08-05,76,14,,2,0,0,0
2016-08-06,80,14,1,9,0,0,0
2016-08-07,78,14,,0,0,0,0
2016-08-08,78,14,,0,0,0,0
2016-08-09,79,14,,0,0,0,0
2016-08-10,80,14,1,15,1,0,0
2016-08-11,82,14,1,6,0,0,0
2016-08-12,83,14,1,4,0,0,0
2016-08-13,88,14,,3,0,0,0
2016-08-14,86,14,1,1,0,0,0
2016-08-15,84,14,,0,0,0,0
2016-08-16,82,14,1,6,0,0,0
2016-08-17,81,14,,4,0,0,0
2016-08-18,78,14,1,14,1,0,0
2016-08-19,81,14,,5,0,0,0
2016-08-20,76,14,1,4,0,0,0
2016-08-21,80,14,1,11,1,0,0
2016-08-22,72,13,,0,0,0,0
2016-08-23,72,13,,0,0,0,0
2016-08-24,78,13,,0,0,0,0
2016-08-25,78,13,,0,0,0,0
2016-08-26,82,13,,0,0,0,0
2016-08-27,82,13,,0,0,0,0
2016-08-28,80,13,,0,0,0,0
2016-08-29,82,13,,0,0,0,0
2016-08-30,78,13,,3,0,0,0
2016-08-31,82,13,1,2,0,0,0
2016-09-01,74,13,1,19,1,0,0
2016-09-02,74,13,,0,0,0,0
2016-09-03,70,13,,0,0,0,0
2016-09-04,72,13,,0,0,0,0
2016-09-05,74,13,,3,0,0,0
2016-09-06,76,13,1,21,1,0,0
2016-09-07,78,13,,9,0,0,0
2016-09-08,80,13,1,0,0,0,0
2016-09-09,83,13,1,10,1,0,0
2016-09-10,82,13,1,5,0,0,0
2016-09-11,76,13,,7,0,0,0
2016-09-12,70,13,,0,0,0,0
2016-09-13,74,13,,0,0,0,0
2016-09-14,79,12,1,7,0,0,0
2016-09-15,68,12,,5,0,0,0
2016-09-16,67,12,,4,0,0,0
2016-09-17,68,12,,1,0,0,0
2016-09-18,76,12,,8,0,0,0
2016-09-19,72,12,1,18,1,0,0
2016-09-20,75,12,1,8,0,0,0
2016-09-21,76,12,,0,0,0,0
2016-09-22,76,12,,0,0,0,0
2016-09-23,76,12,1,3,0,0,0
2016-09-24,64,12,1,11,1,0,0
2016-09-25,62,12,,0,0,0,0
2016-09-26,64,12,,7,0,0,0
2016-09-27,69,12,1,7,0,0,0
2016-09-28,62,12,1,15,1,0,0
2016-09-29,60,12,1,22,1,1,0
2016-09-30,58,12,1,24,1,1,1
2016-10-01,59,12,1,24,1,1,1
2016-10-02,60,12,1,24,1,1,1
2016-10-03,66,12,1,18,1,1,1
2016-10-04,64,12,,16,1,1,1
2016-10-05,60,12,,0,0,0,0
2016-10-06,64,12,1,0,0,0,0
2016-10-07,66,11,1,0,0,0,0
2016-10-08,63,11,1,13,1,0,0
2016-10-09,58,11,1,17,1,1,0
2016-10-10,56,11,,0,0,0,0
2016-10-11,54,11,,0,0,0,0
2016-10-12,60,11,,3,0,0,0
2016-10-13,60,11,1,4,0,0,0
2016-10-14,54,11,,0,0,0,0
2016-10-15,55,11,,0,0,0,0
2016-10-16,61,11,,5,0,0,0
2016-10-17,72,11,1,5,0,0,0
2016-10-18,74,11,1,0,0,0,0
2016-10-19,75,11,,2,0,0,0
2016-10-20,66,11,1,14,1,0,0
2016-10-21,63,11,1,17,1,1,0
2016-10-22,52,11,1,22,1,1,1
2016-10-23,53,11,,1,0,0,0
2016-10-24,54,11,,4,0,0,0
2016-10-25,48,11,,7,0,0,0
2016-10-26,44,11,,1,0,0,0
2016-10-27,48,11,1,24,1,0,0
2016-10-28,46,11,1,7,0,0,0
2016-10-29,52,11,,2,0,0,0
2016-10-30,65,10,1,16,1,0,0
2016-10-31,49,10,,3,0,0,0
2016-11-01,49,10,,4,0,0,0
2016-11-02,62,10,,2,0,0,0
2016-11-03,64,10,1,4,0,0,0
2016-11-04,54,10,,0,0,0,0
2016-11-05,53,10,,0,0,0,0
2016-11-06,52,10,,0,0,0,0
2016-11-07,47,10,,0,0,0,0
2016-11-08,54,10,,0,0,0,0
2016-11-09,54,10,1,18,1,0,0
2016-11-10,48,10,,2,0,0,0
2016-11-11,52,10,1,0,0,0,0
2016-11-12,44,10,,0,0,0,0
2016-11-13,51,10,,0,0,0,0
2016-11-14,54,10,,4,0,0,0
2016-11-15,52,10,1,24,1,0,0
2016-11-16,53,10,,1,0,0,0
2016-11-17,55,10,,1,0,0,0
2016-11-18,54,10,,0,0,0,0
2016-11-19,50,10,1,6,0,0,0
2016-11-20,38,10,1,24,1,0,0
2016-11-21,38,10,,17,1,1,0
2016-11-22,39,10,,10,1,1,1
2016-11-23,40,10,,2,0,0,0
2016-11-24,43,10,,21,1,0,0
2016-11-25,50,10,1,22,1,1,0
2016-11-26,46,10,1,8,0,0,0
2016-11-27,44,10,,2,0,0,0
2016-11-28,45,10,,1,0,0,0
2016-11-29,56,10,1,21,1,0,0
2016-11-30,54,9,1,15,1,1,0
2016-12-01,48,9,1,12,1,1,1
2016-12-02,46,9,,5,0,0,0
2016-12-03,44,9,,8,0,0,0
2016-12-04,43,9,,5,0,0,0
2016-12-05,44,9,1,11,1,0,0
2016-12-06,42,9,1,10,1,1,0
2016-12-07,43,9,1,17,1,1,1
2016-12-08,40,9,,1,0,0,0
2016-12-09,36,9,,2,0,0,0
2016-12-10,32,9,,3,0,0,0
2016-12-11,32,9,1,16,1,0,0
2016-12-12,40,9,1,15,1,1,0
2016-12-13,39,9,,4,0,0,0
2016-12-14,38,9,,7,0,0,0
2016-12-15,26,9,1,4,0,0,0
2016-12-16,22,9,,6,0,0,0
2016-12-17,32,9,1,22,1,0,0
2016-12-18,44,9,1,17,1,1,0
2016-12-19,27,9,,0,0,0,0
2016-12-20,26,9,,0,0,0,0
2016-12-21,35,9,,1,0,0,0
2016-12-22,43,9,,10,1,0,0
2016-12-23,42,9,,0,0,0,0
2016-12-24,42,9,1,13,1,0,0
2016-12-25,43,9,,0,0,0,0
2016-12-26,42,9,1,19,1,0,0
2016-12-27,50,9,,12,1,1,0
2016-12-28,37,9,,12,1,1,1
2016-12-29,40,9,1,11,1,1,1
2016-12-30,36,9,1,6,0,0,0
2016-12-31,38,9,,11,1,0,0
2017-01-01,44,9,,3,0,0,0
2017-01-02,39,9,1,18,1,0,0
2017-01-03,41,9,1,24,1,1,0
2017-01-04,43,9,1,12,1,1,1
2017-01-05,30,9,,6,0,0,0
2017-01-06,29,9,1,11,1,0,0
2017-01-07,23,9,1,20,1,1,0
2017-01-08,20,9,,3,0,0,0
2017-01-09,18,9,,6,0,0,0
2017-01-10,34,9,,12,1,0,0
2017-01-11,47,9,1,11,1,1,0
2017-01-12,56,10,1,14,1,1,1
2017-01-13,47,10,,1,0,0,0
2017-01-14,31,10,1,12,1,0,0
2017-01-15,34,10,,2,0,0,0
2017-01-16,36,10,,5,0,0,0
2017-01-17,40,10,1,21,1,0,0
2017-01-18,40,10,1,24,1,1,0
2017-01-19,44,10,,13,1,1,1
2017-01-20,42,10,1,22,1,1,1
2017-01-21,45,10,1,18,1,1,1
2017-01-22,46,10,1,23,1,1,1
2017-01-23,40,10,1,24,1,1,1
2017-01-24,36,10,1,24,1,1,1
2017-01-25,44,10,,6,0,0,0
2017-01-26,50,10,1,15,1,0,0
2017-01-27,40,10,,16,1,1,0
2017-01-28,36,10,,22,1,1,1
2017-01-29,39,10,,6,0,0,0
2017-01-30,34,10,,11,1,0,0
2017-01-31,30,10,1,16,1,1,0
2017-02-01,40,10,,11,1,1,1
2017-02-02,39,10,,6,0,0,0
2017-02-03,30,10,,5,0,0,0
2017-02-04,28,10,,0,0,0,0
2017-02-05,37,10,,13,1,0,0
2017-02-06,42,10,,3,0,0,0
2017-02-07,39,10,1,20,1,0,0
2017-02-08,50,10,1,7,0,0,0
2017-02-09,32,10,1,12,1,0,0
2017-02-10,26,10,1,6,0,0,0
2017-02-11,39,11,,10,1,0,0
2017-02-12,35,11,1,19,1,1,0
2017-02-13,35,11,1,14,1,1,1
2017-02-14,34,11,,0,0,0,0
2017-02-15,41,11,,8,0,0,0
2017-02-16,32,11,,6,0,0,0
2017-02-17,34,11,,0,0,0,0
2017-02-18,49,11,,0,0,0,0
2017-02-19,59,11,,3,0,0,0
2017-02-20,47,11,,0,0,0,0
2017-02-21,40,11,,0,0,0,0
2017-02-22,50,11,,8,0,0,0
2017-02-23,54,11,1,4,0,0,0
2017-02-24,64,11,,1,0,0,0
2017-02-25,54,11,1,12,1,0,0
2017-02-26,40,11,,7,0,0,0
2017-02-27,44,11,,5,0,0,0
2017-02-28,53,11,,16,1,0,0
2017-03-01,62,11,1,15,1,1,0
2017-03-02,50,11,,3,0,0,0
2017-03-03,32,11,,2,0,0,0
2017-03-04,24,11,,5,0,0,0
2017-03-05,26,11,,0,0,0,0
2017-03-06,36,12,,10,1,0,0
2017-03-07,49,12,1,19,1,1,0
2017-03-08,53,12,1,11,1,1,1
2017-03-09,54,12,,7,0,0,0
2017-03-10,35,12,1,14,1,0,0
2017-03-11,23,12,,9,0,0,0
2017-03-12,24,12,,0,0,0,0
2017-03-13,28,12,,5,0,0,0
2017-03-14,26,12,1,20,1,0,0
2017-03-15,23,12,,15,1,1,0
2017-03-16,32,12,,0,0,0,0
2017-03-17,38,12,,0,0,0,0
2017-03-18,36,12,1,19,1,0,0
2017-03-19,40,12,,5,0,0,0
2017-03-20,42,12,,7,0,0,0
2017-03-21,50,12,,11,1,0,0
2017-03-22,37,12,,0,0,0,0
2017-03-23,32,12,,0,0,0,0
2017-03-24,46,12,,11,1,0,0
2017-03-25,52,12,,12,1,1,0
2017-03-26,40,12,1,24,1,1,1
2017-03-27,45,12,1,20,1,1,1
2017-03-28,44,12,1,24,1,1,1
2017-03-29,51,13,,9,0,0,0
2017-03-30,45,13,1,10,1,0,0
2017-03-31,40,13,1,24,1,1,0
2017-04-01,42,13,1,22,1,1,1
2017-04-02,52,13,,1,0,0,0
2017-04-03,56,13,1,7,0,0,0
2017-04-04,48,13,1,24,1,0,0
2017-04-05,55,13,1,15,1,1,0
2017-04-06,46,13,1,18,1,1,1
2017-04-07,46,13,,19,1,1,1
2017-04-08,48,13,,4,0,0,0
2017-04-09,56,13,,0,0,0,0
2017-04-10,64,13,,0,0,0,0
2017-04-11,70,13,,0,0,0,0
2017-04-12,67,13,1,4,0,0,0
2017-04-13,56,13,,1,0,0,0
2017-04-14,57,13,,5,0,0,0
2017-04-15,58,13,,9,0,0,0
2017-04-16,73,13,1,6,0,0,0
2017-04-17,66,13,,3,0,0,0
2017-04-18,57,13,,0,0,0,0
2017-04-19,50,13,1,13,1,0,0
2017-04-20,58,14,1,19,1,1,0
2017-04-21,50,14,1,24,1,1,1
2017-04-22,53,14,1,23,1,1,1
2017-04-23,56,14,,0,0,0,0
2017-04-24,54,14,,12,1,0,0
2017-04-25,52,14,1,24,1,1,0
2017-04-26,56,14,1,24,1,1,1
2017-04-27,64,14,1,22,1,1,1
2017-04-28,72,14,1,9,0,0,0
2017-04-29,74,14,1,7,0,0,0
2017-04-30,60,14,,19,1,0,0
2017-05-01,62,14,1,13,1,1,0
2017-05-02,69,14,,11,1,1,1
2017-05-03,58,14,,6,0,0,0
2017-05-04,56,14,,1,0,0,0
2017-05-05,55,14,1,24,1,0,0
2017-05-06,60,14,1,17,1,1,0
2017-05-07,52,14,1,20,1,1,1
2017-05-08,50,14,,8,0,0,0
2017-05-09,55,14,,4,0,0,0
2017-05-10,56,14,,7,0,0,0
2017-05-11,56,14,,1,0,0,0
2017-05-12,56,14,,4,0,0,0
2017-05-13,49,14,1,24,1,0,0
2017-05-14,56,14,1,11,1,1,0
2017-05-15,60,14,,5,0,0,0
2017-05-16,68,14,,1,0,0,0
2017-05-17,78,15,,0,0,0,0
2017-05-18,84,15,,2,0,0,0
2017-05-19,78,15,,0,0,0,0
2017-05-20,60,15,1,12,1,0,0
2017-05-21,60,15,,5,0,0,0
2017-05-22,57,15,1,24,1,0,0
2017-05-23,62,15,1,3,0,0,0
2017-05-24,62,15,1,15,1,0,0
2017-05-25,58,15,1,24,1,1,0
2017-05-26,64,15,1,15,1,1,1
2017-05-27,65,15,,12,1,1,1
2017-05-28,64,15,1,11,1,1,1
2017-05-29,58,15,1,24,1,1,1
2017-05-30,58,15,1,24,1,1,1
2017-05-31,66,15,1,11,1,1,1
2017-06-01,69,15,,3,0,0,0
2017-06-02,66,15,,4,0,0,0
2017-06-03,64,15,1,2,0,0,0
2017-06-04,63,15,1,11,1,0,0
2017-06-05,62,15,1,19,1,1,0
2017-06-06,55,15,1,23,1,1,1
2017-06-07,59,15,,14,1,1,1
2017-06-08,62,15,,0,0,0,0
2017-06-09,66,15,,2,0,0,0
2017-06-10,76,15,,1,0,0,0
2017-06-11,81,15,,0,0,0,0
2017-06-12,84,15,,0,0,0,0
2017-06-13,86,15,,2,0,0,0
2017-06-14,76,15,1,6,0,0,0
2017-06-15,70,15,,1,0,0,0
2017-06-16,66,15,1,19,1,0,0
2017-06-17,70,15,1,24,1,1,0
2017-06-18,78,15,1,9,0,0,0
2017-06-19,79,15,1,9,0,0,0
2017-06-20,77,15,1,5,0,0,0
2017-06-21,77,15,,5,0,0,0
2017-06-22,76,15,,0,0,0,0
2017-06-23,80,15,1,6,0,0,0
2017-06-24,78,15,1,7,0,0,0
2017-06-25,76,15,,14,1,0,0
2017-06-26,72,15,,3,0,0,0
2017-06-27,68,15,1,8,0,0,0
2017-06-28,70,15,,0,0,0,0
2017-06-29,75,15,,0,0,0,0
2017-06-30,80,15,,7,0,0,0
2017-07-01,78,15,1,6,0,0,0
2017-07-02,80,15,1,3,0,0,0
2017-07-03,80,15,1,3,0,0,0
2017-07-04,78,15,1,7,0,0,0
2017-07-05,78,15,,3,0,0,0
2017-07-06,74,15,,11,1,0,0
2017-07-07,74,15,1,17,1,1,0
2017-07-08,76,15,1,4,0,0,0
2017-07-09,74,15,,1,0,0,0
2017-07-10,76,15,1,5,0,0,0
2017-07-11,80,15,,7,0,0,0
2017-07-12,82,15,,4,0,0,0
2017-07-13,82,15,1,8,0,0,0
2017-07-14,69,15,1,24,1,0,0
2017-07-15,76,15,1,10,1,1,0
2017-07-16,78,15,,1,0,0,0
2017-07-17,79,15,,0,0,0,0
2017-07-18,80,15,,0,0,0,0
2017-07-19,84,15,,0,0,0,0
2017-07-20,86,15,1,2,0,0,0
2017-07-21,84,15,,5,0,0,0
2017-07-22,82,15,1,8,0,0,0
2017-07-23,75,15,1,22,1,0,0
2017-07-24,68,15,1,23,1,1,0
2017-07-25,66,15,,24,1,1,1
2017-07-26,71,15,,7,0,0,0
2017-07-27,72,15,1,10,1,0,0
2017-07-28,78,14,1,3,0,0,0
2017-07-29,72,14,,8,0,0,0
2017-07-30,73,14,,0,0,0,0
2017-07-31,77,14,,1,0,0,0
2017-08-01,82,14,,0,0,0,0
2017-08-02,78,14,1,5,0,0,0
2017-08-03,78,14,1,3,0,0,0
2017-08-04,76,14,1,3,0,0,0
2017-08-05,74,14,1,11,1,0,0
2017-08-06,70,14,,0,0,0,0
2017-08-07,68,14,1,21,1,0,0
2017-08-08,72,14,1,9,0,0,0
2017-08-09,74,14,,0,0,0,0
2017-08-10,76,14,,2,0,0,0
2017-08-11,76,14,1,7,0,0,0
2017-08-12,70,14,1,17,1,0,0
2017-08-13,77,14,,2,0,0,0
2017-08-14,75,14,,1,0,0,0
2017-08-15,71,14,1,21,1,0,0
2017-08-16,78,14,1,2,0,0,0
2017-08-17,76,14,1,4,0,0,0
2017-08-18,78,14,1,14,1,0,0
2017-08-19,80,14,1,3,0,0,0
2017-08-20,75,14,,0,0,0,0
2017-08-21,79,14,,1,0,0,0
2017-08-22,80,14,1,4,0,0,0
2017-08-23,76,13,1,6,0,0,0
2017-08-24,72,13,,0,0,0,0
2017-08-25,70,13,,4,0,0,0
2017-08-26,70,13,,0,0,0,0
2017-08-27,70,13,,0,0,0,0
2017-08-28,70,13,1,0,0,0,0
2017-08-29,64,13,1,15,1,0,0
2017-08-30,69,13,,6,0,0,0
2017-08-31,72,13,,6,0,0,0
2017-09-01,63,13,,0,0,0,0
2017-09-02,61,13,1,8,0,0,0
2017-09-03,64,13,1,17,1,0,0
2017-09-04,70,13,,0,0,0,0
2017-09-05,77,13,,1,0,0,0
2017-09-06,66,13,1,20,1,0,0
2017-09-07,65,13,1,6,0,0,0
2017-09-08,64,13,,3,0,0,0
2017-09-09,62,13,,1,0,0,0
2017-09-10,64,13,,0,0,0,0
2017-09-11,66,13,,0,0,0,0
2017-09-12,68,13,,0,0,0,0
2017-09-13,74,13,1,10,1,0,0
2017-09-14,76,13,1,15,1,1,0
2017-09-15,74,12,,5,0,0,0
2017-09-16,76,12,1,4,0,0,0
2017-09-17,74,12,1,10,1,0,0
2017-09-18,70,12,1,21,1,1,0
2017-09-19,74,12,1,23,1,1,1
2017-09-20,75,12,,7,0,0,0
2017-09-21,76,12,,0,0,0,0
2017-09-22,74,12,,0,0,0,0
2017-09-23,78,12,,1,0,0,0
2017-09-24,80,12,,0,0,0,0
2017-09-25,79,12,,0,0,0,0
2017-09-26,76,12,1,5,0,0,0
2017-09-27,78,12,,3,0,0,0
2017-09-28,69,12,,6,0,0,0
2017-09-29,62,12,,4,0,0,0
2017-09-30,60,12,,14,1,0,0
2017-10-01,59,12,,2,0,0,0
2017-10-02,62,12,,0,0,0,0
2017-10-03,64,12,,0,0,0,0
2017-10-04,66,12,,1,0,0,0
2017-10-05,74,12,1,12,1,0,0
2017-10-06,75,12,,1,0,0,0
2017-10-07,74,12,1,4,0,0,0
2017-10-08,74,11,1,16,1,0,0
2017-10-09,74,11,1,21,1,1,0
2017-10-10,74,11,,1,0,0,0
2017-10-11,69,11,1,9,0,0,0
2017-10-12,60,11,1,11,1,0,0
2017-10-13,60,11,1,19,1,1,0
2017-10-14,66,11,1,22,1,1,1
2017-10-15,70,11,1,23,1,1,1
2017-10-16,58,11,1,5,0,0,0
2017-10-17,50,11,,0,0,0,0
2017-10-18,61,11,1,0,0,0,0
2017-10-19,64,11,,0,0,0,0
2017-10-20,65,11,,0,0,0,0
2017-10-21,67,11,,0,0,0,0
2017-10-22,66,11,1,0,0,0,0
2017-10-23,68,11,,12,1,0,0
2017-10-24,70,11,1,24,1,1,0
2017-10-25,62,11,1,8,0,0,0
2017-10-26,54,11,,14,1,0,0
2017-10-27,54,11,1,0,0,0,0
2017-10-28,62,11,,2,0,0,0
2017-10-29,64,11,1,24,1,0,0
2017-10-30,54,11,1,10,1,1,0
2017-10-31,51,10,,1,0,0,0
2017-11-01,51,10,,15,1,0,0
2017-11-02,65,10,1,6,0,0,0
2017-11-03,62,10,,2,0,0,0
2017-11-04,51,10,,3,0,0,0
2017-11-05,56,10,1,20,1,0,0
2017-11-06,56,10,1,16,1,1,0
2017-11-07,44,10,1,14,1,1,1
2017-11-08,44,10,,17,1,1,1
2017-11-09,47,10,1,11,1,1,1
2017-11-10,38,10,,2,0,0,0
2017-11-11,31,10,,0,0,0,0
2017-11-12,39,10,,0,0,0,0
2017-11-13,43,10,1,13,1,0,0
2017-11-14,42,10,,12,1,1,0
2017-11-15,44,10,,13,1,1,1
2017-11-16,50,10,1,13,1,1,1
2017-11-17,42,10,,1,0,0,0
2017-11-18,,10,1,8,0,0,0
2017-11-19,,10,,2,0,0,0
